asset_id,asset_type,lat,lon,name,source
osm_node_835974331,power_substation,46.9992855,-67.6098617,,osm
osm_node_870093815,power_substation,45.6558585,-67.1329224,,osm
osm_node_872066631,power_substation,45.89155,-67.4576832,,osm
osm_node_878162061,power_substation,46.0923151,-67.2207887,,osm
osm_node_1199200138,power_substation,46.9170349,-71.0553065,,osm
osm_node_1199238114,power_substation,46.9261024,-71.0639146,,osm
osm_node_1199283038,power_substation,46.9167973,-71.0556808,,osm
osm_node_1199354683,power_substation,46.9173266,-71.0550153,,osm
osm_node_1638094603,power_substation,46.4474012,-67.6133033,,osm
osm_node_1638464411,power_substation,46.312476,-67.5352254,,osm
osm_node_1642495706,power_substation,46.5456126,-67.2207869,,osm
osm_node_2219439100,power_substation,44.9475448,-66.971315,,osm
osm_node_7367556920,power_substation,44.0135165,-70.9718339,,osm
osm_node_12641214584,power_substation,44.8524514,-69.9076361,,osm
osm_way_28338849,power_substation,43.1362005,-70.9365454,UNH 1 & UNH 2 Substation,osm
osm_way_66781557,power_substation,47.0615821,-67.7585914,,osm
osm_way_66782544,power_substation,47.1732169,-67.9093956,Saint-Léonard Substation,osm
osm_way_66785775,power_substation,47.0432404,-67.7366196,,osm
osm_way_66785781,power_substation,47.0503657,-67.7157747,,osm
osm_way_66785783,power_substation,47.0357993,-67.7409615,,osm
osm_way_69961657,power_substation,46.950679,-67.7091303,,osm
osm_way_77025816,power_substation,45.187328,-67.3126196,Arauco,osm
osm_way_77048523,power_substation,45.8339852,-71.0755621,Poste Lambton,osm
osm_way_77049347,power_substation,45.1573736,-67.1325705,,osm
osm_way_81632528,power_substation,43.0088705,-70.8867841,Great Bay Substation,osm
osm_way_81855154,power_substation,43.1602781,-70.9312965,Madbury Substation,osm
osm_way_81936793,power_substation,43.0426832,-70.8150573,Ocean Road Substation,osm
osm_way_81936800,power_substation,43.0422611,-70.8132274,Ocean Road Substation,osm
osm_way_82004992,power_substation,43.931889,-70.2033148,Surowiec Substation,osm
osm_way_82045169,power_substation,43.1106705,-70.9404373,,osm
osm_way_83055889,power_substation,43.1429971,-70.9478196,,osm
osm_way_83128194,power_substation,43.129098,-70.9380161,,osm
osm_way_83276714,power_substation,43.0285881,-71.0733001,,osm
osm_way_84675189,power_substation,43.0970434,-70.7984285,,osm
osm_way_84790909,power_substation,43.0981229,-70.7924085,Newington 345kV Substation,osm
osm_way_88556810,power_substation,43.0929108,-70.778677,Resistance Substation,osm
osm_way_95920822,power_substation,43.0837469,-70.7406688,,osm
osm_way_98797444,power_substation,45.9656607,-70.9306538,Poste St-Évariste,osm
osm_way_99313688,power_substation,47.4604216,-69.1608746,Poste de Sully,osm
osm_way_99968103,power_substation,46.2245977,-70.7953566,Poste de Beauceville,osm
osm_way_99973038,power_substation,46.208972,-70.7698399,Poste de Beauceville-Est,osm
osm_way_100578784,power_substation,46.4050115,-70.5219915,Poste de Sainte-Germaine,osm
osm_way_100581577,power_substation,46.3141913,-70.8668718,Poste de Saint-Joseph,osm
osm_way_100582397,power_substation,46.44355,-70.9950391,Poste de Sainte-Marie,osm
osm_way_104074122,power_substation,46.6465463,-70.796992,Poste de St-Lazare,osm
osm_way_104075787,power_substation,46.5982619,-70.9193914,Poste Sainte-Claire,osm
osm_way_104320770,power_substation,46.9634461,-70.5265955,Poste de Montmagny,osm
osm_way_104325094,power_substation,46.9715926,-70.5689746,Poste Taché,osm
osm_way_104416814,power_substation,46.5654016,-70.0930393,Poste de Daaquam,osm
osm_way_104578521,power_substation,47.0345964,-70.904142,Poste de Sainte-Anne-de-Beaupré,osm
osm_way_104714020,power_substation,47.0892264,-70.3601879,Poste de L'Islet,osm
osm_way_114913874,power_substation,43.1981854,-70.8634792,Dover Substation,osm
osm_way_114914024,power_substation,43.1978333,-70.864181,,osm
osm_way_116291773,power_substation,45.2435851,-67.1955244,Oak Bay,osm
osm_way_116403720,power_substation,45.08611,-67.0662493,,osm
osm_way_130000598,power_substation,44.1512623,-70.2085676,Gulf Island Substation,osm
osm_way_130810372,power_substation,44.0602389,-69.5271707,,osm
osm_way_131157449,power_substation,45.6329452,-68.6057112,,osm
osm_way_131359903,power_substation,44.9590388,-69.8710615,Williams Hydro Substation,osm
osm_way_131558870,power_substation,44.1348845,-70.2043775,,osm
osm_way_132595742,power_substation,45.4835913,-67.9936457,Stetson Substation,osm
osm_way_133338788,power_substation,45.4040898,-68.364734,Rollins Substation,osm
osm_way_133434241,power_substation,43.6873234,-70.6108978,,osm
osm_way_133801192,power_substation,44.7635612,-69.7210342,,osm
osm_way_133803427,power_substation,44.6289392,-69.5842619,,osm
osm_way_134311758,power_substation,44.5372832,-70.5446029,Rumford Substation,osm
osm_way_134606011,power_substation,43.8529689,-70.7951208,,osm
osm_way_136598751,power_substation,47.3875001,-68.338389,Edmundston East Substation,osm
osm_way_136694709,power_substation,44.7867449,-69.8988738,,osm
osm_way_136694712,power_substation,44.7968172,-69.8867115,Madison Substation,osm
osm_way_136694713,power_substation,44.7888809,-69.887703,Madison Substation,osm
osm_way_141341446,power_substation,44.3294133,-69.7462314,Augusta East Side Substation,osm
osm_way_141341454,power_substation,44.2544214,-69.8034921,Bowman Street Substation,osm
osm_way_141341458,power_substation,44.3636034,-69.7975435,North Augusta Substation,osm
osm_way_141341463,power_substation,44.3313993,-69.8541349,Puddledock Road Substation,osm
osm_way_141373700,power_substation,44.2528636,-69.7750298,Browns Crossing Substation,osm
osm_way_141373736,power_substation,44.7401486,-68.7540223,Orrington Substation,osm
osm_way_142377593,power_substation,45.3974221,-68.5292826,Keene Road 345kV Substation,osm
osm_way_142380352,power_substation,45.3974389,-68.5258138,Chester Static VAR Compensator,osm
osm_way_142394413,power_substation,43.663274,-70.5532045,Buxton Substation,osm
osm_way_142394414,power_substation,43.6443144,-70.4324021,South Gorham Substation,osm
osm_way_142715660,power_substation,43.903194,-69.8348334,Bath Substation,osm
osm_way_142715700,power_substation,43.786702,-70.1992308,Elm Street Substation,osm
osm_way_142715706,power_substation,43.6841449,-70.3998123,Moshers Substation,osm
osm_way_142715739,power_substation,43.7511795,-70.1554101,Yarmouth Substation,osm
osm_way_142717161,power_substation,43.7102213,-70.338814,Prides Corner Substation,osm
osm_way_142717879,power_substation,43.9911676,-69.6716714,Mason Substation,osm
osm_way_142732870,power_substation,44.1364943,-69.2042464,Highland Substation,osm
osm_way_142732871,power_substation,44.0827075,-69.558014,Newcastle Substation,osm
osm_way_142750723,power_substation,43.9441571,-70.4947087,Raymond Substation,osm
osm_way_142752400,power_substation,43.9536031,-69.6954559,Maine Yankee 345kV Substation,osm
osm_way_142752409,power_substation,43.940067,-69.9708485,Topsham Substation,osm
osm_way_142764070,power_substation,44.0594901,-70.1550812,Crowleys Substation,osm
osm_way_143617179,power_substation,44.8991781,-68.6735367,,osm
osm_way_143619590,power_substation,44.900518,-68.6600335,University of Maine Substation,osm
osm_way_147637604,power_substation,44.0681203,-70.266959,Hotel Road Substation,osm
osm_way_147637608,power_substation,44.1517868,-70.6336476,Kimball Road Substation,osm
osm_way_147637609,power_substation,44.0869018,-70.2116405,Lewiston Lower Substation,osm
osm_way_147637639,power_substation,44.2072812,-70.5280796,Norway Substation,osm
osm_way_147646738,power_substation,43.6516148,-70.3602388,Spring Street Substation,osm
osm_way_147646741,power_substation,43.6568152,-70.3761191,Westbrook Substation,osm
osm_way_147668607,power_substation,43.6543845,-70.2925422,Sewall Substation,osm
osm_way_147731754,power_substation,43.4678566,-70.4928971,Biddeford IP Substation,osm
osm_way_147731755,power_substation,43.4186598,-70.6068506,West Kennebunk Substation,osm
osm_way_147731760,power_substation,43.3968088,-70.6172819,Maguire Road Substation,osm
osm_way_147731761,power_substation,43.1682777,-70.8208495,Three Rivers Substation,osm
osm_way_147731762,power_substation,43.5291709,-70.5032872,Louden Substation,osm
osm_way_147731765,power_substation,43.3655882,-70.558398,Branch Brook Substation,osm
osm_way_147731766,power_substation,43.2882106,-70.7427447,Quaker Hill Substation,osm
osm_way_150720281,power_substation,46.4397263,-67.6561349,,osm
osm_way_151674554,power_substation,46.7797626,-67.694958,,osm
osm_way_151674562,power_substation,46.8093983,-67.7674791,,osm
osm_way_151963295,power_substation,45.7320613,-68.8386183,,osm
osm_way_160552987,power_substation,45.0709706,-69.9029553,Wyman Hydro Substation,osm
osm_way_162931977,power_substation,44.538395,-69.6240831,,osm
osm_way_162931978,power_substation,44.5695495,-69.6032598,Winslow Substation,osm
osm_way_162931979,power_substation,44.5399369,-69.6258893,,osm
osm_way_162931980,power_substation,44.5744713,-69.5833599,Heywood Substation,osm
osm_way_162931981,power_substation,44.5237615,-69.6690058,,osm
osm_way_162932160,power_substation,44.5488216,-69.7106281,UNKNOWN133029,osm
osm_way_162932161,power_substation,44.5682997,-69.6851141,UNKNOWN133030,osm
osm_way_163763150,power_substation,44.9620769,-70.6382421,,osm
osm_way_164187904,power_substation,44.8241386,-68.7054324,Graham Substation,osm
osm_way_164194313,power_substation,44.57709,-68.4539798,Boggy Brook Substation,osm
osm_way_164246381,power_substation,44.5701119,-68.4587063,Ellsworth Substation,osm
osm_way_164246382,power_substation,45.2457529,-68.6017538,Enfield Tap,osm
osm_way_167613839,power_substation,44.8359167,-69.476407,Hartland Substation,osm
osm_way_167655530,power_substation,44.4569988,-69.039091,Belfast Substation,osm
osm_way_167655538,power_substation,44.0833317,-69.1578349,Dragon Cement Substation,osm
osm_way_167655551,power_substation,44.3071218,-69.1141317,Lincolnville Substation,osm
osm_way_167655554,power_substation,44.1754523,-69.1212789,Meadow Road Substation,osm
osm_way_167655564,power_substation,44.1022141,-69.1226304,Park Street Substation,osm
osm_way_167678712,power_substation,45.1602224,-69.3891862,Guilford Substation,osm
osm_way_167678714,power_substation,44.4297065,-69.0208579,,osm
osm_way_167686244,power_substation,44.4779153,-70.1716151,Livermore Falls Substation,osm
osm_way_167952482,power_substation,44.3219163,-69.7753471,,osm
osm_way_167959197,power_substation,44.2818704,-69.7553012,,osm
osm_way_167959202,power_substation,44.3230836,-69.8671943,,osm
osm_way_167998574,power_substation,44.366575,-69.7121102,,osm
osm_way_167998575,power_substation,44.4526529,-69.7151648,Central Maine Power,osm
osm_way_167998576,power_substation,44.4366913,-69.6406174,,osm
osm_way_168012266,power_substation,44.6754869,-67.5462437,Washington County Substation,osm
osm_way_168012274,power_substation,44.8225001,-68.7086606,Graham 46kV Substation,osm
osm_way_168012291,power_substation,44.82961,-68.7430443,,osm
osm_way_168012301,power_substation,44.8625352,-68.807434,,osm
osm_way_168012304,power_substation,44.8229341,-68.7058239,Graham Substation,osm
osm_way_168026370,power_substation,44.8209126,-68.7748584,,osm
osm_way_168026375,power_substation,44.7907836,-68.8487494,,osm
osm_way_168279626,power_substation,44.7794973,-68.7438117,,osm
osm_way_168279627,power_substation,44.7762288,-68.7769689,,osm
osm_way_168292435,power_substation,45.394825,-68.5295096,Keene Road 115kV Substation,osm
osm_way_168292437,power_substation,45.6180098,-68.5784832,Powersville Road Substation,osm
osm_way_168737630,power_substation,44.773877,-68.7891772,,osm
osm_way_175906960,power_substation,43.1882015,-70.9271015,,osm
osm_way_181750245,power_substation,43.28337,-70.920522,,osm
osm_way_191437318,power_substation,47.0574565,-70.9230162,Poste de Beaupré,osm
osm_way_192559414,power_substation,45.6326829,-68.6056408,,osm
osm_way_196439903,power_substation,43.3079491,-70.9978527,Rochester Substation,osm
osm_way_204673490,power_substation,44.5075272,-70.24815,Riley Substation,osm
osm_way_204673493,power_substation,44.5316392,-70.5230375,Rumford Industrial Park Substation,osm
osm_way_204673495,power_substation,44.3893923,-70.629345,Woodstock Substation,osm
osm_way_220626781,power_substation,43.3115076,-70.961341,,osm
osm_way_238220158,power_substation,43.3637704,-70.4672698,,osm
osm_way_238563716,power_substation,43.2393397,-70.6019958,,osm
osm_way_238563717,power_substation,43.4069535,-70.7110011,,osm
osm_way_238563718,power_substation,43.1485506,-70.6791609,,osm
osm_way_238563720,power_substation,43.4076228,-70.7111854,,osm
osm_way_238563721,power_substation,43.4291012,-70.7346586,Sanford Substation,osm
osm_way_238567339,power_substation,43.9720818,-70.7944547,,osm
osm_way_238567340,power_substation,45.1016274,-70.3536645,Bigelow Substation,osm
osm_way_238567344,power_substation,43.6211055,-70.3300951,Mussey Road Substation,osm
osm_way_238567347,power_substation,43.6659063,-70.5965543,West Buxton Substation,osm
osm_way_238567348,power_substation,43.6312055,-70.3394042,Red Brook Substation,osm
osm_way_238567349,power_substation,45.3553628,-70.5415342,Kibby Wind Farm Substation,osm
osm_way_238567350,power_substation,43.5983384,-70.2940104,Pleasant Hill Substation,osm
osm_way_238567352,power_substation,44.6550207,-70.1275086,Sturtevant Substation,osm
osm_way_238568508,power_substation,43.4948437,-70.447652,,osm
osm_way_245734264,power_substation,46.1474425,-70.6733171,Poste de Saint-Georges,osm
osm_way_251936313,power_substation,47.2785183,-68.3750496,,osm
osm_way_251936352,power_substation,47.2343902,-68.574484,,osm
osm_way_275609614,power_substation,44.5542797,-69.6226149,,osm
osm_way_299475491,power_substation,45.621746,-68.5661509,,osm
osm_way_301152338,power_substation,43.0948952,-70.7872143,Portsmouth Substation,osm
osm_way_302252804,power_substation,45.5874727,-70.8941985,Poste Mégantic,osm
osm_way_302533416,power_substation,45.2903283,-69.4971084,,osm
osm_way_306579350,power_substation,46.8536602,-68.0303748,,osm
osm_way_306728335,power_substation,44.4388827,-68.3745328,Trenton Substation,osm
osm_way_320048815,power_substation,43.5767854,-70.6957527,Waterboro Substation,osm
osm_way_322890659,power_substation,44.5765998,-69.6083708,,osm
osm_way_326259233,power_substation,47.3676157,-68.3205905,Power Substation,osm
osm_way_329039200,power_substation,43.904201,-69.8161841,Electricity Substation,osm
osm_way_330592637,power_substation,47.3685943,-68.3269796,Twin Rivers Paper,osm
osm_way_347780796,power_substation,45.6592157,-69.8105765,,osm
osm_way_353446655,power_substation,45.6550436,-68.7044959,,osm
osm_way_354097714,power_substation,43.4590694,-70.7806265,River Street Substation,osm
osm_way_355285175,power_substation,45.6434988,-68.7073403,Millinocket Substation,osm
osm_way_355285176,power_substation,45.6443263,-68.7061615,,osm
osm_way_355285177,power_substation,45.6440088,-68.7057705,,osm
osm_way_355301132,power_substation,45.6478118,-68.7032456,,osm
osm_way_363408024,power_substation,43.0682174,-70.7783222,Mill Pond Substation,osm
osm_way_383405172,power_substation,43.0973561,-70.7862212,Schiller Substation,osm
osm_way_390818798,power_substation,46.1586571,-67.5876761,,osm
osm_way_391058453,power_substation,46.1648988,-67.5647231,,osm
osm_way_391687465,power_substation,45.9965668,-67.2483792,,osm
osm_way_396101978,power_substation,44.6387632,-70.6923061,Andover Substation,osm
osm_way_400353852,power_substation,46.5666155,-70.4858861,Poste du Massif-du-Sud,osm
osm_way_405893365,power_substation,43.7166986,-70.4655569,,osm
osm_way_407770955,power_substation,43.0806742,-70.7722638,,osm
osm_way_409755306,power_substation,47.3704543,-68.2783925,,osm
osm_way_409758906,power_substation,47.4151086,-68.3257407,,osm
osm_way_413202905,power_substation,47.393185,-68.3535804,Edmundston North Substation,osm
osm_way_414498816,power_substation,43.6869248,-70.298839,Bishop Street Substation,osm
osm_way_425042411,power_substation,44.0032138,-69.6266066,,osm
osm_way_425179175,power_substation,44.0560475,-69.6230254,,osm
osm_way_441521744,power_substation,45.6559084,-67.1328985,,osm
osm_way_443008716,power_substation,46.6313956,-68.3917598,,osm
osm_way_443105722,power_substation,43.3819812,-70.5400296,,osm
osm_way_453646403,power_substation,43.6275859,-70.2559105,Hinckley Pond Substation,osm
osm_way_457754852,power_substation,45.4592708,-69.8651425,Harris Hydro Substation,osm
osm_way_464501608,power_substation,43.6777136,-70.3291842,,osm
osm_way_480542158,power_substation,45.7007625,-70.5365431,Poste de Saint-Robert-Bellarmin,osm
osm_way_481376589,power_substation,45.9478114,-70.658416,Poste Bolduc,osm
osm_way_487212295,power_substation,43.5524035,-71.0296027,,osm
osm_way_506524748,power_substation,45.6345969,-68.7799333,,osm
osm_way_509659284,power_substation,45.6782465,-68.6386271,,osm
osm_way_510844836,power_substation,47.3256773,-70.8569247,Poste Parc éolien Côte-de-Beaupré,osm
osm_way_512421485,power_substation,43.0804056,-70.7670144,,osm
osm_way_516401831,power_substation,43.8558305,-70.109965,,osm
osm_way_540491231,power_substation,43.3859532,-70.9949364,,osm
osm_way_543606236,power_substation,46.7376338,-70.574657,Poste d'Armagh,osm
osm_way_543616525,power_substation,43.1676168,-70.8178246,Elliot Substation,osm
osm_way_543792652,power_substation,46.8154971,-70.847179,Poste La Durantaye,osm
osm_way_543804363,power_substation,43.7816186,-70.2033111,Raven Farm Substation,osm
osm_way_546426999,power_substation,45.1397056,-70.4397072,,osm
osm_way_546854834,power_substation,45.1668526,-69.8561286,Moscow Substation,osm
osm_way_547089066,power_substation,45.4548568,-69.6098774,,osm
osm_way_549031528,power_substation,44.9422242,-68.6443487,,osm
osm_way_551510936,power_substation,47.4118208,-68.2449736,,osm
osm_way_561903565,power_substation,47.1489486,-70.7671028,Poste de Saint-Tite-des-Caps,osm
osm_way_563915522,power_substation,44.9131,-66.9098343,,osm
osm_way_563917247,power_substation,44.9806683,-66.9735898,Leonardville,osm
osm_way_563917664,power_substation,44.8941582,-66.9030604,,osm
osm_way_567858917,power_substation,44.550701,-70.542884,,osm
osm_way_572496097,power_substation,46.7787169,-67.6933667,,osm
osm_way_572738302,power_substation,46.7514904,-67.7123412,,osm
osm_way_581345032,power_substation,47.1650518,-67.7301581,Saint Andre Substation,osm
osm_way_589710414,power_substation,44.880355,-68.6651575,,osm
osm_way_594331147,power_substation,44.6728384,-67.7787802,Epping Tap Substation,osm
osm_way_594661454,power_substation,44.6283143,-67.7923961,Columbia Substation,osm
osm_way_600864004,power_substation,44.7004537,-67.9570131,Deblois Substation,osm
osm_way_633220210,power_substation,43.4871275,-70.4725294,,osm
osm_way_635196868,power_substation,45.0113188,-69.2938391,,osm
osm_way_638316627,power_substation,44.9582681,-69.8852782,Embden Substation,osm
osm_way_639839535,power_substation,46.4473943,-67.6132398,,osm
osm_way_643146435,power_substation,45.2493259,-68.9876874,,osm
osm_way_648268068,power_substation,46.6991275,-68.0429338,,osm
osm_way_648505152,power_substation,46.6593238,-70.3573123,Poste Parc éolien communautaire de Saint-Philémon,osm
osm_way_651586871,power_substation,44.7529212,-68.4616488,Rebel Hill Substation,osm
osm_way_655721448,power_substation,44.6221738,-67.7978424,Harrington Substation,osm
osm_way_655721450,power_substation,44.5440163,-68.1087709,Tunk Substation,osm
osm_way_665590821,power_substation,44.7383622,-68.752314,Orrington Substation,osm
osm_way_665606507,power_substation,44.5747944,-68.8061842,Bucksport Substation,osm
osm_way_665606508,power_substation,44.7929842,-69.3621351,Detroit Substation,osm
osm_way_665606509,power_substation,44.7942019,-69.3636699,Dogtown Substation,osm
osm_way_668566638,power_substation,43.1053366,-70.8059812,Newington Energy Substation,osm
osm_way_669594105,power_substation,44.1410376,-70.1858568,Larrabee Road Substation,osm
osm_way_677543934,power_substation,46.0691919,-70.5056405,Poste Linière,osm
osm_way_680594206,power_substation,46.5429435,-67.666429,Beechwood Generating Station,osm
osm_way_680594207,power_substation,46.5458067,-67.666586,,osm
osm_way_682162828,power_substation,45.1265206,-67.0713057,,osm
osm_way_682313152,power_substation,45.1760967,-67.2939837,,osm
osm_way_682313157,power_substation,45.1757437,-67.2912721,,osm
osm_way_682791801,power_substation,45.1995402,-67.2838173,Saint Stephen,osm
osm_way_698380873,power_substation,43.6775819,-70.3701661,,osm
osm_way_702277500,power_substation,46.9289619,-67.8307041,Limestone Switching Station,osm
osm_way_702294533,power_substation,46.9139258,-67.827081,,osm
osm_way_705298346,power_substation,45.036768,-68.5901449,Passadumkeag Windpark Substation,osm
osm_way_705298348,power_substation,44.9092551,-68.683117,,osm
osm_way_715904399,power_substation,44.7003233,-67.2941469,Cutler Substation,osm
osm_way_718222077,power_substation,45.6444903,-68.7069591,,osm
osm_way_720697407,power_substation,47.1995984,-70.1774533,Poste Aubertois,osm
osm_way_723864644,power_substation,43.4798124,-70.8095123,Stanley Road Substation,osm
osm_way_724027666,power_substation,43.4417532,-70.7702195,High Street Substation,osm
osm_way_724301809,power_substation,43.4103415,-70.7394536,Main Street Substation,osm
osm_way_725192869,power_substation,43.9039159,-69.9745211,,osm
osm_way_727335691,power_substation,44.722517,-68.1637975,Bull Hill Substation,osm
osm_way_745118425,power_substation,43.2693923,-70.7746561,,osm
osm_way_747080474,power_substation,45.587785,-67.3131594,,osm
osm_way_752026723,power_substation,43.1430974,-70.6432494,,osm
osm_way_752855086,power_substation,43.1729452,-70.616351,,osm
osm_way_753091735,power_substation,45.7084082,-67.02715,,osm
osm_way_762785225,power_substation,44.3301781,-70.5595566,,osm
osm_way_764324618,power_substation,44.1141913,-70.3893642,,osm
osm_way_764324620,power_substation,44.1460862,-70.4646704,,osm
osm_way_764843057,power_substation,43.9237691,-69.9657544,,osm
osm_way_765254420,power_substation,44.2474044,-70.7210473,,osm
osm_way_766121306,power_substation,46.1417562,-67.8519873,,osm
osm_way_766121308,power_substation,46.5299864,-67.8843917,,osm
osm_way_766543153,power_substation,44.3360919,-70.1672624,Leeds Substation,osm
osm_way_766752149,power_substation,44.1219319,-70.8885293,Lovell Substation,osm
osm_way_766766777,power_substation,44.4965216,-70.3368257,Ludden Lane Substation,osm
osm_way_766781820,power_substation,44.5477549,-70.5413719,Rumford Falls Substation,osm
osm_way_768714298,power_substation,44.627765,-70.5964165,Roxbury Notch Road Substation,osm
osm_way_771174699,power_substation,44.5986929,-70.2134006,Flagstaff Street Substation,osm
osm_way_772275611,power_substation,43.8310085,-70.4478886,,osm
osm_way_772275613,power_substation,43.8020126,-70.4502961,,osm
osm_way_772275620,power_substation,43.6791135,-70.6374663,,osm
osm_way_772281273,power_substation,44.007778,-71.0877523,Saco Valley Substation,osm
osm_way_772825441,power_substation,44.6182826,-70.1951021,Temple Road Substation,osm
osm_way_785520775,power_substation,47.0699477,-70.8748197,Poste du Canyon-Saint-Joachim,osm
osm_way_805809222,power_substation,47.452463,-70.5716689,Poste de Baie-Saint-Paul,osm
osm_way_815651708,power_substation,47.2574301,-68.6092531,Clair Substation,osm
osm_way_815651722,power_substation,47.1345969,-68.3268507,,osm
osm_way_815655012,power_substation,46.9334248,-67.8942136,,osm
osm_way_828108678,power_substation,43.9918618,-69.6718906,Mason Substation,osm
osm_way_828108681,power_substation,43.9514863,-69.696826,Maine Yankee 115kV Substation,osm
osm_way_835590196,power_substation,47.4621501,-69.8038894,Poste de Kamouraska,osm
osm_way_835726035,power_substation,44.1011824,-70.218779,Middle Street Substation,osm
osm_way_835728876,power_substation,44.0878398,-70.226792,,osm
osm_way_835733265,power_substation,44.6256902,-70.075429,,osm
osm_way_845494560,power_substation,47.0622037,-67.7778085,,osm
osm_way_845532200,power_substation,43.3088181,-70.9984972,Eastport Substation,osm
osm_way_846592699,power_substation,43.6427021,-70.2547973,Cape Steam Substation,osm
osm_way_846757422,power_substation,47.3257603,-68.1395898,Rivière-Verte Substation,osm
osm_way_850784001,power_substation,43.3108178,-70.7254877,Pratt & Whitney Substation,osm
osm_way_852282915,power_substation,43.4765302,-70.9976741,,osm
osm_way_857807049,power_substation,46.921286,-67.3990821,,osm
osm_way_862222129,power_substation,44.7819965,-69.3810845,,osm
osm_way_864006894,power_substation,43.5965891,-70.2467242,,osm
osm_way_866414085,power_substation,43.0837797,-70.7422991,,osm
osm_way_866741029,power_substation,43.2270123,-70.8106274,,osm
osm_way_871899021,power_substation,43.2147152,-70.8760697,,osm
osm_way_873109582,power_substation,44.3240499,-69.7649591,Locke Street Substation,osm
osm_way_884192013,power_substation,44.3084243,-69.7867974,,osm
osm_way_889357091,power_substation,46.0506369,-68.0519685,Oakfield Substation,osm
osm_way_889908975,power_substation,45.1445399,-69.690645,Bingham Substation,osm
osm_way_891005852,power_substation,43.7359609,-70.2897658,,osm
osm_way_891343297,power_substation,44.7034493,-69.6462607,Sappi Hinckley Substation,osm
osm_way_903155311,power_substation,44.1173197,-68.8941144,,osm
osm_way_948478903,power_substation,43.0665771,-70.7862732,Mill Pond Tap Substation,osm
osm_way_952459884,power_substation,46.2488958,-67.6071879,,osm
osm_way_987018530,power_substation,43.4131239,-70.7091651,Cyro Drive Substation,osm
osm_way_991637353,power_substation,43.6119462,-70.5523367,,osm
osm_way_993356226,power_substation,43.5195394,-70.4121583,Vallee Lane Substation,osm
osm_way_993356253,power_substation,43.5227694,-70.4498468,Goosefare Substation,osm
osm_way_998718112,power_substation,43.1279678,-70.7769959,,osm
osm_way_998718121,power_substation,43.1161499,-70.7690274,Bolt Hill Substation,osm
osm_way_1008170844,power_substation,43.1014189,-70.7502754,,osm
osm_way_1010279349,power_substation,43.0820793,-70.7357553,,osm
osm_way_1013107235,power_substation,43.0479721,-70.7477746,,osm
osm_way_1016095446,power_substation,43.6806723,-70.7806139,,osm
osm_way_1019540597,power_substation,45.5133341,-68.3569598,,osm
osm_way_1021196352,power_substation,45.9878418,-68.4499539,Patten Substation,osm
osm_way_1021791834,power_substation,43.7504165,-70.6748627,,osm
osm_way_1024557507,power_substation,43.4977626,-70.5061902,,osm
osm_way_1034449771,power_substation,43.5168441,-70.4438169,,osm
osm_way_1037437660,power_substation,43.5191197,-70.3841921,,osm
osm_way_1043583800,power_substation,43.7711511,-70.4124594,,osm
osm_way_1049189120,power_substation,43.7390619,-70.5214294,,osm
osm_way_1050091459,power_substation,46.2258859,-70.7947448,,osm
osm_way_1050146647,power_substation,46.7096657,-67.9525802,Flow Inn Diesel,osm
osm_way_1050146648,power_substation,46.7090245,-67.9524247,Emera Maine,osm
osm_way_1050146661,power_substation,47.3540401,-68.3027747,,osm
osm_way_1050434898,power_substation,46.41928,-67.8469076,,osm
osm_way_1050434901,power_substation,46.2861693,-67.8413627,,osm
osm_way_1065857972,power_substation,43.5987352,-70.3800374,,osm
osm_way_1065857975,power_substation,43.5687662,-70.3912478,,osm
osm_way_1066272615,power_substation,43.0514699,-70.7709296,,osm
osm_way_1069357557,power_substation,43.5732441,-70.3925344,,osm
osm_way_1069799090,power_substation,43.1212921,-70.7296962,,osm
osm_way_1078329986,power_substation,44.943919,-71.0059428,,osm
osm_way_1080358793,power_substation,44.3598389,-69.1857021,,osm
osm_way_1080858394,power_substation,46.511281,-67.8653599,,osm
osm_way_1088900090,power_substation,43.6856823,-70.3529472,,osm
osm_way_1093613217,power_substation,46.139698,-67.7784477,,osm
osm_way_1099307716,power_substation,44.9232774,-69.2626199,,osm
osm_way_1099310164,power_substation,44.8329902,-69.2842489,,osm
osm_way_1099345926,power_substation,44.5740006,-69.5090943,Albion Road Substation,osm
osm_way_1099377845,power_substation,44.5823856,-69.6117653,,osm
osm_way_1099425919,power_substation,44.8048735,-69.7389067,Lakewood Substation,osm
osm_way_1099425929,power_substation,44.788325,-69.7368541,,osm
osm_way_1099435537,power_substation,44.5734078,-69.6770108,County Road Substation,osm
osm_way_1099435539,power_substation,44.5515135,-69.6598948,,osm
osm_way_1099491596,power_substation,44.6145508,-69.3201183,,osm
osm_way_1099645602,power_substation,44.4678368,-68.9034771,,osm
osm_way_1099646655,power_substation,44.5541879,-68.8620589,,osm
osm_way_1099873023,power_substation,45.1786881,-69.2303278,Dover-Foxcroft substation,osm
osm_way_1099938572,power_substation,45.140716,-70.4247859,ReEnergy Stratton Substation,osm
osm_way_1100853188,power_substation,44.6208617,-69.5026194,,osm
osm_way_1100854838,power_substation,44.7205764,-69.4135723,,osm
osm_way_1100874554,power_substation,44.3916112,-69.5770498,CMP Substation,osm
osm_way_1100997136,power_substation,45.8915662,-67.4577553,,osm
osm_way_1101051674,power_substation,44.5628169,-69.6191783,,osm
osm_way_1101051679,power_substation,44.5780697,-69.6080747,,osm
osm_way_1101204072,power_substation,44.0892925,-69.8001405,,osm
osm_way_1101207117,power_substation,44.2255799,-69.7910706,,osm
osm_way_1101207124,power_substation,44.2268334,-69.7843816,,osm
osm_way_1101329542,power_substation,44.2969404,-69.5564105,Coopers Mills Road Substation,osm
osm_way_1101451078,power_substation,44.1888119,-69.9928248,Monmouth Substation,osm
osm_way_1101472832,power_substation,44.560513,-68.4437975,,osm
osm_way_1101472836,power_substation,44.5803846,-68.4336851,Waltham Road Substation,osm
osm_way_1101501242,power_substation,44.6275982,-67.3988934,Bucks Harbor Substation,osm
osm_way_1101506692,power_substation,44.6785688,-67.5469528,,osm
osm_way_1101637319,power_substation,44.7227777,-68.1650121,,osm
osm_way_1101649716,power_substation,44.8207973,-68.690404,,osm
osm_way_1101712371,power_substation,44.3926661,-69.2286361,,osm
osm_way_1101723342,power_substation,44.0837755,-69.1684844,,osm
osm_way_1101731287,power_substation,44.1182623,-69.3068915,,osm
osm_way_1101743445,power_substation,44.137878,-69.095943,,osm
osm_way_1101884470,power_substation,45.6224569,-68.5772281,,osm
osm_way_1101892721,power_substation,45.6212159,-68.5732639,,osm
osm_way_1101892722,power_substation,45.5713006,-68.4082236,,osm
osm_way_1101892723,power_substation,45.6078876,-68.5444614,,osm
osm_way_1101892737,power_substation,45.3936967,-68.5213227,Chester Substation,osm
osm_way_1102515151,power_substation,44.8531318,-69.8931823,,osm
osm_way_1102632328,power_substation,44.312188,-69.9673107,,osm
osm_way_1103769839,power_substation,44.2558428,-70.7248528,,osm
osm_way_1103769840,power_substation,44.2556807,-70.7247756,,osm
osm_way_1103772957,power_substation,44.4125885,-70.787346,,osm
osm_way_1103822436,power_substation,44.7810596,-69.9138563,Starks Substation,osm
osm_way_1103824899,power_substation,44.6540007,-70.1275093,Farmington Substation,osm
osm_way_1104636023,power_substation,46.0681345,-67.0212817,,osm
osm_way_1113620011,power_substation,44.4317835,-70.1616492,ReEnergy Livermore Falls Substation,osm
osm_way_1119282261,power_substation,43.9036358,-70.4719602,,osm
osm_way_1124891502,power_substation,44.6328474,-70.6990516,,osm
osm_way_1125303503,power_substation,43.3876222,-70.9958927,Tasker Farm Substation,osm
osm_way_1125765402,power_substation,43.7515216,-70.156701,Yarmouth 4 Substation,osm
osm_way_1126815085,power_substation,44.0692145,-70.1865145,Challenger Drive Substation,osm
osm_way_1130574167,power_substation,46.5736477,-67.9095697,,osm
osm_way_1130768658,power_substation,44.9447,-69.6592445,Athens ME Substation,osm
osm_way_1133355610,power_substation,44.5487625,-70.5405201,Rumford Mill Substation,osm
osm_way_1134668075,power_substation,43.8595808,-69.6252793,,osm
osm_way_1134677472,power_substation,44.8941468,-66.9031662,Campobello Island,osm
osm_way_1134677473,power_substation,44.9349261,-66.9346877,Wilsons Beach,osm
osm_way_1134677474,power_substation,44.9476351,-66.9714208,Chocolate Cove,osm
osm_way_1135217290,power_substation,46.0133704,-67.2222482,AV Nackawic,osm
osm_way_1135226593,power_substation,46.0861861,-67.1798126,Queensbury,osm
osm_way_1135307332,power_substation,44.5057219,-70.2420195,Jay Substation,osm
osm_way_1135313417,power_substation,45.2538337,-68.6279761,Enfield Substation,osm
osm_way_1135602368,power_substation,47.3696247,-68.3284035,Twin Rivers Paper,osm
osm_way_1135602369,power_substation,47.369243,-68.328726,Twin Rivers Paper,osm
osm_way_1135602370,power_substation,47.3678247,-68.3209586,,osm
osm_way_1137136226,power_substation,44.529168,-68.3815834,,osm
osm_way_1155684270,power_substation,43.6428625,-70.2766907,Fore River Maine Substation,osm
osm_way_1155923911,power_substation,43.9118153,-69.9016733,,osm
osm_way_1155923912,power_substation,43.9181397,-69.8842837,,osm
osm_way_1155935394,power_substation,43.9307567,-69.8202799,,osm
osm_way_1156155824,power_substation,44.7390453,-68.824863,Chemical Substation,osm
osm_way_1156155825,power_substation,44.7822068,-68.5175591,Clifton Switching Station,osm
osm_way_1156155826,power_substation,44.7818923,-68.5191611,Pisgah Mountain Wind Substation,osm
osm_way_1160317162,power_substation,46.677536,-68.035374,,osm
osm_way_1176690647,power_substation,43.0846461,-70.937652,Newmarket Substation,osm
osm_way_1177690474,power_substation,43.3753383,-70.9417983,,osm
osm_way_1189026573,power_substation,46.9261077,-71.0639173,,osm
osm_way_1211897757,power_substation,45.5895165,-67.3177894,Énergie NB Power,osm
osm_way_1218890374,power_substation,43.9921211,-70.0482536,,osm
osm_way_1219103022,power_substation,44.0257333,-70.0906027,,osm
osm_way_1221435281,power_substation,46.2394251,-71.0410154,Poste du Mont-Sainte-Marguerite,osm
osm_way_1221435283,power_substation,46.2360932,-71.0420328,Poste de East-Broughton,osm
osm_way_1262605637,power_substation,44.0135193,-70.9718267,,osm
osm_way_1272939292,power_substation,47.3030011,-68.4856436,Baker Brook Substation,osm
osm_way_1272939297,power_substation,47.3958262,-68.3299089,IPL Plastics Substation,osm
osm_way_1278706606,power_substation,46.016732,-68.27795,,osm
osm_way_1286051028,power_substation,46.971171,-69.8246065,Poste Saint-Pamphile,osm
osm_way_1286695842,power_substation,44.3049671,-68.2849391,,osm
osm_way_1303315639,power_substation,44.1562875,-70.1809877,Lewiston HVDC Converter Station,osm
osm_way_1314263822,power_substation,43.0046794,-70.8094584,,osm
osm_way_1336975362,power_substation,43.8774194,-70.3284312,,osm
osm_way_1336975368,power_substation,43.7266541,-70.3054102,,osm
osm_way_1387661542,power_substation,44.7034481,-67.4624063,Machias Substation,osm
osm_way_1387661544,power_substation,44.7278147,-67.4172587,Scotts Hill Road Substation,osm
osm_way_1388689119,power_substation,43.948751,-69.7891805,,osm
osm_way_1423703973,power_substation,43.0902501,-70.8149043,,osm
osm_way_1424663031,power_substation,43.0990084,-70.7912954,,osm
osm_way_1426117351,power_substation,43.1370018,-70.9363194,,osm
osm_way_1443830852,power_substation,47.3117247,-68.1599491,,osm
osm_way_1452121769,power_substation,46.8749803,-67.9915246,,osm
osm_way_1452750346,power_substation,46.6992119,-68.0086777,,osm
osm_way_1452750352,power_substation,46.6815316,-68.0099023,,osm
osm_way_1452750358,power_substation,46.6359741,-68.4366526,,osm
osm_way_1452750364,power_substation,46.8483804,-68.0027679,,osm
osm_way_1452752915,power_substation,46.127251,-67.807323,,osm
osm_way_1452752918,power_substation,46.1448037,-68.0399948,,osm
osm_way_1452752919,power_substation,46.0984359,-68.1617748,,osm
osm_way_1452752924,power_substation,45.8981157,-68.4343554,,osm
osm_way_1452753302,power_substation,46.7681631,-67.8294849,,osm
osm_way_1452938569,power_substation,46.6636707,-67.904061,,osm
osm_way_1452938571,power_substation,46.6604082,-67.9024421,,osm
osm_way_1452938573,power_substation,46.6646514,-67.9050051,,osm
osm_way_1452938576,power_substation,46.6432753,-67.9204234,,osm
osm_way_1452938579,power_substation,46.54593,-67.8255899,,osm
osm_way_1452946942,power_substation,43.7434833,-70.225859,,osm
osm_way_1452946944,power_substation,43.6906791,-70.2595069,,osm
osm_way_1452974888,power_substation,43.6272994,-70.2949948,,osm
osm_way_1452980900,power_substation,43.6409285,-70.3282857,,osm
osm_way_1452982757,power_substation,43.6859891,-70.3541035,,osm
osm_way_1466904845,power_substation,44.6086577,-69.4538632,,osm
osm_way_1470157248,power_substation,45.0077593,-69.0249119,,osm
osm_way_1470158245,power_substation,45.2468349,-68.6498704,,osm
osm_way_1472378538,power_substation,46.137333,-67.5901396,,osm
osm_way_1472378539,power_substation,47.3677668,-68.2630013,,osm
osm_way_1472378546,power_substation,46.907844,-67.3905075,,osm
osm_way_1478843683,power_substation,46.1379573,-67.8438872,,osm
osm_way_1478843685,power_substation,46.1243501,-67.8449931,,osm
osm_way_1478843686,power_substation,46.099434,-67.8840936,,osm
osm_way_1482911505,power_substation,45.2049585,-67.5288724,,osm
osm_way_1485090767,power_substation,44.0289373,-69.671438,,osm
osm_way_1485090768,power_substation,44.1007066,-70.2247871,,osm
osm_way_1485090769,power_substation,44.470903,-70.1871641,,osm
osm_way_1485090770,power_substation,44.5039063,-70.2207956,,osm
osm_way_1485090775,power_substation,45.4556511,-69.5857887,,osm
osm_way_1485090776,power_substation,44.9137007,-67.0033568,,osm
osm_way_1485090778,power_substation,45.1586099,-67.4016229,Domtar - Woodland Mill,osm
osm_way_1485090779,power_substation,45.143843,-67.3977884,,osm
osm_way_1485090780,power_substation,44.5436457,-68.4307048,,osm
osm_way_1485090781,power_substation,44.3423489,-68.6731573,,osm
osm_way_1485090782,power_substation,44.8526602,-68.808516,,osm
osm_way_1485090783,power_substation,44.7906719,-68.7510295,,osm
osm_way_1485090784,power_substation,44.8140001,-68.7421901,,osm
osm_way_1485090785,power_substation,44.9126246,-68.6830845,,osm
osm_way_1485090786,power_substation,44.9189584,-68.6343722,,osm
osm_way_1485090787,power_substation,45.3696166,-68.5063306,,osm
osm_way_1485090788,power_substation,45.3887083,-68.5339393,,osm
osm_way_1485090789,power_substation,45.8945404,-68.4247526,,osm
osm_way_1485090791,power_substation,46.6843806,-68.1612088,,osm
osm_way_1485090792,power_substation,46.7781871,-68.1538938,,osm
osm_way_1485090793,power_substation,47.2385189,-68.5782808,,osm
osm_way_1485103176,power_substation,43.1308082,-70.9356087,,osm
osm_way_1489707263,power_substation,44.7925795,-69.8717789,,osm
osm_way_1492856317,power_substation,45.417192,-67.7389771,,osm
osm_way_1492872895,power_substation,43.1308082,-70.9356087,,osm
osm_node_3934349215,water_treatment,46.149955,-67.574968,,osm
osm_node_7566920129,water_treatment,44.5462757,-69.6930329,Maine Water Works Supply,osm
osm_node_13001935185,water_treatment,44.7745047,-69.7101935,,osm
osm_way_29196341,water_treatment,43.6726103,-70.252162,East End Wastewater Treatment Facility,osm
osm_way_39762697,water_treatment,44.5267592,-69.6553215,Waterworks,osm
osm_way_43323382,water_treatment,44.7799676,-68.7821256,Bangor Wastewater Treatment Plant,osm
osm_way_99966887,water_treatment,46.1071744,-70.6589946,Usine d'Eau Potable,osm
osm_way_100581928,water_treatment,46.4834145,-70.6391266,,osm
osm_way_150718309,water_treatment,46.4246175,-67.7615849,,osm
osm_way_150994499,water_treatment,46.2883128,-67.5143358,,osm
osm_way_181816237,water_treatment,43.2652896,-70.5888058,,osm
osm_way_239102223,water_treatment,43.4593982,-70.3886232,,osm
osm_way_254878498,water_treatment,43.1952957,-70.8694155,,osm
osm_way_276797179,water_treatment,43.1538998,-70.8897157,Madbury Water Treatment Facility,osm
osm_way_302003853,water_treatment,46.9767372,-70.9626704,,osm
osm_way_311187942,water_treatment,43.2631694,-70.9656926,Rochester Wastewater Treatment Plant,osm
osm_way_315561635,water_treatment,44.7001569,-69.6475591,,osm
osm_way_315561636,water_treatment,44.6996876,-69.6461788,,osm
osm_way_315561638,water_treatment,44.6991815,-69.6475727,,osm
osm_way_315561639,water_treatment,44.6991758,-69.6468024,,osm
osm_way_319132738,water_treatment,46.5857183,-70.0521226,Station d'épuration de Daaquam,osm
osm_way_319505960,water_treatment,46.5598071,-70.1041572,,osm
osm_way_328374987,water_treatment,43.0670765,-70.8051228,Pease Water Treatment Facility,osm
osm_way_335789275,water_treatment,45.398821,-71.0824065,,osm
osm_way_390925538,water_treatment,46.1309917,-67.5832419,,osm
osm_way_391641773,water_treatment,46.4313152,-67.7244261,,osm
osm_way_391687470,water_treatment,45.9968956,-67.2351339,,osm
osm_way_391690240,water_treatment,45.9793481,-67.2406237,,osm
osm_way_392153219,water_treatment,46.2829968,-67.5744306,,osm
osm_way_392184656,water_treatment,45.8757346,-66.9672962,,osm
osm_way_392296875,water_treatment,47.3628944,-68.2826908,,osm
osm_way_392296876,water_treatment,47.3632596,-68.2818029,,osm
osm_way_392296877,water_treatment,47.3635902,-68.2809044,,osm
osm_way_392651385,water_treatment,46.4498909,-67.6067681,,osm
osm_way_392651386,water_treatment,46.4492728,-67.6067512,,osm
osm_way_422730847,water_treatment,46.1377667,-67.5752122,Arthur L. Bell Municipal Water Pumping and Treatment Facility,osm
osm_way_424441839,water_treatment,46.4314251,-67.7033075,,osm
osm_way_429967431,water_treatment,45.7267273,-67.0031887,,osm
osm_way_439624548,water_treatment,45.7299713,-68.8367359,Pumping Station,osm
osm_way_448157673,water_treatment,46.4241017,-67.7630841,,osm
osm_way_448557969,water_treatment,45.0718933,-67.0393155,,osm
osm_way_451989937,water_treatment,43.6386289,-70.2578065,,osm
osm_way_455006955,water_treatment,43.5488633,-70.3163183,,osm
osm_way_466329280,water_treatment,43.6870238,-70.348749,,osm
osm_way_466329282,water_treatment,43.6875546,-70.3483674,,osm
osm_way_466331475,water_treatment,43.6887989,-70.3389109,,osm
osm_way_466331478,water_treatment,43.6887866,-70.3380346,,osm
osm_way_466333059,water_treatment,43.6897191,-70.3393685,,osm
osm_way_466333061,water_treatment,43.6893938,-70.33911,,osm
osm_way_466337190,water_treatment,43.692437,-70.3498794,,osm
osm_way_484560185,water_treatment,43.5011842,-70.3986472,,osm
osm_way_506812125,water_treatment,45.6294918,-71.034033,,osm
osm_way_508456455,water_treatment,45.6374225,-68.6874028,Great Northern Paper Wastewater Treatment Plant,osm
osm_way_512370880,water_treatment,46.2822826,-67.5750343,,osm
osm_way_524951610,water_treatment,44.9265427,-68.6422788,Old Town Waste Treatment Plant,osm
osm_way_587598085,water_treatment,43.4918074,-70.4472717,Waste Water Treatment Facility,osm
osm_way_595931726,water_treatment,44.8783258,-68.668908,,osm
osm_way_638192004,water_treatment,46.9878654,-70.5683976,Station d'épuration de Montamagny,osm
osm_way_638261400,water_treatment,47.3110364,-70.1681534,Station d'épuration de Saint-Roch-des-Aulnaies,osm
osm_way_647934089,water_treatment,46.3681814,-70.4369191,Station d'épuration de Sainte-Germaine-Station,osm
osm_way_661839241,water_treatment,47.4181398,-70.3801006,Usine d'épuration des eaux,osm
osm_way_670501222,water_treatment,43.0761932,-70.9343955,"Town of Newmarket, NH Wastewater Treatment Facility",osm
osm_way_673885470,water_treatment,47.1097481,-70.8421585,,osm
osm_way_683708744,water_treatment,43.0973507,-70.7944971,,osm
osm_way_686485503,water_treatment,46.4085707,-70.3723734,Station d'épuration de Sainte-Justine,osm
osm_way_694412883,water_treatment,47.2788103,-70.1445756,Station d'épuration de Sainte-Louise,osm
osm_way_694412884,water_treatment,47.2050291,-70.275797,Station d'épuration de Saint-Jean-Port-Joli,osm
osm_way_694412885,water_treatment,47.1728863,-70.2083795,Station d'épuration de Saint-Aubert,osm
osm_way_694412886,water_treatment,47.1953202,-70.1258615,Station d'épuration de Saint-Damase-de-L'Islet,osm
osm_way_694412890,water_treatment,47.1016869,-69.9888203,Station d'épuration de Tourville,osm
osm_way_694412893,water_treatment,47.0817954,-69.939819,Station d'épuration de Sainte-Perpétue,osm
osm_way_694412894,water_treatment,46.9783591,-69.7857416,Station d'épuration de Saint-Pamphile,osm
osm_way_694412898,water_treatment,46.8557635,-69.901422,Station d'épuration de Saint-Adalbert,osm
osm_way_694412901,water_treatment,46.8899501,-70.0578559,Station d'épuration de Saint-Marcel,osm
osm_way_694412906,water_treatment,47.1041122,-70.3706347,Station d'épuration de L'Islet,osm
osm_way_694412907,water_treatment,47.0402251,-70.4662096,Station d'épuration de Cap-Saint-Ignace,osm
osm_way_694412911,water_treatment,46.9279637,-70.7097694,Station d'épuration de Berthier-sur-Mer,osm
osm_way_694412912,water_treatment,46.8878316,-70.7025791,Station d'épuration de Saint-François-de-la-Rivière-du-Sud,osm
osm_way_694412914,water_treatment,46.9243574,-70.6364649,Station d'épuration de Saint-Pierre-de-la-Rivière-du-Sud,osm
osm_way_694412915,water_treatment,46.829708,-70.3925689,Station d'épuration de Notre-Dame-du-Rosaire,osm
osm_way_694412916,water_treatment,46.8022139,-70.2062482,Station d'épuration de Sainte-Apolline-de-Patton,osm
osm_way_694412919,water_treatment,46.7731839,-70.4504295,Station d'épuration de Sainte-Euphémie-sur-Rivière-du-Sud,osm
osm_way_694412923,water_treatment,46.7282269,-70.3711663,Station d'épuration de Saint-Paul-de-Montminy,osm
osm_way_694412928,water_treatment,46.6556273,-70.1369627,Station d'épuration de Saint-Fabien-de-Panet,osm
osm_way_694412929,water_treatment,46.5567088,-70.0942893,Station d'épuration de Saint-Just-de-Bretenières,osm
osm_way_694601336,water_treatment,46.5747928,-70.3052372,Station d'épuration de Saint-Magloire,osm
osm_way_694601338,water_treatment,46.4898742,-70.200629,Station d'épuration de Saint-Camille-de-Lellis,osm
osm_way_694601339,water_treatment,46.4885747,-70.3423528,Station d'épuration de Sainte-Sabine,osm
osm_way_694601342,water_treatment,46.3477758,-70.2594432,Station d'épuration de Saint-Cyprien,osm
osm_way_694601345,water_treatment,46.1809317,-70.3714959,Station d'épuration de Sainte-Aurélie,osm
osm_way_694601349,water_treatment,46.2264189,-70.5224309,Station d'épuration de Saint-Prosper,osm
osm_way_694601350,water_treatment,46.275879,-70.5939,Station d'épuration de Saint-Benjamin,osm
osm_way_694601351,water_treatment,46.3944281,-70.5303701,Station d'épuration de Lac-Etchemin,osm
osm_way_694601352,water_treatment,46.4988898,-70.4806507,Station d'épuration de Saint-Luc-de-Bellechasse,osm
osm_way_694601358,water_treatment,46.4930802,-70.7112844,Station d'épuration de la Crapaudière,osm
osm_way_694601363,water_treatment,46.5333466,-70.7928332,Station d'épuration de Saint-Malachie,osm
osm_way_694601369,water_treatment,46.6006916,-70.8451646,Station d'épuration de Sainte-Claire,osm
osm_way_694601375,water_treatment,46.6369606,-70.998595,Station d'épuration de Saint-Anselme,osm
osm_way_694601376,water_treatment,46.6867819,-71.0849188,Station d'épuration de Saint-Henri,osm
osm_way_694601377,water_treatment,46.830956,-71.0540381,Station d'épuration de Beaumont,osm
osm_way_694601380,water_treatment,46.7717622,-70.9370053,Station d'épuration de Saint-Charles-de-Bellechasse,osm
osm_way_694601384,water_treatment,46.7293078,-70.9005183,Station d'épuration de Saint-Gervais,osm
osm_way_694601388,water_treatment,46.652327,-70.8922922,Station d'épuration de Honfleur,osm
osm_way_694604485,water_treatment,46.5497301,-70.668195,Station d'épuration de Saint-Nazaire-de-Dorchester,osm
osm_way_694604486,water_treatment,46.6303555,-70.5397837,Station d'épuration de Notre-Dame-Auxiliatrice-de-Buckland,osm
osm_way_694604487,water_treatment,46.6154075,-70.6789563,Station d'épuration de Saint-Damien-de-Buckland,osm
osm_way_694604490,water_treatment,46.6636953,-70.8137564,Station d'épuration de Saint-Lazare-de-Bellechasse,osm
osm_way_694604494,water_treatment,46.732968,-70.7201388,Station d'épuration de Saint-Nérée-de-Bellechasse,osm
osm_way_694604498,water_treatment,46.6840018,-70.4450593,Station d'épuration de Saint-Philémon,osm
osm_way_694604501,water_treatment,46.6270847,-70.4755265,Station d'épuration du Massif-du-Sud,osm
osm_way_694604502,water_treatment,46.7336825,-70.5702035,Station d'épuration d'Armagh,osm
osm_way_694604506,water_treatment,46.7985569,-70.7727021,Station d'épuration de Saint-Raphael,osm
osm_way_694604509,water_treatment,46.8435467,-70.8504313,Station d'épuration de La Durantaye,osm
osm_way_694604510,water_treatment,46.8914114,-70.8304179,Station d'épuration de Saint-Vallier,osm
osm_way_722800162,water_treatment,43.4106358,-70.7206397,Sanford Sewage Treatment Facility,osm
osm_way_749293687,water_treatment,45.5809744,-70.8736419,,osm
osm_way_750255082,water_treatment,44.3732903,-68.3030747,,osm
osm_way_751578424,water_treatment,43.1816718,-70.607089,York Sewer District,osm
osm_way_753434906,water_treatment,43.1897053,-70.6471686,York Water District Treatment Plant,osm
osm_way_764310960,water_treatment,44.9154901,-68.6434322,,osm
osm_way_764465671,water_treatment,43.3800077,-70.538608,,osm
osm_way_766498974,water_treatment,44.824383,-68.7136781,Veazie Sewer District,osm
osm_way_781070673,water_treatment,43.7162234,-70.2401739,,osm
osm_way_805152781,water_treatment,46.6999789,-70.3313668,,osm
osm_way_805152802,water_treatment,46.7300074,-70.3143856,,osm
osm_way_815656057,water_treatment,46.9162751,-67.9260541,,osm
osm_way_819113736,water_treatment,46.6961714,-70.0229744,,osm
osm_way_827602346,water_treatment,44.9904339,-70.6750076,,osm
osm_way_835726016,water_treatment,44.0748914,-70.2044043,Lewiston Auburn Water Pollution Control,osm
osm_way_835753770,water_treatment,44.451319,-70.3127253,,osm
osm_way_845464778,water_treatment,45.6201744,-68.5670578,,osm
osm_way_845464781,water_treatment,46.6362219,-68.4101648,,osm
osm_way_845494552,water_treatment,47.0402923,-67.7345916,,osm
osm_way_845494554,water_treatment,47.0332896,-67.7401019,,osm
osm_way_850784004,water_treatment,43.2950842,-70.7351249,North Berwick Sanitary District,osm
osm_way_865370240,water_treatment,43.0733848,-70.7408059,Peirce Island Wastewater Treatment Facility,osm
osm_way_865735537,water_treatment,42.9974873,-70.941147,Exeter Wastewater Treatment Plant,osm
osm_way_866718805,water_treatment,43.5182377,-70.4450447,,osm
osm_way_866741030,water_treatment,43.2255375,-70.8082876,,osm
osm_way_880763685,water_treatment,45.0025888,-70.5711385,Rangeley Water District Water Pumping Station,osm
osm_way_886720297,water_treatment,45.3716007,-68.5093781,,osm
osm_way_891343288,water_treatment,44.208992,-70.5241317,,osm
osm_way_891343301,water_treatment,44.7937117,-69.8876918,,osm
osm_way_896556648,water_treatment,44.1049418,-69.1078964,Waste Water Treatment Facility,osm
osm_way_898176762,water_treatment,45.7140222,-70.9154816,,osm
osm_way_914521867,water_treatment,44.3013613,-69.7786341,GAUD Wastwater Treatment Facillity,osm
osm_way_982200093,water_treatment,46.1554607,-70.9237298,,osm
osm_way_997612927,water_treatment,43.3610736,-70.5590964,Kennebunk Kennebunkport Wells Water District,osm
osm_way_999665651,water_treatment,44.6545594,-70.140428,,osm
osm_way_1008044611,water_treatment,43.0962588,-70.7547168,Water Pollution Control Facility,osm
osm_way_1017271703,water_treatment,43.6902688,-70.763254,Limerick Sewage District,osm
osm_way_1018438263,water_treatment,43.3605905,-70.4692054,Wastewater Treatment Plant,osm
osm_way_1020661126,water_treatment,46.6521836,-70.1509873,,osm
osm_way_1022702338,water_treatment,43.8510059,-69.6326751,John N. Arsenault Water Reclamation Facility,osm
osm_way_1034803983,water_treatment,43.4944022,-70.4407411,,osm
osm_way_1034923752,water_treatment,43.0836623,-70.7960121,Pease Wastewater Treatment Facility,osm
osm_way_1044275955,water_treatment,43.8379936,-70.5237676,Water Treatment Plant,osm
osm_way_1049459680,water_treatment,43.775127,-70.4994212,Sebago Lake Water Treatment Plant,osm
osm_way_1050583582,water_treatment,44.7002549,-69.646606,,osm
osm_way_1050583583,water_treatment,44.7001033,-69.6461985,,osm
osm_way_1050583584,water_treatment,44.697513,-69.6468176,,osm
osm_way_1050583585,water_treatment,44.6972295,-69.6448023,,osm
osm_way_1051024607,water_treatment,43.9271725,-69.8111033,Wasterwater Treatment Plant,osm
osm_way_1052136376,water_treatment,45.9704804,-70.9247381,,osm
osm_way_1054049651,water_treatment,45.9824018,-70.6616707,,osm
osm_way_1056990887,water_treatment,47.2833342,-68.402169,,osm
osm_way_1058387889,water_treatment,46.2698631,-70.9808542,,osm
osm_way_1059401219,water_treatment,46.1358106,-70.8925682,,osm
osm_way_1085437877,water_treatment,46.1995347,-70.7930628,,osm
osm_way_1134522902,water_treatment,47.4531646,-70.5018803,,osm
osm_way_1151076015,water_treatment,43.3874816,-71.0510919,,osm
osm_way_1154307191,water_treatment,44.005059,-69.6615464,Wiscasset Waste Water Treatment Plant,osm
osm_way_1164741590,water_treatment,43.016358,-71.0509966,Rockingham County Waste Water Treatment Plant,osm
osm_way_1179850350,water_treatment,43.0380884,-70.9331178,,osm
osm_way_1181037905,water_treatment,43.1610774,-70.836947,,osm
osm_way_1184437398,water_treatment,46.1455431,-67.5734547,,osm
osm_way_1187662577,water_treatment,43.1356982,-70.9032793,,osm
osm_way_1190579462,water_treatment,45.1523674,-67.1066905,,osm
osm_way_1199235247,water_treatment,46.0402459,-70.7114427,,osm
osm_way_1199235317,water_treatment,46.1272632,-70.6956318,,osm
osm_way_1208654351,water_treatment,46.5052479,-71.063382,,osm
osm_way_1209239446,water_treatment,46.2489997,-70.8505534,,osm
osm_way_1214136352,water_treatment,46.0561011,-70.5408648,,osm
osm_way_1215466836,water_treatment,46.2444538,-70.8138033,,osm
osm_way_1218890372,water_treatment,43.9951672,-70.0487384,Lisbon Sewer Treatment Plant,osm
osm_way_1231758276,water_treatment,46.2272284,-71.0620721,,osm
osm_way_1240820010,water_treatment,44.9513325,-68.646304,Indian Island Wastewater Treatment Plant,osm
osm_way_1241531280,water_treatment,44.9596474,-67.0418528,Pleasant Point Water Treatment Plant,osm
osm_way_1249585639,water_treatment,43.9155161,-69.9461147,Brunswick Sewer District,osm
osm_way_1280405413,water_treatment,46.2264907,-70.8003313,,osm
osm_way_1304572830,water_treatment,44.42791,-69.0066744,City of Belfast Water Pollution Control Plant,osm
osm_way_1326387389,water_treatment,47.0400306,-70.2810568,Station d'épuration de Saint-Cyrille-de-Lessard,osm
osm_way_1330826145,water_treatment,45.1771301,-69.3524439,Gilford-Sangerville Sanitary District,osm
osm_way_1351292339,water_treatment,46.474593,-71.044166,,osm
osm_way_1351729766,water_treatment,43.8322505,-70.1017293,Sewer Department,osm
osm_way_1360680114,water_treatment,43.2566582,-70.8439563,,osm
osm_way_1373458134,water_treatment,43.7885577,-70.4148278,,osm
osm_way_1421541325,water_treatment,44.5401272,-70.5204121,,osm
osm_way_1424698131,water_treatment,43.1331405,-70.9403079,University of New Hampshire Water Treatment Plant,osm
osm_way_1443830844,water_treatment,47.313311,-68.1599511,Grand Isle Water Treatment Facility,osm
osm_relation_305465,water_treatment,44.7746415,-68.7825777,Brewer Water Pollution Control Facility,osm
osm_relation_19355176,water_treatment,44.769303,-69.7083957,,osm
osm_node_357731358,telecom_tower,43.1566171,-70.9396771,WUNH-FM (Durham),osm
osm_node_357731503,telecom_tower,43.0531193,-70.7672701,WHEB-AM (Portsmouth),osm
osm_node_357731535,telecom_tower,43.0271553,-70.8800611,WERZ-FM (Exeter),osm
osm_node_358226172,telecom_tower,44.2920963,-69.773274,,osm
osm_node_358226191,telecom_tower,44.3280998,-69.7643621,,osm
osm_node_358226371,telecom_tower,43.6052858,-70.3218819,WCSH Radio Tower (Havre De Grace),osm
osm_node_358227018,telecom_tower,46.5708256,-68.200004,Squapan Mountain Tower,osm
osm_node_358227028,telecom_tower,43.6897958,-70.3182811,,osm
osm_node_358227080,telecom_tower,44.1152105,-70.2473101,WTME-AM (Auburn),osm
osm_node_358227091,telecom_tower,43.4816488,-70.4860449,WCYY 94.3 FM,osm
osm_node_358227097,telecom_tower,46.7644163,-67.9890315,WFST-AM (Caribou),osm
osm_node_358227098,telecom_tower,46.8866918,-68.0454397,WFST-AM (Caribou),osm
osm_node_358227115,telecom_tower,45.6737477,-68.7178984,WSYY-FM (Millinocket),osm
osm_node_358227116,telecom_tower,46.341736,-67.8179139,WXME-AM (Monticello),osm
osm_node_358227119,telecom_tower,43.6898542,-70.3165929,,osm
osm_node_358227122,telecom_tower,43.6055793,-70.3207793,WYNZ-AM (Portland),osm
osm_node_358227123,telecom_tower,43.6633872,-70.2708273,WPOR-AM (Portland),osm
osm_node_358227130,telecom_tower,43.6876585,-70.3233322,,osm
osm_node_358227140,telecom_tower,44.5806973,-68.8968693,,osm
osm_node_358227147,telecom_tower,45.0290271,-67.3233277,WMED (Calais),osm
osm_node_358227148,telecom_tower,44.2109241,-69.1510219,WMFT-FM (Camden),osm
osm_node_358227155,telecom_tower,44.666923,-70.1467985,WUMF-FM (Farmington),osm
osm_node_358227160,telecom_tower,44.3096087,-69.8299884,,osm
osm_node_358227162,telecom_tower,43.7375966,-69.9938403,,osm
osm_node_358227178,telecom_tower,44.5822848,-70.6325677,WTBM-FM (Mexico),osm
osm_node_358227183,telecom_tower,43.759195,-70.320275,,osm
osm_node_358227187,telecom_tower,43.688073,-70.256928,WMGX-FM (Portland),osm
osm_node_358227190,telecom_tower,46.5475438,-67.8094183,,osm
osm_node_358227194,telecom_tower,46.7413954,-67.9350703,WOZI-FM (Presque Isle),osm
osm_node_358227199,telecom_tower,44.582281,-70.6325342,WWMR-FM (Rumford),osm
osm_node_358227204,telecom_tower,43.8256131,-70.483626,WSJB-FM (Standish),osm
osm_node_358227212,telecom_tower,44.488579,-69.6516067,,osm
osm_node_358227214,telecom_tower,43.2476902,-70.6393985,WCQL-FM (York Center),osm
osm_node_358227216,telecom_tower,43.416734,-70.8040656,WMEA-TV (Biddeford),osm
osm_node_358227218,telecom_tower,45.0290015,-67.3229774,WCRQ,osm
osm_node_358227222,telecom_tower,43.9245602,-70.4907789,,osm
osm_node_358227223,telecom_tower,43.8517835,-70.3273024,,osm
osm_node_358227225,telecom_tower,46.728571,-68.0002813,WAGM-TV (Presque Isle),osm
osm_node_358227234,telecom_tower,43.9277295,-69.9943968,,osm
osm_node_358227236,telecom_tower,44.2489371,-69.8132562,,osm
osm_node_358227238,telecom_tower,43.6860852,-70.5078076,,osm
osm_node_358227240,telecom_tower,44.0627071,-70.2492721,,osm
osm_node_358227247,telecom_tower,43.6803511,-70.3790699,WLPZ-AM (Westbrook),osm
osm_node_358227248,telecom_tower,44.3351238,-69.683465,,osm
osm_node_358227251,telecom_tower,45.1299552,-68.3575113,WHCF-FM (Bangor),osm
osm_node_358227253,telecom_tower,44.0693171,-69.923994,,osm
osm_node_358227255,telecom_tower,43.5439206,-70.4039949,,osm
osm_node_358227259,telecom_tower,43.9060376,-69.9634259,WBOR 91.1 FM,osm
osm_node_358227270,telecom_tower,43.1744892,-70.7801018,,osm
osm_node_358227272,telecom_tower,44.1452188,-70.019628,WXGL-FM (Lewiston),osm
osm_node_358227274,telecom_tower,45.7161273,-68.7977319,,osm
osm_node_358227279,telecom_tower,43.8583918,-70.7107813,WCSH-TV (Portland),osm
osm_node_358227280,telecom_tower,45.0316941,-70.3131311,,osm
osm_node_358227285,telecom_tower,43.9036912,-70.0358071,WLLB-FM (Topsham),osm
osm_node_358227287,telecom_tower,44.5661522,-69.6623204,WMHB,osm
osm_node_358227290,telecom_tower,44.1542717,-70.0097536,,osm
osm_node_807372276,telecom_tower,47.0878232,-67.7586897,,osm
osm_node_807372277,telecom_tower,47.040032,-67.7079875,,osm
osm_node_807372278,telecom_tower,47.1259258,-67.850517,,osm
osm_node_807372279,telecom_tower,47.058493,-67.7193736,,osm
osm_node_809147222,telecom_tower,47.206276,-67.7726513,,osm
osm_node_835974336,telecom_tower,46.9741449,-67.5003905,,osm
osm_node_835974459,telecom_tower,46.9784576,-67.5125551,,osm
osm_node_869700718,telecom_tower,45.5639515,-67.4253743,,osm
osm_node_869710123,telecom_tower,45.5947688,-67.3294432,,osm
osm_node_870092209,telecom_tower,45.6552286,-67.1321978,,osm
osm_node_871090223,telecom_tower,45.705838,-67.7459469,,osm
osm_node_871103218,telecom_tower,45.7299094,-67.0032622,,osm
osm_node_871227740,telecom_tower,45.6007364,-67.0886152,,osm
osm_node_871323768,telecom_tower,45.8116491,-67.5785589,VE9IRG 145.370-,osm
osm_node_874127199,telecom_tower,46.125364,-67.5857064,,osm
osm_node_874128643,telecom_tower,46.145393,-67.6397308,,osm
osm_node_874135837,telecom_tower,46.1338424,-67.5833071,,osm
osm_node_874524914,telecom_tower,46.1578167,-67.5094645,,osm
osm_node_874530529,telecom_tower,46.1590542,-67.5128978,,osm
osm_node_874919894,telecom_tower,46.1246211,-67.5854942,,osm
osm_node_876619988,telecom_tower,46.1942272,-67.4386627,,osm
osm_node_878154638,telecom_tower,46.1199824,-67.1075625,VE1PD 146.760-,osm
osm_node_878163067,telecom_tower,46.0022289,-67.1848025,,osm
osm_node_878173415,telecom_tower,46.1191402,-67.1082287,,osm
osm_node_899129960,telecom_tower,45.2776599,-67.298355,,osm
osm_node_899144728,telecom_tower,45.2669326,-67.2687553,,osm
osm_node_899299160,telecom_tower,45.3440448,-67.1796096,,osm
osm_node_899894298,telecom_tower,45.3893299,-66.9855846,,osm
osm_node_899899258,telecom_tower,45.3923916,-66.9941569,,osm
osm_node_904646842,telecom_tower,45.2253199,-67.3011028,,osm
osm_node_904654988,telecom_tower,45.1941938,-67.3024928,,osm
osm_node_907217237,telecom_tower,45.8238802,-71.0530077,,osm
osm_node_947110514,telecom_tower,43.0255911,-70.8242253,,osm
osm_node_947111021,telecom_tower,43.0823603,-70.9758801,,osm
osm_node_947111111,telecom_tower,43.2866725,-70.9507133,,osm
osm_node_947111361,telecom_tower,43.6130023,-71.0533853,,osm
osm_node_947111736,telecom_tower,43.5238507,-71.0335993,,osm
osm_node_947112069,telecom_tower,43.1538976,-70.9529039,,osm
osm_node_947112726,telecom_tower,43.1560446,-71.0595491,,osm
osm_node_947112737,telecom_tower,43.0272702,-70.8232946,,osm
osm_node_947112885,telecom_tower,43.2852737,-70.9830736,,osm
osm_node_947113705,telecom_tower,43.379852,-71.0722626,,osm
osm_node_947113804,telecom_tower,43.0748155,-70.7620477,,osm
osm_node_947113876,telecom_tower,43.1668344,-70.8584569,,osm
osm_node_947114216,telecom_tower,43.2097366,-70.8691462,,osm
osm_node_947114336,telecom_tower,43.183581,-70.8521795,,osm
osm_node_947114441,telecom_tower,43.4894691,-71.0121991,,osm
osm_node_947115063,telecom_tower,43.182475,-70.8526057,,osm
osm_node_947115149,telecom_tower,43.100051,-70.7910122,,osm
osm_node_947115179,telecom_tower,43.0250137,-71.0980578,,osm
osm_node_947115187,telecom_tower,44.0593864,-71.091141,,osm
osm_node_947115256,telecom_tower,43.1264471,-70.9382852,,osm
osm_node_947115312,telecom_tower,43.4223442,-71.0030293,,osm
osm_node_947115409,telecom_tower,43.174017,-70.8374921,,osm
osm_node_947115436,telecom_tower,43.6876339,-71.0998358,,osm
osm_node_947115439,telecom_tower,43.1156404,-70.8125578,,osm
osm_node_947115883,telecom_tower,43.2238518,-70.9710816,WOKQ,osm
osm_node_947115980,telecom_tower,43.2095531,-70.8697249,,osm
osm_node_947116074,telecom_tower,43.4068582,-71.0049542,,osm
osm_node_947116263,telecom_tower,43.0647358,-70.7902924,,osm
osm_node_947116641,telecom_tower,43.3076892,-70.999573,,osm
osm_node_947116684,telecom_tower,43.1515126,-71.0138976,,osm
osm_node_947117460,telecom_tower,43.138959,-70.9302939,,osm
osm_node_947117570,telecom_tower,43.1821914,-70.8517313,,osm
osm_node_947117867,telecom_tower,43.0461608,-71.0579528,,osm
osm_node_947117904,telecom_tower,43.0354229,-70.7875177,,osm
osm_node_947118092,telecom_tower,43.4716974,-70.9992351,,osm
osm_node_947118109,telecom_tower,43.3543964,-71.0718484,,osm
osm_node_947118495,telecom_tower,43.2364394,-70.8932096,,osm
osm_node_947118583,telecom_tower,43.0111007,-70.7729601,,osm
osm_node_947118635,telecom_tower,43.1664255,-71.0068622,,osm
osm_node_947118982,telecom_tower,43.0683714,-70.8082791,,osm
osm_node_947120330,telecom_tower,43.2876361,-70.9473355,,osm
osm_node_947120379,telecom_tower,43.3260185,-70.9717526,,osm
osm_node_947120658,telecom_tower,43.0193952,-71.0354411,,osm
osm_node_947120834,telecom_tower,43.0191319,-71.0354739,,osm
osm_node_947120912,telecom_tower,43.2780464,-71.0260387,,osm
osm_node_947121149,telecom_tower,43.5292503,-70.9889675,,osm
osm_node_947121361,telecom_tower,43.2404493,-70.9183942,,osm
osm_node_947121588,telecom_tower,43.3483931,-70.9837841,,osm
osm_node_947121793,telecom_tower,43.1707954,-70.8996473,,osm
osm_node_947121892,telecom_tower,43.0150872,-70.9745023,,osm
osm_node_947121976,telecom_tower,43.1838499,-70.8530536,,osm
osm_node_947122148,telecom_tower,43.1171326,-71.0341749,,osm
osm_node_947122611,telecom_tower,43.1238396,-70.9015373,,osm
osm_node_947122863,telecom_tower,43.1433186,-70.8777869,,osm
osm_node_947123112,telecom_tower,43.2871517,-70.9490291,,osm
osm_node_947123470,telecom_tower,43.2355664,-70.8295676,,osm
osm_node_947123677,telecom_tower,43.2275267,-70.9924972,,osm
osm_node_947123950,telecom_tower,43.1669655,-70.8596331,,osm
osm_node_947124162,telecom_tower,43.1590558,-70.9441035,,osm
osm_node_947124516,telecom_tower,43.1939548,-70.8778646,,osm
osm_node_947124625,telecom_tower,43.3696176,-70.9969995,,osm
osm_node_947124758,telecom_tower,43.0388986,-70.9386882,,osm
osm_node_947125117,telecom_tower,43.2822606,-70.9716222,,osm
osm_node_965534721,telecom_tower,45.6296621,-71.0206111,,osm
osm_node_968362904,telecom_tower,45.5891997,-71.0175912,,osm
osm_node_980035232,telecom_tower,45.5608826,-70.8908326,,osm
osm_node_983044057,telecom_tower,45.5437359,-70.7597003,,osm
osm_node_983045792,telecom_tower,45.5297447,-70.7881376,,osm
osm_node_983931593,telecom_tower,45.6008807,-70.8875707,,osm
osm_node_985555583,telecom_tower,45.6933093,-70.9644457,,osm
osm_node_1060864845,telecom_tower,43.0793993,-70.8295586,,osm
osm_node_1142675621,telecom_tower,45.8560996,-70.624208,,osm
osm_node_1142716378,telecom_tower,45.8574862,-70.9333094,,osm
osm_node_1142729472,telecom_tower,45.9351289,-70.6276712,,osm
osm_node_1142756523,telecom_tower,45.9484743,-70.8366963,,osm
osm_node_1142796011,telecom_tower,45.9535158,-70.8379375,,osm
osm_node_1148868262,telecom_tower,47.4768201,-69.269227,,osm
osm_node_1148876028,telecom_tower,47.4622941,-69.4526636,,osm
osm_node_1151579654,telecom_tower,46.9842122,-69.8123434,,osm
osm_node_1151624120,telecom_tower,46.9315833,-69.8227716,,osm
osm_node_1151631252,telecom_tower,46.9845595,-69.8124421,,osm
osm_node_1153615352,telecom_tower,46.2170641,-71.0698299,,osm
osm_node_1154017135,telecom_tower,46.0452367,-71.0714897,,osm
osm_node_1155245018,telecom_tower,46.0932931,-70.5051158,,osm
osm_node_1155354161,telecom_tower,46.1390673,-70.6394208,,osm
osm_node_1155367225,telecom_tower,46.0878787,-70.7951923,,osm
osm_node_1155402665,telecom_tower,46.1461855,-70.6300213,,osm
osm_node_1155539664,telecom_tower,46.2309167,-70.7596066,,osm
osm_node_1155564901,telecom_tower,46.216069,-70.7082084,,osm
osm_node_1155632275,telecom_tower,46.1440493,-70.6258474,,osm
osm_node_1155659238,telecom_tower,46.0997994,-70.6919116,,osm
osm_node_1155668110,telecom_tower,46.1388407,-70.6391625,,osm
osm_node_1158004115,telecom_tower,46.1806221,-70.3467137,,osm
osm_node_1158022689,telecom_tower,46.1278008,-70.3687748,,osm
osm_node_1160047600,telecom_tower,46.4047329,-71.0939741,,osm
osm_node_1160218173,telecom_tower,46.2994919,-71.024064,,osm
osm_node_1160248633,telecom_tower,46.3103532,-71.0174388,,osm
osm_node_1161881893,telecom_tower,46.476678,-70.2386747,,osm
osm_node_1161943069,telecom_tower,46.4012637,-70.4952238,,osm
osm_node_1161956954,telecom_tower,46.3590979,-70.2734415,,osm
osm_node_1161965363,telecom_tower,46.4946675,-70.3557288,,osm
osm_node_1162002075,telecom_tower,46.4102388,-70.3521894,,osm
osm_node_1162146304,telecom_tower,46.4021254,-70.5020617,,osm
osm_node_1162204748,telecom_tower,46.4176598,-70.7820382,,osm
osm_node_1162347264,telecom_tower,46.4179482,-70.7811697,,osm
osm_node_1162398640,telecom_tower,46.2791904,-70.604616,,osm
osm_node_1162491126,telecom_tower,46.4112932,-70.5944438,,osm
osm_node_1162915577,telecom_tower,46.4113434,-70.5939705,,osm
osm_node_1193784669,telecom_tower,45.8018575,-66.9125196,,osm
osm_node_1193789420,telecom_tower,45.8017597,-66.9144807,,osm
osm_node_1198781595,telecom_tower,46.86105,-71.0789956,,osm
osm_node_1200820062,telecom_tower,46.7257613,-70.7623263,,osm
osm_node_1200844730,telecom_tower,46.7270378,-70.929123,,osm
osm_node_1200973760,telecom_tower,46.5967003,-70.5744211,,osm
osm_node_1201013767,telecom_tower,46.5138626,-70.9308454,,osm
osm_node_1201014654,telecom_tower,46.631247,-70.6440733,,osm
osm_node_1201105411,telecom_tower,46.7138237,-70.6574929,,osm
osm_node_1203410618,telecom_tower,46.9393138,-70.5073815,,osm
osm_node_1203458718,telecom_tower,46.975728,-70.596792,,osm
osm_node_1204479070,telecom_tower,46.579302,-70.2873565,,osm
osm_node_1204486888,telecom_tower,46.5134289,-70.2868738,,osm
osm_node_1204502800,telecom_tower,46.6573204,-70.1463315,,osm
osm_node_1204684401,telecom_tower,46.72819,-70.3571096,,osm
osm_node_1204720118,telecom_tower,46.7244648,-70.3333774,,osm
osm_node_1204901854,telecom_tower,46.809058,-70.1998601,,osm
osm_node_1206510794,telecom_tower,47.1140196,-70.7957853,,osm
osm_node_1206553835,telecom_tower,47.1064916,-70.8019871,,osm
osm_node_1207648823,telecom_tower,47.2065337,-70.1109741,,osm
osm_node_1207671603,telecom_tower,47.1798909,-70.0949665,,osm
osm_node_1207678825,telecom_tower,47.1211655,-70.1534557,,osm
osm_node_1209315096,telecom_tower,47.481472,-70.2999589,,osm
osm_node_1209332059,telecom_tower,47.3464305,-70.0834758,,osm
osm_node_1209340452,telecom_tower,47.2821726,-70.2091461,,osm
osm_node_1209344829,telecom_tower,47.3459472,-70.0838548,,osm
osm_node_1210143624,telecom_tower,47.2875011,-70.6542069,,osm
osm_node_1210144716,telecom_tower,47.2875567,-70.649679,,osm
osm_node_1210154219,telecom_tower,47.2871871,-70.6560484,,osm
osm_node_1210157563,telecom_tower,47.3576372,-70.5539165,,osm
osm_node_1210159230,telecom_tower,47.3938786,-70.5348087,,osm
osm_node_1312252825,telecom_tower,45.125424,-67.0930843,,osm
osm_node_1313532130,telecom_tower,45.1657847,-66.905691,,osm
osm_node_1319637854,telecom_tower,44.6008681,-66.9046498,,osm
osm_node_1497761423,telecom_tower,47.4949911,-68.9483961,,osm
osm_node_1497803798,telecom_tower,47.2605798,-68.7442416,,osm
osm_node_1497803828,telecom_tower,47.2613038,-68.7436613,,osm
osm_node_1498166670,telecom_tower,47.3620391,-68.288218,,osm
osm_node_1498167139,telecom_tower,47.3631029,-68.2871444,,osm
osm_node_1498516116,telecom_tower,47.384608,-68.2199628,,osm
osm_node_1498580327,telecom_tower,47.3879732,-68.3171391,,osm
osm_node_1498580634,telecom_tower,47.3892734,-68.3163237,,osm
osm_node_1498588241,telecom_tower,47.4336794,-68.2651987,,osm
osm_node_1498748487,telecom_tower,47.2674103,-67.2466831,,osm
osm_node_1636078223,telecom_tower,46.4806313,-67.6504798,,osm
osm_node_1638094164,telecom_tower,46.4466249,-67.5787009,,osm
osm_node_1638227295,telecom_tower,46.4201622,-67.5594552,CTV Television Tower,osm
osm_node_1639517346,telecom_tower,46.4137432,-66.935728,,osm
osm_node_1642311053,telecom_tower,46.541945,-67.2787127,,osm
osm_node_1643578438,telecom_tower,46.515046,-67.6845227,,osm
osm_node_1643728795,telecom_tower,46.693564,-67.6751206,,osm
osm_node_1644869550,telecom_tower,46.6494558,-67.5924364,CBC Television and Radio Tower,osm
osm_node_1644878492,telecom_tower,46.6945866,-67.5550213,,osm
osm_node_1644878509,telecom_tower,46.6948588,-67.5555091,VE9KMT 147.060-,osm
osm_node_1644878538,telecom_tower,46.6951723,-67.5548574,,osm
osm_node_1645141920,telecom_tower,46.7542599,-67.7596527,,osm
osm_node_1646441107,telecom_tower,46.8908414,-67.4054072,,osm
osm_node_1646456438,telecom_tower,46.9333009,-67.4443018,,osm
osm_node_2032023754,telecom_tower,44.8150732,-66.9633258,,osm
osm_node_2286286222,telecom_tower,44.9412096,-68.6386926,,osm
osm_node_2293656996,telecom_tower,44.6300823,-67.2726024,,osm
osm_node_2293656997,telecom_tower,44.6300304,-67.2843913,,osm
osm_node_2293657012,telecom_tower,44.6325289,-67.2785866,,osm
osm_node_2293657025,telecom_tower,44.6348255,-67.2846215,,osm
osm_node_2293657027,telecom_tower,44.6348799,-67.2724972,,osm
osm_node_2293657034,telecom_tower,44.6373472,-67.2785634,,osm
osm_node_2293657035,telecom_tower,44.6373108,-67.2902688,,osm
osm_node_2293657037,telecom_tower,44.637413,-67.266853,,osm
osm_node_2293657054,telecom_tower,44.6398423,-67.2846665,,osm
osm_node_2293657056,telecom_tower,44.639894,-67.2725218,,osm
osm_node_2293657066,telecom_tower,44.6423603,-67.2786355,,osm
osm_node_2293657070,telecom_tower,44.6446201,-67.2845331,,osm
osm_node_2293657071,telecom_tower,44.6446844,-67.2727442,,osm
osm_node_2293657078,telecom_tower,44.6448537,-67.2903001,,osm
osm_node_2293657086,telecom_tower,44.6454355,-67.2785276,,osm
osm_node_2293657091,telecom_tower,44.6474335,-67.2846376,,osm
osm_node_2293657103,telecom_tower,44.6496272,-67.2909233,,osm
osm_node_2293657112,telecom_tower,44.6502288,-67.2788335,,osm
osm_node_2293657118,telecom_tower,44.6518427,-67.2968138,,osm
osm_node_2293657120,telecom_tower,44.6524116,-67.2851127,,osm
osm_node_2293657124,telecom_tower,44.6530064,-67.2734512,,osm
osm_node_2293657132,telecom_tower,44.6546249,-67.2914239,,osm
osm_node_2293657136,telecom_tower,44.6552226,-67.2793315,,osm
osm_node_2293657145,telecom_tower,44.657421,-67.2855996,,osm
osm_node_2293657152,telecom_tower,44.659415,-67.2917168,,osm
osm_node_2293657153,telecom_tower,44.6600008,-67.2799422,,osm
osm_node_2828157879,telecom_tower,44.908802,-68.6495993,,osm
osm_node_2828157880,telecom_tower,44.9155201,-68.651416,,osm
osm_node_3016746789,telecom_tower,44.0441279,-70.4056198,,osm
osm_node_3636217311,telecom_tower,45.4630416,-69.6225247,,osm
osm_node_3673562502,telecom_tower,43.0454881,-70.7772325,,osm
osm_node_3858050053,telecom_tower,44.0041339,-70.4234935,,osm
osm_node_3864454058,telecom_tower,44.3066291,-70.0234743,,osm
osm_node_3868330508,telecom_tower,43.8116338,-70.1794248,,osm
osm_node_3935142962,telecom_tower,45.6078245,-70.9842175,,osm
osm_node_3935165905,telecom_tower,45.6043064,-70.9858116,,osm
osm_node_3935165906,telecom_tower,45.5670139,-70.8796214,,osm
osm_node_3935165907,telecom_tower,45.9384219,-70.9388087,,osm
osm_node_3938259301,telecom_tower,46.035685,-67.3224467,,osm
osm_node_3958580996,telecom_tower,46.2989842,-67.5281766,,osm
osm_node_3980369203,telecom_tower,47.0352516,-67.7589058,VE9GFL 146.940-,osm
osm_node_4175095738,telecom_tower,47.3622298,-68.326866,,osm
osm_node_4175124757,telecom_tower,47.3677346,-68.3562766,VE9RCV 145.130-,osm
osm_node_4175124758,telecom_tower,47.3676533,-68.3569643,,osm
osm_node_4181654689,telecom_tower,46.0030799,-67.186369,,osm
osm_node_4213152347,telecom_tower,47.4151291,-68.2643809,,osm
osm_node_4243831618,telecom_tower,44.0013861,-69.6296827,,osm
osm_node_4249009711,telecom_tower,44.071136,-69.6905282,,osm
osm_node_4249011205,telecom_tower,44.1137008,-69.7369761,,osm
osm_node_4249011340,telecom_tower,44.1232916,-69.681088,,osm
osm_node_4249011395,telecom_tower,44.1254827,-69.9974291,,osm
osm_node_4291761215,telecom_tower,45.6804926,-67.0524551,,osm
osm_node_4396413066,telecom_tower,45.4845833,-69.7110041,,osm
osm_node_4411803715,telecom_tower,46.1829535,-71.089275,,osm
osm_node_4411803716,telecom_tower,46.1471824,-71.0508774,,osm
osm_node_4429374942,telecom_tower,45.3506357,-71.0693247,,osm
osm_node_4429374944,telecom_tower,46.1094138,-70.9759994,,osm
osm_node_4429374945,telecom_tower,46.1232493,-71.0307428,,osm
osm_node_4429998700,telecom_tower,45.8289963,-70.6158292,,osm
osm_node_4429998701,telecom_tower,45.892007,-70.6097795,,osm
osm_node_4429998702,telecom_tower,45.9627376,-70.6851067,,osm
osm_node_4429998703,telecom_tower,46.0492194,-70.6745797,,osm
osm_node_4429998704,telecom_tower,46.0878453,-70.6852796,,osm
osm_node_4429998705,telecom_tower,46.0889868,-70.6835588,,osm
osm_node_4429998706,telecom_tower,46.0702444,-70.6074299,,osm
osm_node_4429998707,telecom_tower,45.9545862,-70.5246937,,osm
osm_node_4429998708,telecom_tower,45.8669923,-70.4312032,,osm
osm_node_4429998709,telecom_tower,45.8474102,-70.4180122,,osm
osm_node_4431807207,telecom_tower,46.0990188,-70.6799282,,osm
osm_node_4431807208,telecom_tower,46.1980829,-70.7756542,,osm
osm_node_4431807209,telecom_tower,46.1588322,-70.7481754,,osm
osm_node_4431807210,telecom_tower,46.1826981,-70.5978839,,osm
osm_node_4431807211,telecom_tower,46.2099004,-70.48676,,osm
osm_node_4431807212,telecom_tower,46.2101223,-70.4864073,,osm
osm_node_4434699900,telecom_tower,46.2702657,-70.9535615,,osm
osm_node_4434699901,telecom_tower,46.3655511,-70.9528583,,osm
osm_node_4434699902,telecom_tower,46.3678202,-70.9474098,,osm
osm_node_4434699903,telecom_tower,46.389847,-70.984266,,osm
osm_node_4434699904,telecom_tower,46.3915182,-70.982286,,osm
osm_node_4434699905,telecom_tower,46.4008189,-70.9037698,,osm
osm_node_4434699906,telecom_tower,46.3156142,-70.8732009,,osm
osm_node_4434699907,telecom_tower,46.3172452,-70.8675514,,osm
osm_node_4434699908,telecom_tower,46.3241424,-70.8497177,,osm
osm_node_4434699909,telecom_tower,46.2918056,-70.8028051,,osm
osm_node_4434699910,telecom_tower,46.2643211,-70.8380026,,osm
osm_node_4434699911,telecom_tower,46.2296011,-70.7570662,,osm
osm_node_4434699912,telecom_tower,46.1313645,-70.3681097,,osm
osm_node_4434699913,telecom_tower,46.3571801,-70.2687502,,osm
osm_node_4436480800,telecom_tower,46.3126481,-71.006676,,osm
osm_node_4436480801,telecom_tower,46.39896,-71.0831769,,osm
osm_node_4445720386,telecom_tower,46.4537244,-71.002849,,osm
osm_node_4445720387,telecom_tower,46.4640234,-71.0245635,,osm
osm_node_4445720388,telecom_tower,46.4781547,-71.0416399,,osm
osm_node_4445721689,telecom_tower,46.5292336,-71.0845268,,osm
osm_node_4445721690,telecom_tower,46.5284468,-71.0827656,,osm
osm_node_4471940426,telecom_tower,45.946619,-67.2800418,,osm
osm_node_4585117935,telecom_tower,43.6739311,-70.3416671,,osm
osm_node_4604146632,telecom_tower,46.0814055,-70.9441098,,osm
osm_node_4674230047,telecom_tower,44.8373519,-68.7359558,,osm
osm_node_4720434454,telecom_tower,46.3799851,-67.6450427,,osm
osm_node_4743143784,telecom_tower,46.5698647,-70.9000785,,osm
osm_node_4743143785,telecom_tower,46.6040147,-70.8578072,,osm
osm_node_4743143786,telecom_tower,46.6141357,-70.7463319,,osm
osm_node_4743143787,telecom_tower,46.6486642,-70.8001882,,osm
osm_node_4743143788,telecom_tower,46.6445453,-70.6651676,,osm
osm_node_4743143789,telecom_tower,46.6100359,-70.4932766,,osm
osm_node_4743143790,telecom_tower,46.6323959,-70.9654155,,osm
osm_node_4743143791,telecom_tower,46.6336652,-70.9636198,,osm
osm_node_4743143792,telecom_tower,46.7020843,-70.8706961,,osm
osm_node_4743143793,telecom_tower,46.7077883,-70.8776798,,osm
osm_node_4743143794,telecom_tower,46.7600719,-70.9594358,,osm
osm_node_4743143795,telecom_tower,46.6859086,-71.0879115,,osm
osm_node_4743143796,telecom_tower,46.6865787,-71.082854,,osm
osm_node_4743143806,telecom_tower,46.8207628,-71.0711881,,osm
osm_node_4743143807,telecom_tower,46.8157518,-71.0448689,,osm
osm_node_4743143808,telecom_tower,46.8191324,-70.9647092,,osm
osm_node_4743143809,telecom_tower,46.8210763,-70.9641727,,osm
osm_node_4743143810,telecom_tower,46.8544649,-70.9092812,,osm
osm_node_4743143811,telecom_tower,46.8612474,-70.8935705,,osm
osm_node_4743143812,telecom_tower,46.7955012,-70.7419057,,osm
osm_node_4747919211,telecom_tower,46.7463043,-70.5868331,,osm
osm_node_4747919212,telecom_tower,46.6875893,-70.4497328,,osm
osm_node_4747919213,telecom_tower,46.7270262,-70.3542105,,osm
osm_node_4747919214,telecom_tower,46.770654,-70.4323242,,osm
osm_node_4747919215,telecom_tower,46.8851511,-70.7548138,,osm
osm_node_4747919216,telecom_tower,46.9122408,-70.7147575,,osm
osm_node_4747919217,telecom_tower,46.971973,-70.5793871,,osm
osm_node_4747919218,telecom_tower,46.9276749,-70.5115404,,osm
osm_node_4747919219,telecom_tower,46.8985308,-70.4524635,,osm
osm_node_4747919220,telecom_tower,46.8304544,-70.4071433,,osm
osm_node_4747919221,telecom_tower,46.8149819,-70.3804934,,osm
osm_node_4747919222,telecom_tower,46.7930045,-70.3398301,,osm
osm_node_4747919223,telecom_tower,47.0621954,-70.5479756,,osm
osm_node_4747919224,telecom_tower,47.0277126,-70.4617501,,osm
osm_node_4747919225,telecom_tower,47.0547151,-70.3880392,,osm
osm_node_4747919226,telecom_tower,47.0814694,-70.3469191,,osm
osm_node_4747919227,telecom_tower,47.1118126,-70.3419113,,osm
osm_node_4747919228,telecom_tower,47.118631,-70.2152925,,osm
osm_node_4747919229,telecom_tower,46.9570414,-69.7810595,,osm
osm_node_4747919230,telecom_tower,47.1856526,-70.2932233,,osm
osm_node_4747919231,telecom_tower,47.2037825,-70.2463225,,osm
osm_node_4749127202,telecom_tower,47.2577181,-70.2006121,,osm
osm_node_4749127203,telecom_tower,47.2575356,-70.1985598,,osm
osm_node_4749127204,telecom_tower,47.2329994,-70.0914245,,osm
osm_node_4749127205,telecom_tower,47.3201537,-70.1192136,,osm
osm_node_4749127206,telecom_tower,47.3206409,-70.0440932,,osm
osm_node_4749127208,telecom_tower,47.4118219,-69.9377634,,osm
osm_node_4749127209,telecom_tower,47.4864569,-69.8605708,,osm
osm_node_4749127210,telecom_tower,47.4867214,-69.8593331,,osm
osm_node_4751165813,telecom_tower,47.4609795,-69.2621777,,osm
osm_node_4751165814,telecom_tower,47.4649631,-69.0126029,,osm
osm_node_4812742143,telecom_tower,43.2094087,-70.8707408,,osm
osm_node_4974296747,telecom_tower,43.639333,-70.2376737,,osm
osm_node_4982396363,telecom_tower,44.7808321,-68.7471619,,osm
osm_node_4982431259,telecom_tower,44.7806928,-68.7481824,,osm
osm_node_5062545444,telecom_tower,45.6671824,-68.767408,,osm
osm_node_5113958233,telecom_tower,45.607408,-70.981091,,osm
osm_node_5113958234,telecom_tower,45.6078545,-70.9820914,,osm
osm_node_5113958235,telecom_tower,45.6079691,-70.9823934,,osm
osm_node_5152047294,telecom_tower,45.3520373,-68.2792986,,osm
osm_node_5158992102,telecom_tower,45.6560515,-68.7148496,,osm
osm_node_5251308992,telecom_tower,46.6762361,-70.3518958,,osm
osm_node_5257749972,telecom_tower,47.0603134,-70.8690226,,osm
osm_node_5257749973,telecom_tower,47.11024,-70.7982529,,osm
osm_node_5257749974,telecom_tower,47.1708663,-70.7715047,,osm
osm_node_5257749975,telecom_tower,47.2942058,-70.6624457,,osm
osm_node_5257749976,telecom_tower,47.3950246,-70.5354529,,osm
osm_node_5261099637,telecom_tower,46.523173,-70.2110625,,osm
osm_node_5307429634,telecom_tower,46.6577758,-70.1474799,,osm
osm_node_5307429635,telecom_tower,46.6564799,-70.1458454,,osm
osm_node_5387664994,telecom_tower,46.1887484,-70.7071494,,osm
osm_node_5485582181,telecom_tower,46.1952637,-70.6082107,,osm
osm_node_5485582182,telecom_tower,46.1400769,-70.634848,,osm
osm_node_5485582183,telecom_tower,46.1416523,-70.679477,,osm
osm_node_5485582184,telecom_tower,46.1166885,-70.671866,,osm
osm_node_5550089793,telecom_tower,45.833746,-71.0884004,,osm
osm_node_5611980351,telecom_tower,45.3896631,-70.9974576,,osm
osm_node_5992513187,telecom_tower,45.014125,-69.3035897,,osm
osm_node_6172621803,telecom_tower,44.5243787,-68.4019778,,osm
osm_node_6256735197,telecom_tower,44.0625276,-70.2498503,,osm
osm_node_6256799592,telecom_tower,44.0692808,-70.2834403,,osm
osm_node_6256873774,telecom_tower,44.0848679,-70.191851,,osm
osm_node_6256889044,telecom_tower,44.0390233,-70.2588351,,osm
osm_node_6256942644,telecom_tower,44.0843271,-70.1412933,,osm
osm_node_6256942645,telecom_tower,44.0863048,-70.1336262,,osm
osm_node_6256942646,telecom_tower,44.0859282,-70.1328228,,osm
osm_node_6256954973,telecom_tower,44.0893902,-70.1913037,,osm
osm_node_6256993385,telecom_tower,44.0940113,-70.2471289,,osm
osm_node_6257001926,telecom_tower,44.0942041,-70.2467361,,osm
osm_node_6257034422,telecom_tower,44.1320789,-70.2140142,,osm
osm_node_6257045259,telecom_tower,44.1469754,-70.0259945,,osm
osm_node_6257054992,telecom_tower,44.1541255,-70.0095727,,osm
osm_node_6257054993,telecom_tower,44.1541846,-70.0096062,,osm
osm_node_6257059253,telecom_tower,44.1640156,-70.3428559,,osm
osm_node_6257059254,telecom_tower,44.1637462,-70.3436632,,osm
osm_node_6257071175,telecom_tower,44.1977473,-70.2414439,,osm
osm_node_6257076516,telecom_tower,43.9836315,-70.6524043,,osm
osm_node_6353276861,telecom_tower,46.0567792,-71.0712988,,osm
osm_node_6353276862,telecom_tower,46.0776224,-70.8022072,,osm
osm_node_6372791763,telecom_tower,46.5436801,-67.6678363,,osm
osm_node_6382583720,telecom_tower,43.135021,-70.7085692,,osm
osm_node_6382583721,telecom_tower,43.1351171,-70.7084241,,osm
osm_node_6416593220,telecom_tower,46.6062026,-70.4890828,,osm
osm_node_6416593221,telecom_tower,46.5903283,-70.5412722,,osm
osm_node_6450954348,telecom_tower,46.0286518,-70.5332547,,osm
osm_node_6450954366,telecom_tower,45.9556904,-70.5046361,,osm
osm_node_6450954777,telecom_tower,46.1522777,-70.8807417,,osm
osm_node_6450954820,telecom_tower,46.1347445,-70.8941065,,osm
osm_node_6450954879,telecom_tower,46.0578037,-70.9516694,,osm
osm_node_6501505140,telecom_tower,44.9506094,-68.9104517,,osm
osm_node_6512123786,telecom_tower,43.9033119,-70.0348009,,osm
osm_node_6518258474,telecom_tower,43.6523404,-70.368819,,osm
osm_node_6518287560,telecom_tower,43.5917402,-70.7416853,,osm
osm_node_6518492399,telecom_tower,43.8237848,-71.0478103,,osm
osm_node_6519012220,telecom_tower,43.5232919,-70.4480106,,osm
osm_node_6572679878,telecom_tower,44.1069063,-68.8911155,,osm
osm_node_6590075873,telecom_tower,46.7266892,-70.2857154,,osm
osm_node_6728130444,telecom_tower,44.696584,-67.1892621,,osm
osm_node_6732243198,telecom_tower,44.9872707,-67.4667915,,osm
osm_node_6732243199,telecom_tower,44.9868951,-67.4671752,,osm
osm_node_6732243204,telecom_tower,44.9863535,-67.4660969,,osm
osm_node_6778539980,telecom_tower,43.4189823,-70.7988234,,osm
osm_node_6778539981,telecom_tower,43.4203757,-70.801171,,osm
osm_node_6778539982,telecom_tower,43.4197891,-70.7982584,,osm
osm_node_6778539983,telecom_tower,43.4204658,-70.8036212,,osm
osm_node_6778539984,telecom_tower,43.4188775,-70.8001564,,osm
osm_node_6778584985,telecom_tower,43.4182176,-70.8008152,,osm
osm_node_6784997897,telecom_tower,43.436294,-70.7760883,,osm
osm_node_6789146610,telecom_tower,43.4619811,-70.8065709,,osm
osm_node_6799708706,telecom_tower,43.8900413,-70.0739048,,osm
osm_node_6875108776,telecom_tower,45.1071826,-70.816599,,osm
osm_node_6883759397,telecom_tower,43.4057071,-70.8644852,,osm
osm_node_6894734038,telecom_tower,43.373854,-70.895564,,osm
osm_node_6895322426,telecom_tower,43.3497019,-70.943684,,osm
osm_node_6957694171,telecom_tower,43.2240106,-70.6927186,,osm
osm_node_6957694187,telecom_tower,43.2238102,-70.692977,,osm
osm_node_6964227839,telecom_tower,43.2338479,-70.8014747,,osm
osm_node_6969667683,telecom_tower,43.4189705,-70.8001819,,osm
osm_node_6984865649,telecom_tower,43.4609648,-70.7195815,,osm
osm_node_6984958598,telecom_tower,43.4565911,-70.7192872,,osm
osm_node_7025529563,telecom_tower,43.1965074,-70.6455579,,osm
osm_node_7025529564,telecom_tower,43.1957525,-70.6433562,,osm
osm_node_7030498679,telecom_tower,43.1669904,-70.6520975,,osm
osm_node_7066722704,telecom_tower,46.1974489,-70.7013716,,osm
osm_node_7117508924,telecom_tower,43.5305937,-70.9115043,,osm
osm_node_7118237730,telecom_tower,43.220103,-70.7949436,,osm
osm_node_7126918343,telecom_tower,43.2766968,-70.6259996,,osm
osm_node_7126918352,telecom_tower,43.2780414,-70.625809,,osm
osm_node_7129602024,telecom_tower,43.3604457,-70.585335,,osm
osm_node_7135008464,telecom_tower,43.4055688,-70.6128605,,osm
osm_node_7147350690,telecom_tower,43.3602736,-70.4856104,,osm
osm_node_7149639297,telecom_tower,43.5739718,-70.6458731,,osm
osm_node_7149960302,telecom_tower,43.5206223,-70.6632709,American Tower Cell Tower,osm
osm_node_7149960311,telecom_tower,43.5210857,-70.6650569,,osm
osm_node_7151949443,telecom_tower,43.4832134,-70.6258142,,osm
osm_node_7157243173,telecom_tower,43.647876,-70.4115758,,osm
osm_node_7157244527,telecom_tower,43.69452,-70.4411878,,osm
osm_node_7157246588,telecom_tower,43.6393413,-70.4154782,,osm
osm_node_7157281313,telecom_tower,44.8280971,-68.9144219,,osm
osm_node_7157281579,telecom_tower,44.7802414,-68.8678405,,osm
osm_node_7157343302,telecom_tower,43.3732293,-70.4598967,,osm
osm_node_7157480386,telecom_tower,44.6777245,-68.7537203,,osm
osm_node_7157481558,telecom_tower,44.7235724,-68.805072,,osm
osm_node_7157481584,telecom_tower,44.6807345,-68.7559045,,osm
osm_node_7157886343,telecom_tower,44.0346383,-69.6688715,,osm
osm_node_7158859078,telecom_tower,46.7401396,-67.9344697,,osm
osm_node_7158859086,telecom_tower,46.6826747,-67.9986821,,osm
osm_node_7158859385,telecom_tower,46.7416016,-67.9334788,,osm
osm_node_7159404459,telecom_tower,45.3744473,-68.6152542,,osm
osm_node_7159527779,telecom_tower,43.9891596,-70.0624792,,osm
osm_node_7159543390,telecom_tower,43.9989236,-70.1777563,,osm
osm_node_7159544092,telecom_tower,43.9383054,-70.1100856,,osm
osm_node_7159545117,telecom_tower,45.8177679,-68.4075037,,osm
osm_node_7159727217,telecom_tower,43.417508,-70.5131895,,osm
osm_node_7161049183,telecom_tower,43.5878656,-70.7398825,,osm
osm_node_7166871974,telecom_tower,45.1956037,-70.4926298,,osm
osm_node_7167178431,telecom_tower,43.2029705,-70.7853437,,osm
osm_node_7167235616,telecom_tower,43.6414137,-70.9155285,,osm
osm_node_7167476017,telecom_tower,43.1029242,-70.6899446,,osm
osm_node_7167493302,telecom_tower,43.5210829,-70.6650811,,osm
osm_node_7167493936,telecom_tower,43.5204677,-70.6638683,US Gov Cell Tower,osm
osm_node_7167510820,telecom_tower,45.5653495,-70.1362539,,osm
osm_node_7170764621,telecom_tower,43.6996352,-70.2586103,Cell Tower,osm
osm_node_7171101726,telecom_tower,43.5558359,-70.7566309,Waterboro Mast,osm
osm_node_7171101727,telecom_tower,43.5557377,-70.7564914,,osm
osm_node_7172276786,telecom_tower,43.6893603,-70.7851423,,osm
osm_node_7172568467,telecom_tower,43.3512612,-70.7389122,,osm
osm_node_7172575745,telecom_tower,44.7238779,-68.6106512,,osm
osm_node_7172575782,telecom_tower,44.735268,-68.6157552,,osm
osm_node_7172586374,telecom_tower,43.286637,-70.7487891,,osm
osm_node_7172586825,telecom_tower,43.3294845,-70.7452464,,osm
osm_node_7172588115,telecom_tower,45.2999521,-67.6688059,,osm
osm_node_7172588897,telecom_tower,44.1469753,-70.0259884,,osm
osm_node_7172590344,telecom_tower,45.0141268,-69.3035437,,osm
osm_node_7172591522,telecom_tower,45.0209177,-69.2847249,,osm
osm_node_7172774345,telecom_tower,44.4311759,-69.7564621,,osm
osm_node_7172869517,telecom_tower,43.4824748,-70.5238137,,osm
osm_node_7172869518,telecom_tower,43.4834616,-70.5238034,,osm
osm_node_7173157839,telecom_tower,45.5773435,-68.5899038,,osm
osm_node_7173159259,telecom_tower,43.4267672,-70.4211181,,osm
osm_node_7173164160,telecom_tower,43.4665154,-70.4083466,,osm
osm_node_7173175813,telecom_tower,43.824069,-69.5951759,,osm
osm_node_7173175827,telecom_tower,43.9141814,-69.6132672,Cell Tower,osm
osm_node_7173175842,telecom_tower,43.879182,-69.6258809,,osm
osm_node_7173188681,telecom_tower,43.9836306,-70.6524402,,osm
osm_node_7173201769,telecom_tower,44.2784436,-69.6859925,,osm
osm_node_7173206092,telecom_tower,43.7518398,-70.8274044,,osm
osm_node_7173206235,telecom_tower,43.7890066,-70.7747897,,osm
osm_node_7173237258,telecom_tower,43.8770311,-70.1966432,,osm
osm_node_7175557839,telecom_tower,43.5134499,-70.3893953,,osm
osm_node_7175567442,telecom_tower,44.9094842,-70.0095543,,osm
osm_node_7175680334,telecom_tower,43.7644214,-69.3153409,Communications Tower,osm
osm_node_7176250906,telecom_tower,44.2424464,-70.4976865,,osm
osm_node_7176252931,telecom_tower,44.2258527,-70.5226255,,osm
osm_node_7176260730,telecom_tower,45.2403564,-69.9903417,,osm
osm_node_7176281308,telecom_tower,45.0710058,-68.896307,,osm
osm_node_7176338413,telecom_tower,43.9461301,-69.7576808,,osm
osm_node_7176342877,telecom_tower,44.6766815,-67.5499143,,osm
osm_node_7176426046,telecom_tower,43.9165086,-69.4849634,,osm
osm_node_7176426125,telecom_tower,43.9681363,-69.5175522,,osm
osm_node_7176430440,telecom_tower,44.2965433,-70.6173321,,osm
osm_node_7176522962,telecom_tower,43.5091565,-70.5056209,,osm
osm_node_7176527680,telecom_tower,43.5442005,-70.4038902,,osm
osm_node_7176528032,telecom_tower,43.5569141,-70.5071038,,osm
osm_node_7176535585,telecom_tower,43.861645,-68.8959559,,osm
osm_node_7176542422,telecom_tower,43.9294827,-70.3516656,Communications Tower - Gray RCC,osm
osm_node_7176542678,telecom_tower,43.8820988,-70.3896778,,osm
osm_node_7176542931,telecom_tower,43.8870705,-70.3320792,,osm
osm_node_7176543494,telecom_tower,43.9015625,-70.3590399,,osm
osm_node_7176544002,telecom_tower,43.8516755,-70.327077,,osm
osm_node_7176545014,telecom_tower,43.84911,-70.3410376,,osm
osm_node_7176545362,telecom_tower,43.8510591,-70.3011543,,osm
osm_node_7176554539,telecom_tower,44.0447408,-69.4845457,,osm
osm_node_7176557327,telecom_tower,43.8374304,-70.8190518,,osm
osm_node_7176564560,telecom_tower,45.3145381,-68.9870478,,osm
osm_node_7176595513,telecom_tower,43.324516,-70.5554584,Omni Pole,osm
osm_node_7176595550,telecom_tower,43.3604449,-70.585342,,osm
osm_node_7176597046,telecom_tower,43.342456,-70.5744876,,osm
osm_node_7176626046,telecom_tower,45.574058,-68.5198951,,osm
osm_node_7176626047,telecom_tower,45.5735633,-68.5215443,,osm
osm_node_7176626760,telecom_tower,44.5929634,-67.6620311,,osm
osm_node_7178204648,telecom_tower,44.0714912,-69.480539,,osm
osm_node_7179449561,telecom_tower,43.8141738,-69.9409695,,osm
osm_node_7179652466,telecom_tower,43.9030107,-70.2562256,,osm
osm_node_7179652745,telecom_tower,43.9502863,-70.2955054,,osm
osm_node_7179653190,telecom_tower,43.9512157,-70.295725,,osm
osm_node_7179654499,telecom_tower,43.9718606,-70.3189164,,osm
osm_node_7179679688,telecom_tower,45.1165272,-67.4015389,Verizon Tower,osm
osm_node_7179679695,telecom_tower,45.1526908,-67.4163349,,osm
osm_node_7179989970,telecom_tower,44.059517,-69.2277514,,osm
osm_node_7183097499,telecom_tower,43.9681672,-70.5272188,,osm
osm_node_7183099883,telecom_tower,43.9676593,-70.5268766,,osm
osm_node_7184432375,telecom_tower,46.7917647,-68.1712099,,osm
osm_node_7185034153,telecom_tower,45.2354051,-68.6732447,,osm
osm_node_7185034233,telecom_tower,45.5503519,-68.8598015,,osm
osm_node_7185041333,telecom_tower,44.8443641,-68.8299408,,osm
osm_node_7185042971,telecom_tower,44.8019832,-68.8029052,,osm
osm_node_7185042979,telecom_tower,44.852722,-68.7841177,,osm
osm_node_7185043114,telecom_tower,44.8267609,-68.7687864,,osm
osm_node_7185044501,telecom_tower,44.8074382,-68.7828244,,osm
osm_node_7185045319,telecom_tower,44.8294909,-68.7935071,,osm
osm_node_7185055328,telecom_tower,43.912341,-70.6608677,,osm
osm_node_7185068412,telecom_tower,44.8632812,-68.3307257,,osm
osm_node_7185073110,telecom_tower,44.4940253,-67.9230617,,osm
osm_node_7185073111,telecom_tower,44.4938781,-67.9227185,,osm
osm_node_7185073193,telecom_tower,44.5098529,-67.9859054,,osm
osm_node_7185103430,telecom_tower,43.5350333,-70.9385509,Verizon Wireless Tower VZW,osm
osm_node_7185204733,telecom_tower,46.8364873,-68.0115592,,osm
osm_node_7185222982,telecom_tower,44.3979172,-70.7846377,,osm
osm_node_7185223216,telecom_tower,44.4012218,-70.8470514,,osm
osm_node_7185240947,telecom_tower,46.8529356,-67.9844127,,osm
osm_node_7185240969,telecom_tower,46.8481194,-68.0215088,,osm
osm_node_7185281982,telecom_tower,43.1367265,-70.7768999,,osm
osm_node_7185306313,telecom_tower,44.9015646,-68.7224767,,osm
osm_node_7185306379,telecom_tower,44.8725471,-68.6797942,,osm
osm_node_7185306604,telecom_tower,44.8620481,-68.6919784,,osm
osm_node_7185306773,telecom_tower,44.8841389,-68.7107592,,osm
osm_node_7188370344,telecom_tower,43.8036517,-70.3367071,,osm
osm_node_7188370346,telecom_tower,43.7437975,-70.3221477,,osm
osm_node_7188447450,telecom_tower,45.0098866,-69.5176918,,osm
osm_node_7188447500,telecom_tower,45.0052521,-69.5203337,,osm
osm_node_7188491882,telecom_tower,43.6080287,-70.2809235,,osm
osm_node_7197673911,telecom_tower,43.6117848,-70.3078323,,osm
osm_node_7198426347,telecom_tower,44.0969705,-70.6552946,,osm
osm_node_7198624926,telecom_tower,44.8041461,-69.3588747,,osm
osm_node_7198624965,telecom_tower,44.8257728,-69.354904,,osm
osm_node_7198624972,telecom_tower,44.8093075,-69.4236479,,osm
osm_node_7199024366,telecom_tower,44.6885445,-70.1407896,,osm
osm_node_7199024397,telecom_tower,44.6827181,-70.1478556,,osm
osm_node_7199186063,telecom_tower,45.1678863,-69.2369735,,osm
osm_node_7199207229,telecom_tower,44.6154212,-70.4616239,,osm
osm_node_7199331472,telecom_tower,47.1687046,-68.8626264,Communications Tower - Saint Francis,osm
osm_node_7199334702,telecom_tower,44.7434055,-67.962128,,osm
osm_node_7207101419,telecom_tower,45.3966138,-66.9966549,VE1BI 146.700-,osm
osm_node_7207119130,telecom_tower,47.3337122,-67.9099479,VE9STL 145.350-,osm
osm_node_7208896347,telecom_tower,46.4222426,-68.0237843,,osm
osm_node_7208896348,telecom_tower,46.4209478,-68.0244932,,osm
osm_node_7208947603,telecom_tower,44.9872834,-70.1576094,,osm
osm_node_7209076209,telecom_tower,43.6304208,-70.4783999,,osm
osm_node_7209077444,telecom_tower,43.6137971,-70.5084445,,osm
osm_node_7209111672,telecom_tower,44.7705538,-68.7368545,,osm
osm_node_7209111793,telecom_tower,44.7976072,-68.7186577,,osm
osm_node_7209113693,telecom_tower,44.7987893,-68.7529544,,osm
osm_node_7209140886,telecom_tower,46.1625108,-67.841031,,osm
osm_node_7209141063,telecom_tower,46.1190208,-67.8251223,,osm
osm_node_7209261860,telecom_tower,45.9893473,-68.5250761,,osm
osm_node_7209264497,telecom_tower,46.1194993,-67.1068955,,osm
osm_node_7209294860,telecom_tower,46.0318609,-68.4478797,,osm
osm_node_7209295272,telecom_tower,45.9896534,-68.5260504,Communications Tower - Patten,osm
osm_node_7209322328,telecom_tower,43.5715526,-70.7023205,,osm
osm_node_7209324349,telecom_tower,43.6417287,-70.7064914,,osm
osm_node_7209417095,telecom_tower,44.9412228,-68.6386945,,osm
osm_node_7209455970,telecom_tower,45.5388166,-68.3188752,,osm
osm_node_7209468660,telecom_tower,44.4751651,-69.8409998,,osm
osm_node_7209476151,telecom_tower,45.4377672,-69.0423461,,osm
osm_node_7214978379,telecom_tower,44.7845472,-67.0697884,,osm
osm_node_7214978591,telecom_tower,44.8150849,-66.9634372,,osm
osm_node_7215017681,telecom_tower,43.500656,-70.853256,,osm
osm_node_7215017989,telecom_tower,43.5746558,-70.8636666,,osm
osm_node_7215025772,telecom_tower,46.5506658,-67.8090901,,osm
osm_node_7215319183,telecom_tower,44.1152154,-70.2473102,,osm
osm_node_7215332413,telecom_tower,44.0767409,-70.7894216,,osm
osm_node_7215333576,telecom_tower,44.0447773,-70.6988087,,osm
osm_node_7215341609,telecom_tower,45.1514293,-69.4242222,,osm
osm_node_7215359570,telecom_tower,44.1018617,-70.0040052,,osm
osm_node_7215359592,telecom_tower,44.0692345,-69.924219,,osm
osm_node_7215360322,telecom_tower,44.0417514,-69.9556531,,osm
osm_node_7215360362,telecom_tower,44.102027,-70.0046639,,osm
osm_node_7215360376,telecom_tower,44.1078656,-69.9208058,,osm
osm_node_7215367497,telecom_tower,44.3635692,-69.0565178,,osm
osm_node_7215374237,telecom_tower,46.6041979,-68.4145207,,osm
osm_node_7215426352,telecom_tower,44.9087691,-68.6498239,,osm
osm_node_7215426916,telecom_tower,44.9688092,-68.7167442,,osm
osm_node_7215437921,telecom_tower,44.3998934,-69.555117,,osm
osm_node_7215448595,telecom_tower,44.5213853,-69.5867342,,osm
osm_node_7215448887,telecom_tower,44.5234804,-69.6448053,,osm
osm_node_7215449067,telecom_tower,44.564346,-69.6103879,,osm
osm_node_7215450423,telecom_tower,44.5307867,-69.5966579,Radio Tower,osm
osm_node_7215521314,telecom_tower,44.0969795,-69.8680469,,osm
osm_node_7217171833,telecom_tower,44.211779,-69.0895875,,osm
osm_node_7223562098,telecom_tower,43.8229548,-70.4377181,,osm
osm_node_7223562260,telecom_tower,43.8567817,-70.4561065,,osm
osm_node_7223562653,telecom_tower,43.7665661,-70.3772033,,osm
osm_node_7223563685,telecom_tower,43.8019136,-70.400628,,osm
osm_node_7223565736,telecom_tower,43.8426834,-70.3961205,,osm
osm_node_7224282058,telecom_tower,44.004163,-70.4233719,,osm
osm_node_7224283101,telecom_tower,44.0243078,-70.3592119,,osm
osm_node_7224283102,telecom_tower,44.0782063,-70.3949539,,osm
osm_node_7230901251,telecom_tower,43.5896114,-70.3721075,,osm
osm_node_7230903901,telecom_tower,43.6052514,-70.3212277,,osm
osm_node_7230905849,telecom_tower,43.5982207,-70.4357127,,osm
osm_node_7230905851,telecom_tower,43.61689,-70.3797497,,osm
osm_node_7230905856,telecom_tower,43.5754285,-70.3202146,,osm
osm_node_7230905966,telecom_tower,43.6003895,-70.3102554,,osm
osm_node_7230969081,telecom_tower,43.4612848,-70.742486,,osm
osm_node_7231249479,telecom_tower,43.763658,-70.2297238,,osm
osm_node_7231435567,telecom_tower,45.3452995,-68.5083255,,osm
osm_node_7231471459,telecom_tower,45.4215687,-68.4220247,,osm
osm_node_7231471820,telecom_tower,45.421134,-68.4223806,,osm
osm_node_7231472607,telecom_tower,45.3458883,-68.5068529,,osm
osm_node_7231472965,telecom_tower,45.3453125,-68.5071511,,osm
osm_node_7231472966,telecom_tower,45.3445538,-68.5065641,,osm
osm_node_7231478244,telecom_tower,44.7474658,-69.4469602,,osm
osm_node_7231478297,telecom_tower,44.817533,-69.4513183,,osm
osm_node_7242699481,telecom_tower,43.8086603,-69.741949,,osm
osm_node_7242699901,telecom_tower,43.7746379,-69.7680699,,osm
osm_node_7242699902,telecom_tower,43.829418,-69.7183671,,osm
osm_node_7270631524,telecom_tower,43.9570081,-70.0108856,,osm
osm_node_7270631880,telecom_tower,43.9810341,-69.9411756,,osm
osm_node_7270631904,telecom_tower,43.9407967,-69.9595206,,osm
osm_node_7288991065,telecom_tower,44.5398338,-70.2266046,,osm
osm_node_7288991669,telecom_tower,44.5766131,-70.2433235,,osm
osm_node_7289184222,telecom_tower,44.1265469,-69.1375794,,osm
osm_node_7289209197,telecom_tower,44.7684943,-69.9745924,,osm
osm_node_7289209222,telecom_tower,44.7247112,-69.9746272,,osm
osm_node_7289243796,telecom_tower,44.826399,-69.2491939,,osm
osm_node_7289266628,telecom_tower,44.683348,-69.6924194,,osm
osm_node_7289615177,telecom_tower,44.7869212,-69.1636963,,osm
osm_node_7289619941,telecom_tower,44.8122426,-69.1038228,,osm
osm_node_7289620289,telecom_tower,44.7903012,-69.1670244,,osm
osm_node_7289624100,telecom_tower,46.153697,-67.9512131,,osm
osm_node_7289636182,telecom_tower,43.717689,-70.7257962,,osm
osm_node_7289637097,telecom_tower,43.7663995,-70.7224491,,osm
osm_node_7289637560,telecom_tower,43.7504798,-70.6932958,,osm
osm_node_7289637561,telecom_tower,43.7423803,-70.6616497,,osm
osm_node_7343558649,telecom_tower,45.0672672,-69.1662532,Communications Tower - Garland(DOT),osm
osm_node_7344012893,telecom_tower,43.2454902,-70.6019768,,osm
osm_node_7344017927,telecom_tower,45.3455355,-69.9692101,,osm
osm_node_7344140303,telecom_tower,43.8338559,-69.8278113,,osm
osm_node_7344140318,telecom_tower,43.7955635,-69.8322664,,osm
osm_node_7344153654,telecom_tower,43.833198,-69.6613606,,osm
osm_node_7351086710,telecom_tower,43.7509886,-70.7814617,,osm
osm_node_7359830145,telecom_tower,44.4891517,-69.6513965,,osm
osm_node_7359830411,telecom_tower,44.4890823,-69.6509472,,osm
osm_node_7359845901,telecom_tower,44.162825,-68.6658008,,osm
osm_node_7359916389,telecom_tower,44.4074674,-70.5848965,,osm
osm_node_7359993804,telecom_tower,44.8639947,-68.3214667,,osm
osm_node_7363772876,telecom_tower,43.9029386,-70.0355899,,osm
osm_node_7363779946,telecom_tower,43.9033027,-70.0348217,,osm
osm_node_7363779947,telecom_tower,43.9031062,-70.0363187,,osm
osm_node_7363779948,telecom_tower,43.9036843,-70.0357948,,osm
osm_node_7363779949,telecom_tower,43.903317,-70.0355876,,osm
osm_node_7363779950,telecom_tower,43.9038148,-70.0349798,,osm
osm_node_7363811484,telecom_tower,44.9207733,-68.8387243,,osm
osm_node_7365537595,telecom_tower,44.7547287,-69.6972001,,osm
osm_node_7365537824,telecom_tower,44.7651929,-69.6250562,,osm
osm_node_7365538281,telecom_tower,44.7827517,-69.742026,,osm
osm_node_7365538427,telecom_tower,44.7646507,-69.6248888,,osm
osm_node_7365538964,telecom_tower,44.7080235,-69.6558328,,osm
osm_node_7365538965,telecom_tower,44.7032127,-69.6292514,,osm
osm_node_7365538966,telecom_tower,44.7128797,-69.7269641,,osm
osm_node_7365560887,telecom_tower,44.8233906,-68.6911597,,osm
osm_node_7367558539,telecom_tower,44.0314474,-70.9580621,,osm
osm_node_7367628876,telecom_tower,44.6144,-69.3097228,,osm
osm_node_7367635014,telecom_tower,46.7662651,-68.4745629,,osm
osm_node_7367934777,telecom_tower,44.2062805,-70.5513526,,osm
osm_node_7376173088,telecom_tower,44.7806405,-69.8836601,,osm
osm_node_7376173239,telecom_tower,44.831787,-69.8019307,,osm
osm_node_7383246263,telecom_tower,43.8748238,-70.1180432,,osm
osm_node_7383247062,telecom_tower,43.8982031,-70.0719359,,osm
osm_node_7383312969,telecom_tower,45.6374857,-68.6029633,,osm
osm_node_7387088424,telecom_tower,44.0683901,-68.8416809,,osm
osm_node_7389815109,telecom_tower,45.7731762,-68.4340567,,osm
osm_node_7471871909,telecom_tower,43.4182165,-70.8008218,,osm
osm_node_7471874023,telecom_tower,43.4256155,-70.7221968,,osm
osm_node_7474787045,telecom_tower,43.9994385,-70.1236676,,osm
osm_node_7474838930,telecom_tower,44.1544285,-70.5116273,,osm
osm_node_7474856393,telecom_tower,44.1204252,-70.4499817,,osm
osm_node_7480247078,telecom_tower,44.481954,-68.7381488,,osm
osm_node_7480300382,telecom_tower,44.2510891,-69.3064375,CMP,osm
osm_node_7480309317,telecom_tower,44.2283727,-69.321664,,osm
osm_node_7480309352,telecom_tower,44.2067579,-69.2206681,,osm
osm_node_7480309362,telecom_tower,44.2508943,-69.3076847,,osm
osm_node_7480309363,telecom_tower,44.2498571,-69.307824,,osm
osm_node_7480309364,telecom_tower,44.2497212,-69.3086616,,osm
osm_node_7480351865,telecom_tower,43.8848613,-70.4492387,,osm
osm_node_7483272930,telecom_tower,44.6541955,-67.3897834,,osm
osm_node_7495520179,telecom_tower,46.8829155,-67.9639434,,osm
osm_node_7495520180,telecom_tower,44.7829521,-69.3801559,,osm
osm_node_7495520181,telecom_tower,45.2220669,-68.6601295,,osm
osm_node_7495520182,telecom_tower,45.0344444,-68.6821828,,osm
osm_node_7495520183,telecom_tower,45.0760853,-68.6806089,,osm
osm_node_7495520184,telecom_tower,44.7571623,-68.7825845,,osm
osm_node_7495544585,telecom_tower,46.9135515,-67.8511325,,osm
osm_node_7503474068,telecom_tower,45.3887959,-67.7970567,,osm
osm_node_7504664040,telecom_tower,43.8456234,-70.761334,WMTW-TV,osm
osm_node_7508270179,telecom_tower,44.9372415,-69.9220226,,osm
osm_node_7508330319,telecom_tower,43.9513426,-69.6325981,,osm
osm_node_7508769256,telecom_tower,44.2515035,-70.423737,,osm
osm_node_7508769257,telecom_tower,44.2511258,-70.4245964,,osm
osm_node_7508769258,telecom_tower,44.2506822,-70.4228224,,osm
osm_node_7508769259,telecom_tower,44.2504069,-70.4234808,,osm
osm_node_7508769260,telecom_tower,44.2504935,-70.4202948,,osm
osm_node_7511491475,telecom_tower,44.2643944,-69.805605,,osm
osm_node_7511590454,telecom_tower,44.5377273,-69.3841982,,osm
osm_node_7511590455,telecom_tower,44.5243318,-69.437228,,osm
osm_node_7519108197,telecom_tower,44.8352115,-70.378207,,osm
osm_node_7519118330,telecom_tower,44.1637401,-70.343606,,osm
osm_node_7519118459,telecom_tower,44.1640098,-70.3428679,,osm
osm_node_7519118684,telecom_tower,44.1907897,-70.312781,,osm
osm_node_7519131370,telecom_tower,43.5464301,-70.5269572,,osm
osm_node_7527604881,telecom_tower,44.102996,-70.1646975,,osm
osm_node_7528954186,telecom_tower,46.9457287,-68.1116756,,osm
osm_node_7529031341,telecom_tower,44.5999245,-67.8215507,,osm
osm_node_7529123593,telecom_tower,44.5355696,-69.1096044,,osm
osm_node_7529785506,telecom_tower,44.83854,-69.9052165,,osm
osm_node_7529785507,telecom_tower,44.8389878,-69.9052659,,osm
osm_node_7529996898,telecom_tower,44.6341772,-70.2019438,,osm
osm_node_7529998769,telecom_tower,44.6055478,-70.1949439,,osm
osm_node_7530462776,telecom_tower,44.2128732,-69.784582,,osm
osm_node_7530463570,telecom_tower,44.1794608,-69.8214139,,osm
osm_node_7533137632,telecom_tower,45.0938404,-69.082699,,osm
osm_node_7533137634,telecom_tower,45.0940539,-69.0828735,,osm
osm_node_7533137635,telecom_tower,45.093333,-69.0839972,,osm
osm_node_7533137636,telecom_tower,45.093449,-69.0852746,,osm
osm_node_7538760928,telecom_tower,43.4072512,-70.5655744,,osm
osm_node_7542550040,telecom_tower,44.313403,-69.8342832,,osm
osm_node_7549042941,telecom_tower,43.2226558,-70.6923052,,osm
osm_node_7549044893,telecom_tower,43.2203418,-70.609269,,osm
osm_node_7549046914,telecom_tower,43.1676668,-70.6434433,,osm
osm_node_7549402457,telecom_tower,43.605451,-70.5710727,,osm
osm_node_7549402458,telecom_tower,43.6055573,-70.5723163,,osm
osm_node_7549402962,telecom_tower,43.6921452,-70.6169317,,osm
osm_node_7549440910,telecom_tower,44.4751761,-69.9807672,,osm
osm_node_7549453622,telecom_tower,43.7920983,-70.9616405,,osm
osm_node_7549454080,telecom_tower,43.8220937,-70.8876993,,osm
osm_node_7559834834,telecom_tower,47.2453476,-68.2229773,,osm
osm_node_7559834836,telecom_tower,47.3298079,-68.3477517,,osm
osm_node_7559834843,telecom_tower,47.3020731,-68.283034,,osm
osm_node_7563916658,telecom_tower,44.3663911,-69.7999083,,osm
osm_node_7563916723,telecom_tower,44.3518978,-69.6579397,,osm
osm_node_7563916751,telecom_tower,44.3350881,-69.6821738,,osm
osm_node_7563916868,telecom_tower,44.2998047,-69.7282731,,osm
osm_node_7563917641,telecom_tower,44.3120826,-69.8191281,,osm
osm_node_7563918971,telecom_tower,44.3009371,-69.7255329,,osm
osm_node_7563919380,telecom_tower,44.3138539,-69.8063729,,osm
osm_node_7563920642,telecom_tower,44.3622635,-69.7921217,,osm
osm_node_7564192442,telecom_tower,44.6551424,-70.1969409,,osm
osm_node_7564192669,telecom_tower,44.71743,-70.1085272,,osm
osm_node_7564192670,telecom_tower,44.7170454,-70.1091186,,osm
osm_node_7564192947,telecom_tower,44.6564921,-70.1974416,,osm
osm_node_7564193244,telecom_tower,44.6663142,-70.1470644,,osm
osm_node_7564193412,telecom_tower,44.6678085,-70.1460848,,osm
osm_node_7564193755,telecom_tower,44.6368972,-70.0845703,,osm
osm_node_7564546838,telecom_tower,45.3883957,-67.7972378,,osm
osm_node_7566920870,telecom_tower,44.5544228,-69.7408528,,osm
osm_node_7567417514,telecom_tower,45.1765636,-67.2919807,,osm
osm_node_7567417529,telecom_tower,45.1362182,-67.1623383,,osm
osm_node_7578206719,telecom_tower,44.3105741,-68.2796716,,osm
osm_node_7578206888,telecom_tower,44.3355123,-68.3950085,,osm
osm_node_7578206889,telecom_tower,44.3703465,-68.3333277,,osm
osm_node_7578328304,telecom_tower,44.3517473,-68.2268094,,osm
osm_node_7654074527,telecom_tower,44.9070849,-66.984191,,osm
osm_node_7695614507,telecom_tower,44.6044705,-69.9238586,,osm
osm_node_7737792593,telecom_tower,43.7439718,-70.3330353,WMPG-FM,osm
osm_node_7792452163,telecom_tower,44.49424,-70.6186929,,osm
osm_node_7902605677,telecom_tower,45.7470557,-67.8807235,,osm
osm_node_7924480178,telecom_tower,45.6959821,-70.5253546,,osm
osm_node_7973655181,telecom_tower,44.3318102,-69.7748605,,osm
osm_node_8048954147,telecom_tower,43.6000258,-70.2496218,,osm
osm_node_8048954148,telecom_tower,43.6003501,-70.2497903,,osm
osm_node_8122172374,telecom_tower,43.7861769,-70.6785501,,osm
osm_node_8148103198,telecom_tower,43.5769275,-71.0395215,,osm
osm_node_8177578663,telecom_tower,45.1690837,-67.317464,,osm
osm_node_8278401856,telecom_tower,46.6032375,-68.0066706,,osm
osm_node_8422969572,telecom_tower,46.3440298,-67.8247191,WBCQ-SW,osm
osm_node_8508107876,telecom_tower,46.5475506,-67.1783409,,osm
osm_node_8567676992,telecom_tower,45.0125564,-68.7485106,,osm
osm_node_8567676993,telecom_tower,44.7655247,-69.6249774,,osm
osm_node_8586035662,telecom_tower,43.9851745,-69.694275,,osm
osm_node_8599372010,telecom_tower,44.3273556,-69.8623023,,osm
osm_node_8641864327,telecom_tower,47.060137,-70.8693191,,osm
osm_node_8807815549,telecom_tower,43.8847895,-69.9470235,,osm
osm_node_9048947006,telecom_tower,44.9227942,-68.6660349,,osm
osm_node_9048947007,telecom_tower,44.9225282,-68.6658483,,osm
osm_node_9115133392,telecom_tower,47.1441775,-67.9561818,,osm
osm_node_9160623556,telecom_tower,43.5217591,-70.5894488,,osm
osm_node_9162245442,telecom_tower,43.4681724,-70.4931538,,osm
osm_node_9193346175,telecom_tower,43.451495,-70.5254851,,osm
osm_node_9196535551,telecom_tower,43.3986102,-70.4900673,,osm
osm_node_9206326977,telecom_tower,43.6255388,-70.6441873,,osm
osm_node_9211405001,telecom_tower,43.3310779,-70.6113497,,osm
osm_node_9212730442,telecom_tower,43.1742259,-70.7796791,,osm
osm_node_9238730264,telecom_tower,43.874262,-69.1270204,,osm
osm_node_9253637735,telecom_tower,43.655931,-70.5475064,,osm
osm_node_9262049155,telecom_tower,43.6637677,-70.4934502,,osm
osm_node_9262049160,telecom_tower,43.6634236,-70.4926284,,osm
osm_node_9262049169,telecom_tower,43.6622269,-70.4935843,,osm
osm_node_9262049178,telecom_tower,43.6625747,-70.4944027,,osm
osm_node_9348757920,telecom_tower,46.2028887,-68.3190536,,osm
osm_node_9360847592,telecom_tower,43.1020659,-70.7415569,,osm
osm_node_9386675095,telecom_tower,43.5433816,-70.7919093,,osm
osm_node_9386675116,telecom_tower,43.5435162,-70.7923707,,osm
osm_node_9386678025,telecom_tower,43.5438754,-70.8450543,,osm
osm_node_9386705579,telecom_tower,43.4775838,-70.6883002,,osm
osm_node_9386767549,telecom_tower,43.2698696,-70.7819759,,osm
osm_node_9386767596,telecom_tower,43.2911111,-70.8651389,,osm
osm_node_9387695909,telecom_tower,43.404697,-70.4373629,WHPT - 104.7 FM,osm
osm_node_9387728565,telecom_tower,43.3559383,-70.4849084,,osm
osm_node_9388033958,telecom_tower,43.5158852,-70.7120767,,osm
osm_node_9388283891,telecom_tower,43.2749821,-70.6260851,,osm
osm_node_9388283907,telecom_tower,43.3839167,-70.6146389,,osm
osm_node_9388295439,telecom_tower,43.3061944,-70.6973611,,osm
osm_node_9388295470,telecom_tower,43.3469178,-70.6784866,,osm
osm_node_9388295481,telecom_tower,43.3626302,-70.6721527,,osm
osm_node_9419520448,telecom_tower,46.0313162,-68.4476298,,osm
osm_node_9419560559,telecom_tower,45.979117,-68.4555227,,osm
osm_node_9426170037,telecom_tower,46.145657,-70.6724813,,osm
osm_node_9428590597,telecom_tower,43.7861708,-70.6785632,,osm
osm_node_9487030501,telecom_tower,43.4685026,-70.4730611,,osm
osm_node_9487058223,telecom_tower,43.4708262,-70.474666,,osm
osm_node_9510422374,telecom_tower,43.592828,-70.5022898,,osm
osm_node_9510990844,telecom_tower,44.0712892,-70.1780529,,osm
osm_node_9530721219,telecom_tower,43.5132009,-70.4490472,,osm
osm_node_9532251622,telecom_tower,43.4977781,-70.4477695,,osm
osm_node_9621628103,telecom_tower,43.7436962,-70.53984,,osm
osm_node_9621628116,telecom_tower,43.7710464,-70.5872829,,osm
osm_node_9680438004,telecom_tower,43.8662064,-70.6569915,,osm
osm_node_9824254061,telecom_tower,46.8503745,-68.9380071,,osm
osm_node_9839827500,telecom_tower,43.5897382,-70.3400238,,osm
osm_node_9850804381,telecom_tower,45.81138,-67.5781713,,osm
osm_node_9853209720,telecom_tower,46.906507,-67.828974,,osm
osm_node_9859039581,telecom_tower,43.6004451,-70.3102785,,osm
osm_node_9874984063,telecom_tower,46.6826901,-67.9992337,,osm
osm_node_9904512465,telecom_tower,44.8159429,-67.0048928,,osm
osm_node_9907091715,telecom_tower,43.8588985,-70.7104332,,osm
osm_node_9914813157,telecom_tower,43.9712421,-70.5861812,,osm
osm_node_9917925209,telecom_tower,43.7877189,-70.4773439,,osm
osm_node_9943724637,telecom_tower,43.7707796,-70.0100553,,osm
osm_node_9957508089,telecom_tower,43.6441404,-70.4321426,,osm
osm_node_9991482592,telecom_tower,44.0184941,-70.824294,,osm
osm_node_9991482593,telecom_tower,44.0186983,-70.824329,,osm
osm_node_10004047416,telecom_tower,44.9913471,-69.0139472,,osm
osm_node_10047567635,telecom_tower,44.315151,-69.7559506,,osm
osm_node_10052532847,telecom_tower,44.3887373,-69.7540311,,osm
osm_node_10064099488,telecom_tower,44.8378521,-69.3030121,,osm
osm_node_10081555930,telecom_tower,44.7402909,-68.7541466,,osm
osm_node_10088262636,telecom_tower,44.8771844,-71.0442401,,osm
osm_node_10107449472,telecom_tower,44.0170086,-71.0938347,,osm
osm_node_10110558274,telecom_tower,44.0107196,-71.0565855,,osm
osm_node_10178278376,telecom_tower,46.0753201,-68.0727463,,osm
osm_node_10183399043,telecom_tower,44.5232701,-69.1973322,,osm
osm_node_10289530802,telecom_tower,43.6459454,-70.2472009,,osm
osm_node_10291234252,telecom_tower,43.6654867,-70.2478497,,osm
osm_node_10291553028,telecom_tower,45.1851738,-67.2812219,,osm
osm_node_10295579684,telecom_tower,44.3973601,-69.1270864,,osm
osm_node_10674612896,telecom_tower,43.6967782,-70.3621282,,osm
osm_node_10674960433,telecom_tower,43.0786078,-70.7991654,,osm
osm_node_10805505876,telecom_tower,44.857464,-68.0544832,,osm
osm_node_10830615949,telecom_tower,47.0374255,-67.6795845,,osm
osm_node_10832757708,telecom_tower,43.0140341,-71.0507546,,osm
osm_node_10948290936,telecom_tower,43.0413372,-71.0633717,,osm
osm_node_10983952039,telecom_tower,44.5769718,-69.6288873,,osm
osm_node_11060634002,telecom_tower,46.5975465,-70.3506719,,osm
osm_node_11084634227,telecom_tower,43.1480989,-70.9514458,,osm
osm_node_11090697741,telecom_tower,43.2286405,-70.9252416,,osm
osm_node_11090697758,telecom_tower,43.2304022,-70.9253133,,osm
osm_node_11144471979,telecom_tower,43.1896114,-70.855296,,osm
osm_node_11146743502,telecom_tower,43.1696358,-70.8977272,,osm
osm_node_11148801916,telecom_tower,43.2099754,-70.8707146,,osm
osm_node_11148801917,telecom_tower,43.2093371,-70.8706489,,osm
osm_node_11186990577,telecom_tower,44.4572792,-68.1032381,,osm
osm_node_11195228598,telecom_tower,44.3627136,-68.6194935,,osm
osm_node_11195319508,telecom_tower,44.2497259,-70.423446,,osm
osm_node_11218584330,telecom_tower,44.6187392,-68.5267495,,osm
osm_node_11221272496,telecom_tower,44.0015727,-70.9850057,,osm
osm_node_11225252999,telecom_tower,45.0561167,-70.3125953,,osm
osm_node_11225426276,telecom_tower,45.1345819,-70.4516855,,osm
osm_node_11225515775,telecom_tower,44.969322,-70.669487,,osm
osm_node_11227582583,telecom_tower,45.5920129,-67.3091187,,osm
osm_node_11230894463,telecom_tower,44.9493632,-67.2526427,,osm
osm_node_11273405396,telecom_tower,44.5827013,-70.3641822,,osm
osm_node_11303543891,telecom_tower,46.6568923,-68.3909056,,osm
osm_node_11314914766,telecom_tower,43.2153371,-71.0378589,,osm
osm_node_11379723449,telecom_tower,44.3824841,-70.0037405,,osm
osm_node_11379756454,telecom_tower,45.2459415,-69.1485455,,osm
osm_node_11379757656,telecom_tower,45.2396113,-68.7769195,,osm
osm_node_11379761075,telecom_tower,44.6923304,-69.43595,,osm
osm_node_11379771793,telecom_tower,46.1630991,-68.0939361,,osm
osm_node_11379772031,telecom_tower,46.7122327,-68.0052097,,osm
osm_node_11379772037,telecom_tower,46.6959635,-68.0074038,,osm
osm_node_11379772038,telecom_tower,46.682794,-68.0204771,,osm
osm_node_11379774301,telecom_tower,46.6750448,-68.2290215,,osm
osm_node_11379780155,telecom_tower,44.1782496,-69.8228665,,osm
osm_node_11379780160,telecom_tower,44.1932812,-69.8029047,,osm
osm_node_11379780165,telecom_tower,44.205211,-69.8260484,,osm
osm_node_11379786133,telecom_tower,44.0992116,-70.4375834,,osm
osm_node_11379794875,telecom_tower,44.9296763,-69.2160615,,osm
osm_node_11379798168,telecom_tower,44.2425188,-70.0594014,,osm
osm_node_11379811592,telecom_tower,44.0392756,-69.8294763,,osm
osm_node_11379814250,telecom_tower,44.1511485,-69.9133946,,osm
osm_node_11379814483,telecom_tower,44.2307794,-69.7532083,,osm
osm_node_11523759507,telecom_tower,45.0315232,-70.3139603,,osm
osm_node_11523759512,telecom_tower,45.0318476,-70.312865,,osm
osm_node_11523759521,telecom_tower,45.0309552,-70.3135518,,osm
osm_node_11537311205,telecom_tower,44.5804718,-68.8952643,,osm
osm_node_11537568093,telecom_tower,44.521425,-68.3945109,,osm
osm_node_11537569474,telecom_tower,44.5471133,-68.5111928,,osm
osm_node_11537576175,telecom_tower,44.2507097,-68.6809349,,osm
osm_node_11537576516,telecom_tower,44.4305344,-68.8829304,,osm
osm_node_11537584003,telecom_tower,44.1616551,-68.4227053,,osm
osm_node_11537584008,telecom_tower,44.1615636,-68.4222561,,osm
osm_node_11537591372,telecom_tower,44.2801426,-68.3341105,,osm
osm_node_11537591680,telecom_tower,44.6076844,-68.8623641,,osm
osm_node_11537592031,telecom_tower,44.5761551,-68.847646,,osm
osm_node_11748735648,telecom_tower,44.5530207,-69.6306608,,osm
osm_node_11868840645,telecom_tower,46.7407572,-67.935232,,osm
osm_node_11871518266,telecom_tower,44.6370086,-67.6261497,,osm
osm_node_11885262468,telecom_tower,46.438537,-70.4499591,,osm
osm_node_11935219307,telecom_tower,44.1160536,-70.2547148,,osm
osm_node_11935542946,telecom_tower,43.7168563,-70.3051906,,osm
osm_node_11935570212,telecom_tower,44.3118597,-69.9552724,,osm
osm_node_11935570213,telecom_tower,44.4329818,-70.0765162,,osm
osm_node_11935582820,telecom_tower,44.6500231,-68.5560793,,osm
osm_node_11935582821,telecom_tower,44.6374683,-68.7101999,,osm
osm_node_11935582822,telecom_tower,44.4224742,-68.8028287,,osm
osm_node_11935597248,telecom_tower,44.0366482,-70.0464199,,osm
osm_node_11935597261,telecom_tower,44.1700961,-70.1714386,,osm
osm_node_11935599762,telecom_tower,44.8293171,-68.4641651,,osm
osm_node_11944965709,telecom_tower,43.9130678,-69.9010585,,osm
osm_node_11958250951,telecom_tower,43.7303879,-70.4192111,,osm
osm_node_11974232114,telecom_tower,46.2292495,-70.7554867,,osm
osm_node_11974232115,telecom_tower,46.2412698,-70.7449314,,osm
osm_node_11974332730,telecom_tower,43.1396474,-70.9484176,,osm
osm_node_11974332731,telecom_tower,43.1395784,-70.9482774,,osm
osm_node_11974332732,telecom_tower,43.1395271,-70.9481041,,osm
osm_node_11985957853,telecom_tower,44.5839956,-70.6375567,,osm
osm_node_12048309370,telecom_tower,46.3129324,-70.8829647,,osm
osm_node_12050045623,telecom_tower,44.8905812,-66.9269206,,osm
osm_node_12118841671,telecom_tower,46.1342554,-70.691752,,osm
osm_node_12118852505,telecom_tower,46.1346794,-70.6765462,,osm
osm_node_12215078357,telecom_tower,43.7362785,-70.2264701,,osm
osm_node_12256362027,telecom_tower,44.047274,-70.8212492,,osm
osm_node_12256362028,telecom_tower,44.0471354,-70.8216209,,osm
osm_node_12256362029,telecom_tower,44.0470445,-70.8215101,,osm
osm_node_12256485430,telecom_tower,45.0006837,-66.9517892,,osm
osm_node_12256485435,telecom_tower,45.0005478,-66.9520913,,osm
osm_node_12259984291,telecom_tower,44.7461955,-67.4582359,,osm
osm_node_12308788471,telecom_tower,47.3938767,-70.4262822,,osm
osm_node_12366126136,telecom_tower,43.9984181,-70.2813969,,osm
osm_node_12366155462,telecom_tower,44.3070995,-70.5288926,,osm
osm_node_12366201762,telecom_tower,44.0271943,-70.2451259,,osm
osm_node_12366216228,telecom_tower,43.7060403,-70.3107966,,osm
osm_node_12366216233,telecom_tower,43.6906598,-70.3175095,,osm
osm_node_12366216234,telecom_tower,43.6875315,-70.3042442,,osm
osm_node_12366216241,telecom_tower,43.6833645,-70.3317606,,osm
osm_node_12366263617,telecom_tower,44.0300483,-70.2426402,,osm
osm_node_12366263791,telecom_tower,44.048222,-70.2428552,,osm
osm_node_12366283300,telecom_tower,44.248999,-69.8140456,,osm
osm_node_12366283301,telecom_tower,44.248865,-69.8124332,,osm
osm_node_12366410334,telecom_tower,43.5729278,-70.2455409,,osm
osm_node_12366459677,telecom_tower,44.113909,-70.088141,,osm
osm_node_12366466053,telecom_tower,44.3159661,-70.2135168,,osm
osm_node_12367722308,telecom_tower,43.208848,-71.0902689,,osm
osm_node_12386953418,telecom_tower,46.1465645,-67.6386013,,osm
osm_node_12402447555,telecom_tower,44.6858961,-67.4796524,,osm
osm_node_12403243911,telecom_tower,46.5275732,-67.8142368,,osm
osm_node_12403243916,telecom_tower,46.5248433,-67.8145047,,osm
osm_node_12403258902,telecom_tower,46.8531912,-67.9843409,,osm
osm_node_12403258903,telecom_tower,46.8527641,-67.9842499,,osm
osm_node_12417296040,telecom_tower,46.8674725,-70.7945242,,osm
osm_node_12429048592,telecom_tower,44.9287682,-66.9335862,,osm
osm_node_12473719153,telecom_tower,44.0583711,-71.0920397,,osm
osm_node_12576948728,telecom_tower,44.1707158,-69.0843157,,osm
osm_node_12579572316,telecom_tower,45.1921477,-67.2799593,,osm
osm_node_12636564686,telecom_tower,46.9118156,-67.743335,,osm
osm_node_12711015340,telecom_tower,46.3215296,-70.4291099,,osm
osm_node_12711015341,telecom_tower,46.5202985,-70.4999543,,osm
osm_node_12711015342,telecom_tower,46.939344,-70.5067395,,osm
osm_node_12879599383,telecom_tower,43.0402174,-70.8812282,,osm
osm_node_12895407214,telecom_tower,44.2890506,-69.7773156,,osm
osm_node_12895407228,telecom_tower,44.30834,-69.832968,,osm
osm_node_12895407259,telecom_tower,44.4890797,-69.6513912,,osm
osm_node_13017363815,telecom_tower,47.1255529,-69.6328321,,osm
osm_node_13089506366,telecom_tower,43.081541,-70.8167553,,osm
osm_node_13093261134,telecom_tower,43.080277,-70.8017517,,osm
osm_node_13093285023,telecom_tower,43.1009839,-70.8125107,,osm
osm_node_13120141250,telecom_tower,44.3696409,-69.634185,,osm
osm_node_13120141256,telecom_tower,44.4849749,-69.655312,,osm
osm_node_13120141257,telecom_tower,44.5605082,-69.6711069,,osm
osm_node_13175585696,telecom_tower,44.4573549,-70.8663893,,osm
osm_node_13175585697,telecom_tower,44.36961,-70.7148463,,osm
osm_node_13175585698,telecom_tower,44.4077121,-70.5846727,,osm
osm_node_13261738640,telecom_tower,46.70506,-70.282121,,osm
osm_node_13261738641,telecom_tower,46.697529,-70.030169,,osm
osm_node_13264274305,telecom_tower,46.517392,-70.926813,,osm
osm_node_13264274306,telecom_tower,46.416514,-70.779683,,osm
osm_node_13264274307,telecom_tower,46.281985,-70.59744,,osm
osm_node_13270057890,telecom_tower,44.5987738,-70.6267711,,osm
osm_node_13370259580,telecom_tower,45.18293,-67.2332622,,osm
osm_node_13376880019,telecom_tower,45.2209557,-68.5113407,,osm
osm_node_13376889583,telecom_tower,45.1995883,-68.8602899,,osm
osm_node_13389065973,telecom_tower,43.0056024,-70.9177492,,osm
osm_node_13432795890,telecom_tower,44.8535196,-68.7882002,,osm
osm_node_13432795897,telecom_tower,44.8297359,-68.7833459,,osm
osm_node_13432834202,telecom_tower,44.8290207,-68.7835389,,osm
osm_node_13432834216,telecom_tower,44.7772584,-68.7559339,,osm
osm_node_13432834217,telecom_tower,44.7376839,-68.7013763,,osm
osm_node_13432834218,telecom_tower,44.7380097,-68.7012878,,osm
osm_node_13432834219,telecom_tower,44.7411074,-68.6999291,,osm
osm_node_13432834220,telecom_tower,44.6577763,-68.6056581,,osm
osm_node_13432834221,telecom_tower,44.6580529,-68.6052746,,osm
osm_node_13432834222,telecom_tower,44.6581082,-68.6047569,,osm
osm_node_13432834223,telecom_tower,44.6581082,-68.6060068,,osm
osm_node_13432834224,telecom_tower,44.6584707,-68.6057064,,osm
osm_node_13432834225,telecom_tower,44.6585833,-68.6052102,,osm
osm_node_13432834241,telecom_tower,44.7033117,-69.079174,,osm
osm_node_13432834242,telecom_tower,44.7032197,-69.0791739,,osm
osm_node_13432834243,telecom_tower,44.7022818,-69.0794033,,osm
osm_node_13432834244,telecom_tower,44.7024561,-69.0794397,,osm
osm_node_13432834245,telecom_tower,44.7021075,-69.0794079,,osm
osm_node_13432834246,telecom_tower,44.7033135,-69.0788616,,osm
osm_node_13432834247,telecom_tower,44.7807917,-69.1294166,,osm
osm_node_13432834248,telecom_tower,44.7804966,-69.1308892,,osm
osm_node_13432834249,telecom_tower,44.8423744,-69.3033876,,osm
osm_node_13432834253,telecom_tower,44.629536,-69.4878735,,osm
osm_node_13566866904,telecom_tower,47.1502771,-68.601893,,osm
osm_node_13566866905,telecom_tower,47.1501579,-68.5933428,,osm
osm_node_13566866906,telecom_tower,47.330824,-68.3370825,,osm
osm_node_13566866907,telecom_tower,47.3307889,-68.3396688,,osm
osm_node_13566866909,telecom_tower,47.0426181,-68.1154045,,osm
osm_node_13566866910,telecom_tower,47.145743,-68.0023293,,osm
osm_node_13566866911,telecom_tower,46.5461903,-68.4082283,,osm
osm_node_13566866912,telecom_tower,46.205783,-68.3152033,,osm
osm_node_13566866913,telecom_tower,46.0261639,-68.2510409,,osm
osm_node_13566866914,telecom_tower,46.0253226,-68.2507447,,osm
osm_node_13566866915,telecom_tower,45.5737538,-68.5197955,,osm
osm_node_13566866931,telecom_tower,45.3438552,-68.5072604,,osm
osm_node_13566866932,telecom_tower,45.344023,-68.5065737,,osm
osm_node_13566866933,telecom_tower,45.3443529,-68.5075876,,osm
osm_node_13566866934,telecom_tower,45.3446206,-68.507719,,osm
osm_node_13566866936,telecom_tower,45.2210187,-68.5144073,,osm
osm_node_13566866937,telecom_tower,45.315189,-68.990335,,osm
osm_node_13566866938,telecom_tower,45.3156042,-68.9889561,,osm
osm_node_13566866939,telecom_tower,45.3146724,-68.9886638,,osm
osm_node_13566866952,telecom_tower,45.1328683,-69.3397128,,osm
osm_node_13566866953,telecom_tower,45.133754,-69.3382921,,osm
osm_node_13566866954,telecom_tower,45.2050139,-69.3656757,,osm
osm_node_13566866955,telecom_tower,45.4170697,-69.584013,,osm
osm_node_13566866956,telecom_tower,45.4923196,-69.5689502,,osm
osm_node_13566866957,telecom_tower,44.9742058,-69.6545563,,osm
osm_node_13566866958,telecom_tower,44.6271514,-69.5450987,,osm
osm_node_13566866960,telecom_tower,44.3320784,-69.7746661,,osm
osm_node_13566866967,telecom_tower,44.3147542,-69.8322687,,osm
osm_node_13566866968,telecom_tower,44.3144476,-69.8317282,,osm
osm_node_13566866970,telecom_tower,44.1383511,-69.7702496,,osm
osm_node_13566866971,telecom_tower,44.0933232,-69.8053267,,osm
osm_node_13566866973,telecom_tower,44.0375666,-69.6689807,,osm
osm_node_13566866974,telecom_tower,44.024944,-69.5715602,,osm
osm_node_13566866975,telecom_tower,44.2245105,-69.4638264,,osm
osm_node_13566876405,telecom_tower,44.3927868,-69.3651775,,osm
osm_node_13566876414,telecom_tower,44.3160157,-68.9702732,,osm
osm_node_13566876426,telecom_tower,44.3971488,-69.3604028,,osm
osm_node_13566876427,telecom_tower,44.1269203,-69.1406432,,osm
osm_node_13566876428,telecom_tower,44.1263462,-69.1378146,,osm
osm_node_13566876429,telecom_tower,44.1242785,-69.1410177,,osm
osm_node_13566876430,telecom_tower,44.1025066,-69.1313091,,osm
osm_node_13566876434,telecom_tower,44.0756693,-69.0886513,,osm
osm_node_13566876435,telecom_tower,44.3126671,-68.9739657,,osm
osm_node_13566876436,telecom_tower,44.3129415,-68.9741428,,osm
osm_node_13566876437,telecom_tower,44.4751302,-68.0822751,,osm
osm_node_13566876438,telecom_tower,44.5710404,-67.8651962,,osm
osm_node_13566876439,telecom_tower,44.6936988,-67.4063616,,osm
osm_node_13566876444,telecom_tower,45.1622544,-67.2515847,,osm
osm_node_13566876462,telecom_tower,44.9655516,-67.649282,,osm
osm_node_13566876464,telecom_tower,45.3890272,-67.7963641,,osm
osm_node_13566876465,telecom_tower,45.3892189,-67.7966291,,osm
osm_node_13566876466,telecom_tower,45.3891231,-67.7966063,,osm
osm_node_13566876467,telecom_tower,45.4477035,-68.1516477,,osm
osm_node_13566876468,telecom_tower,45.3523532,-68.2819887,,osm
osm_node_13566876469,telecom_tower,44.8643326,-68.1098642,,osm
osm_node_13566876471,telecom_tower,45.7881587,-67.8634582,,osm
osm_node_13566876472,telecom_tower,46.1627955,-68.0941708,,osm
osm_node_13566876502,telecom_tower,46.5238817,-67.8140135,,osm
osm_node_13566876503,telecom_tower,46.5219883,-67.8136558,,osm
osm_node_13566876504,telecom_tower,44.8196275,-70.2594812,,osm
osm_node_13566876505,telecom_tower,44.6343778,-70.2014818,,osm
osm_node_13566876506,telecom_tower,44.4822337,-70.1333292,,osm
osm_node_13598240269,telecom_tower,45.2004523,-67.5159891,,osm
osm_node_13626160987,telecom_tower,43.6458269,-70.9801797,,osm
osm_node_13667638645,telecom_tower,43.0292423,-70.8488667,,osm
osm_node_13668341764,telecom_tower,46.2905619,-67.8424881,,osm
osm_node_13668889237,telecom_tower,47.1724799,-68.2973346,,osm
osm_way_549979598,telecom_tower,44.4305023,-68.8830172,,osm
osm_way_817938815,telecom_tower,45.189934,-70.5009515,,osm
osm_way_849494018,telecom_tower,44.5825691,-70.631344,,osm
osm_way_849494019,telecom_tower,44.5822085,-70.6326219,,osm
osm_way_917826875,telecom_tower,44.6169639,-68.7123663,,osm
osm_way_1098961978,telecom_tower,44.6151817,-67.2800519,,osm
osm_way_1205256664,telecom_tower,43.8986209,-69.6093868,,osm
osm_way_1349286576,telecom_tower,43.9629825,-69.7247746,,osm
osm_way_1350756938,telecom_tower,43.8645831,-69.6220258,,osm
osm_way_1424166179,telecom_tower,43.0921558,-70.8164887,,osm
osm_way_1428181692,telecom_tower,43.042421,-70.8152971,,osm
osm_node_1209344677,transport_train_station,47.3611493,-70.0253025,La Pocatière,osm
osm_node_2735760999,transport_train_station,44.0604629,-69.6235305,Sheepscot,osm
osm_node_3028464338,transport_train_station,47.4355647,-70.5055652,Baie Saint Paul,osm
osm_node_6135140315,transport_train_station,44.0820676,-69.6238944,Alna Center,osm
osm_node_6195385926,transport_train_station,47.4574181,-70.3634228,Les Éboulements,osm
osm_node_6198362585,transport_train_station,47.2786573,-70.5707035,Le Massif de Charlevoix,osm
osm_node_6274131140,transport_train_station,46.9732961,-70.5596918,Montmagny,osm
osm_node_6479389975,transport_train_station,44.0954851,-69.6241732,Top of the Mountain,osm
osm_node_6997716181,transport_train_station,43.1393544,-70.9360882,Durham,osm
osm_node_6997716182,transport_train_station,43.4961116,-70.4492113,Saco,osm
osm_node_6997716183,transport_train_station,43.5148779,-70.3757689,Old Orchard Beach,osm
osm_node_6997716184,transport_train_station,43.8551273,-70.1022287,Freeport,osm
osm_node_6997722785,transport_train_station,43.9114183,-69.9655363,Brunswick,osm
osm_node_7022420423,transport_train_station,43.1980304,-70.8783739,Dover,osm
osm_node_7022420424,transport_train_station,43.3207823,-70.6121802,Wells,osm
osm_node_7030623591,transport_train_station,43.6539343,-70.2910991,Portland,osm
osm_node_11762379388,transport_train_station,43.9029413,-69.6217743,Freeport Station,osm
osm_node_11762379389,transport_train_station,43.9022468,-69.6197231,Thorndike Station,osm
osm_node_12613429850,transport_train_station,44.6152337,-69.3222435,Unity,osm
osm_node_12613448845,transport_train_station,44.5910019,-69.2891568,Common Ground Fair,osm
osm_node_12613473302,transport_train_station,44.5784937,-69.2760972,Thorndike,osm
osm_node_12613948137,transport_train_station,44.55384,-68.3799969,Washington Junction,osm
osm_node_13095482405,transport_train_station,47.3041567,-70.5663459,Petite-Rivière-Saint-François,osm
osm_way_308685932,transport_train_station,47.2575901,-68.5890313,Fort Kent Railroad Station,osm
osm_way_1362635013,transport_train_station,44.4552725,-69.0350902,City Point Station,osm
osm_node_368383074,transport_airport,43.0840341,-70.7613151,Wharf Heliport,osm
osm_node_369070915,transport_airport,43.5659175,-70.2653252,Spurwink Farm Airfield,osm
osm_node_369071071,transport_airport,45.1833882,-69.2350451,Riverside Seaplane Base,osm
osm_node_369071082,transport_airport,44.8422822,-69.7689422,Wesserunsett and Ice Seaplane Base,osm
osm_node_369071101,transport_airport,44.5988094,-69.6217779,Bob-Mar Airport,osm
osm_node_369071114,transport_airport,43.957018,-70.4620007,Crescent Lake Seaplane Base,osm
osm_node_369071120,transport_airport,46.6170596,-69.5230956,Clayton Lake Strip,osm
osm_node_369071127,transport_airport,46.6094755,-69.5300563,Ilco Landing Area Seaplane Base,osm
osm_node_369071133,transport_airport,46.216028,-69.2517789,Nugent Chamberlain Lake Seaplane Base,osm
osm_node_369071169,transport_airport,43.7786936,-70.012548,Farr Field,osm
osm_node_369071176,transport_airport,45.1475543,-69.3850476,Guilford Seaplane Base,osm
osm_node_369071180,transport_airport,45.4667129,-69.5989436,Greenville Forestry Seaplane Base,osm
osm_node_369071198,transport_airport,44.8573472,-69.4566129,Payne Field,osm
osm_node_369071204,transport_airport,44.34229,-70.2872802,Cooper Seaplane Base,osm
osm_node_369071232,transport_airport,46.7652248,-67.846831,Fort Fairfield Municipal Airport,osm
osm_node_369071237,transport_airport,45.4611574,-69.5972769,Greenville Seaplane Base,osm
osm_node_369071243,transport_airport,43.933964,-70.3558875,Dry Pond Seaplane Base,osm
osm_node_369071258,transport_airport,44.9009024,-68.8017029,Double A Seaplane Base,osm
osm_node_369071265,transport_airport,46.6000418,-68.3939296,Ashland Airport,osm
osm_node_369071279,transport_airport,44.2675691,-69.7811558,Augusta Seaplane Base,osm
osm_node_369071286,transport_airport,44.9070134,-68.8044807,Lucky Landing Marina and Seaplane Base,osm
osm_node_369071307,transport_airport,44.4669715,-69.8219771,Sunny Hill Airport,osm
osm_node_369071335,transport_airport,44.4481325,-68.5711344,Blue Hill Airport,osm
osm_node_369071345,transport_airport,44.1731239,-68.6816599,Stonington Municipal Airport,osm
osm_node_369071391,transport_airport,45.0357013,-69.4797801,Greenfield Hill Airport,osm
osm_node_369071418,transport_airport,44.2306338,-69.122539,Bald Mountain Airport,osm
osm_node_369071435,transport_airport,45.0273728,-67.3115685,Flying Ed Airport,osm
osm_node_369071480,transport_airport,44.0008761,-69.8895801,Merrymeeting Field,osm
osm_node_369071488,transport_airport,45.040334,-69.8683919,Gadabout Gaddis Airport,osm
osm_node_369071502,transport_airport,45.336162,-69.0503191,Webber Jones Airport,osm
osm_node_369071646,transport_airport,44.7638231,-68.7678548,Brewer Airport,osm
osm_node_369071660,transport_airport,45.4633794,-69.5522761,Greenville Municipal Airport,osm
osm_node_369071967,transport_airport,45.6578912,-70.2629863,Sky Lodge Landing Strip,osm
osm_node_369072011,transport_airport,44.6124505,-67.9323789,Narraguagus Airport,osm
osm_node_369072125,transport_airport,45.1775068,-69.247427,"Charles A. Chase, Jr. Memorial Airport",osm
osm_node_369072143,transport_airport,47.204206,-68.5792126,Fort Kent Municipal Airport,osm
osm_node_369072170,transport_airport,43.5673502,-70.8824371,Square Pond Seaplane Base,osm
osm_node_369072185,transport_airport,47.1923557,-68.231182,Long Lake Seaplane Base,osm
osm_node_369072205,transport_airport,43.7370222,-70.6100564,Douglass Seaplane Base,osm
osm_node_369072217,transport_airport,44.1891253,-70.234228,Twitchell Airport,osm
osm_node_369072233,transport_airport,47.158932,-67.9314128,Van Buren Seaplane Base,osm
osm_node_369072254,transport_airport,47.1275429,-67.9653027,Morrill Airpark,osm
osm_node_369072275,transport_airport,43.6131762,-70.6965266,Little Ossipee Lake Seaplane Base,osm
osm_node_369072295,transport_airport,44.8103629,-69.4710063,Thompson Memorial Field (Grigons Landing Area),osm
osm_node_369072307,transport_airport,44.320902,-69.8889375,Lakeside Marina Seaplane Base,osm
osm_node_369072313,transport_airport,44.3072914,-69.9422722,Fowler Seaplane Base,osm
osm_node_369072359,transport_airport,44.1453487,-70.468947,Kimballs Airport,osm
osm_node_369072391,transport_airport,46.1038589,-68.5571077,Shin Pond Seaplane Base,osm
osm_node_369072398,transport_airport,44.2889579,-70.4456149,Cummings Airport,osm
osm_node_369072404,transport_airport,44.1564596,-70.4795029,Oxford County Regional Airport,osm
osm_node_369072421,transport_airport,44.5303438,-69.7361584,Moody Snow Pond Seaplane Base,osm
osm_node_369072432,transport_airport,43.8520207,-70.4267205,Sand Bar Seaplane Base,osm
osm_node_369072439,transport_airport,44.9217238,-70.0517299,Hogans Field,osm
osm_node_369072449,transport_airport,46.7625411,-68.4780989,Portage Lake Municipal Seaplane Base,osm
osm_node_369072459,transport_airport,44.0445173,-70.3683892,Lower Range Seaplane Base,osm
osm_node_369072486,transport_airport,45.0005572,-67.0730396,Morrison's Airport,osm
osm_node_369072493,transport_airport,44.9914436,-70.6628459,Steven A. Bean Municipal Airport,osm
osm_node_369072498,transport_airport,44.9531109,-70.6625684,Rangeley Lake Seaplane Base,osm
osm_node_369072503,transport_airport,46.625042,-67.9355812,Rogers Airport,osm
osm_node_369072519,transport_airport,46.7075419,-68.0605855,Presque Isle Seaplane Base,osm
osm_node_369072529,transport_airport,43.875078,-70.2072733,Pownal Airport,osm
osm_node_369072563,transport_airport,43.9300743,-70.4525557,Panther Pond Seaplane Base,osm
osm_node_369072577,transport_airport,43.4049412,-70.4295677,Goosefair Airport,osm
osm_node_369072581,transport_airport,44.6566097,-67.5596785,Drisko Airport,osm
osm_node_369072591,transport_airport,45.63338,-70.2656232,Moose River Seaplane Base,osm
osm_node_369072594,transport_airport,45.6319911,-70.2467338,Newton Field,osm
osm_node_369072597,transport_airport,44.177435,-69.4315552,Robinson Ridge Field,osm
osm_node_369072601,transport_airport,44.5168057,-70.2225396,Hilltop Airport,osm
osm_node_369072611,transport_airport,44.3878445,-70.253947,Brettuns Pond Seaplane Base,osm
osm_node_369072616,transport_airport,46.5287642,-67.8767996,Mars Hill Airport,osm
osm_node_369072633,transport_airport,43.7631701,-70.6725018,Limington-Harmon Airport,osm
osm_node_369072639,transport_airport,43.9553388,-70.1418501,Margerison Airport,osm
osm_node_369072644,transport_airport,44.2764665,-69.096982,Youngtown Field,osm
osm_node_369072654,transport_airport,44.1397938,-70.3481119,Maheu Airport,osm
osm_node_369072659,transport_airport,44.1334051,-70.3392228,Hemond Airport,osm
osm_node_369072676,transport_airport,45.0312109,-67.3663906,Gillespie Field,osm
osm_node_369072690,transport_airport,44.6667288,-69.8933888,Beech Hill Airport,osm
osm_node_369072712,transport_airport,45.7283811,-68.84393,Millinocket Seaplane Base,osm
osm_node_369072723,transport_airport,44.6402505,-69.6723024,Hapworths Landing Area,osm
osm_node_369072742,transport_airport,44.4917318,-69.9906104,Seven G's Seaplane Base,osm
osm_node_369072747,transport_airport,43.9697132,-70.6045175,Naples Seaplane Base,osm
osm_node_369072751,transport_airport,44.8191158,-69.2359257,Newport Sky Park,osm
osm_node_369072755,transport_airport,45.6542143,-68.9489323,Buckhorn Camps Seaplane Base,osm
osm_node_369072915,transport_airport,44.1410716,-70.6280723,Mountain View Airport,osm
osm_node_369073143,transport_airport,46.5973746,-69.7897546,Red Pine Grove Landing Strip,osm
osm_node_1041997369,transport_airport,43.3388631,-70.8524984,Perrotti Skyranch Airfield,osm
osm_node_1042001918,transport_airport,44.742469,-68.474403,Peasley Field,osm
osm_node_1042002566,transport_airport,44.3223,-69.2072983,Ridgeview Airport,osm
osm_node_1042002667,transport_airport,45.7764068,-69.8092919,Socatean Bay Airport,osm
osm_node_1042002851,transport_airport,43.8144875,-70.2296803,Eagle Field,osm
osm_node_1042003019,transport_airport,47.2016071,-67.9923268,Bresett's Mountainside Airport,osm
osm_node_1042003092,transport_airport,43.893597,-69.495406,Ruby Airport,osm
osm_node_1042003770,transport_airport,46.0613343,-69.4094971,Chesuncook Lake House Seaplane Base,osm
osm_node_1042004704,transport_airport,45.4621192,-69.6202032,Currier's Flying Service,osm
osm_node_1042004970,transport_airport,44.5279588,-70.6654439,Dyer's Field,osm
osm_node_1042005722,transport_airport,44.4488573,-69.5319242,Teconnet Seaplane Base,osm
osm_node_1042008195,transport_airport,43.8711014,-68.8933029,Matinicus Island Airport,osm
osm_node_1042009167,transport_airport,43.9954022,-70.6423398,Mast Cove Seaplane Base,osm
osm_node_1042010022,transport_airport,44.105892,-70.955978,Tib Field,osm
osm_node_1042011498,transport_airport,44.0068016,-70.9336014,Lovewell Pond Seaplane Base,osm
osm_node_1042013380,transport_airport,43.9667029,-70.5989883,Brandy Pond Seaplane Base,osm
osm_node_1042016535,transport_airport,44.635278,-68.6325,Philbrick Mountain Airport,osm
osm_node_1042018646,transport_airport,44.5238148,-70.5464914,Zinck Airport,osm
osm_node_1042024312,transport_airport,46.1517673,-67.5425883,Woodstock Airport,osm
osm_node_1042024329,transport_airport,46.5628014,-67.1682968,Juniper Airport,osm
osm_node_1042024350,transport_airport,45.9603004,-67.0952988,Scottsfield Airpark,osm
osm_node_1042024475,transport_airport,45.5739627,-67.0986252,Brockway Airport,osm
osm_node_1042024585,transport_airport,46.4594002,-67.5646973,Bristol Airport,osm
osm_node_1042029435,transport_airport,46.4071999,-70.5014038,Aéroport du Lac Etchemin,osm
osm_node_1042029602,transport_airport,46.1214672,-70.8847476,,osm
osm_node_1042029756,transport_airport,46.7406304,-70.0314229,Aéroport de Sainte-Lucie-De-Beauregard,osm
osm_node_1042029887,transport_airport,47.3894005,-70.3843994,Aéroport de l'Île aux Coudres,osm
osm_node_1042030097,transport_airport,46.6187904,-70.957156,Aéroport de Saint-Anselme,osm
osm_node_1042031076,transport_airport,47.4865062,-68.4773454,Aéroport d'Edmundston,osm
osm_node_1042047848,transport_airport,44.39805,-68.219583,Acadian Seaplane Base,osm
osm_node_1042047850,transport_airport,44.6603065,-70.5880701,Thomas Airport,osm
osm_node_1042047853,transport_airport,43.8237,-70.330101,Forest Lake Seaplane Base,osm
osm_node_1042047854,transport_airport,46.3896708,-69.0010759,Bradford Camps Seaplane Base,osm
osm_node_1042047871,transport_airport,44.1723218,-70.021076,Wales Airport,osm
osm_node_1042047880,transport_airport,46.3083,-68.8435974,Libby Camps Seaplane Base,osm
osm_node_1206504395,transport_airport,47.0331245,-70.6607397,Aéroport de Grosse-Île,osm
osm_node_7157341983,transport_airport,43.4117867,-70.4478266,Back Acres Airport,osm
osm_node_7159541174,transport_airport,44.866927,-68.9766496,Griffin Field,osm
osm_node_7167492402,transport_airport,43.5140954,-70.6483289,Swan Pond Splash-n-Go Seaplane Base,osm
osm_node_7172572318,transport_airport,44.5134761,-70.407519,Swans Field,osm
osm_node_7172585506,transport_airport,43.3585613,-70.7343833,Bauneg Beg Seaplane Base,osm
osm_node_7176544324,transport_airport,43.8808849,-70.4247575,Frogg Island Seaplane Base,osm
osm_node_7176620981,transport_airport,44.0714271,-70.0655048,Clifford's Airport,osm
osm_node_7179653771,transport_airport,43.9510802,-70.3240368,Cliff Dow Airport,osm
osm_node_7185226861,transport_airport,44.4130756,-70.1464485,Bowman Field,osm
osm_node_7188365947,transport_airport,43.7507365,-70.2581484,Eric's Field,osm
osm_node_7207319110,transport_airport,44.3162787,-69.1375685,Highland View Field,osm
osm_node_7215028748,transport_airport,45.9901299,-67.8297831,,osm
osm_node_7217172745,transport_airport,44.2433055,-69.0374347,,osm
osm_node_7223561866,transport_airport,43.8215007,-70.4447779,Slip Knot Landing Airport,osm
osm_node_7242705471,transport_airport,44.4669156,-70.3894023,Destiny Cove Seaplane Base,osm
osm_node_7288827879,transport_airport,45.6709265,-69.8039866,Avery Field,osm
osm_node_7367634785,transport_airport,46.7523059,-68.4722895,Allen Saint Peter Memorial Airport,osm
osm_node_7503382064,transport_airport,43.9318084,-70.7563611,Hancock Pond Seaplane Base,osm
osm_node_7533137424,transport_airport,45.0448888,-68.9924068,Heartstone Farm Airport,osm
osm_node_7544962812,transport_airport,44.7499792,-68.9825159,Miller's Field,osm
osm_node_7549402979,transport_airport,43.6770254,-70.6169066,Heacock Field,osm
osm_node_7549440959,transport_airport,44.4148822,-69.9040817,,osm
osm_node_7549447304,transport_airport,45.3049147,-69.3485058,Two Falls Airport,osm
osm_node_7549643865,transport_airport,44.0678848,-69.5343728,Labrador Landing Seaplane Base,osm
osm_node_7564193116,transport_airport,44.723024,-70.1528505,,osm
osm_node_7838061144,transport_airport,43.4820345,-71.0585469,Therriaults Landing Airport,osm
osm_node_7838061158,transport_airport,43.1516572,-70.8476134,Bellamy River Seaplane Base & Leinsing Heliport,osm
osm_node_8026540839,transport_airport,43.294626,-70.9007212,Salmon Falls Airport,osm
osm_node_8026541291,transport_airport,44.3518916,-70.3952909,Abbot's Airport,osm
osm_node_8026541294,transport_airport,45.5553342,-67.7450869,Cowboys Air Ranch Airport,osm
osm_node_8026541299,transport_airport,47.1666074,-68.3925301,Sunrise Farms Airport,osm
osm_node_8026541312,transport_airport,43.6787867,-70.4235715,Moody Field,osm
osm_node_8026541328,transport_airport,46.0174209,-69.5323871,Ragmuff Airport,osm
osm_node_8026541358,transport_airport,43.9670101,-70.6024698,Twin Eagles Airport,osm
osm_node_8026541382,transport_airport,45.2191808,-68.6399059,Buzzport Airport,osm
osm_node_8026541415,transport_airport,43.546083,-70.3774336,Bayley's Field,osm
osm_node_8026541420,transport_airport,44.4040965,-69.6730566,Fox Field,osm
osm_node_8902393500,transport_airport,44.719783,-68.9538163,,osm
osm_node_9115521796,transport_airport,47.4445991,-69.1494907,Estcourt Airport,osm
osm_node_9115521800,transport_airport,44.974144,-68.458391,Milford Air Force Auxiliary Airfield,osm
osm_node_9123329650,transport_airport,44.7574003,-70.8509316,Perry's Landing Seaplane Base,osm
osm_node_9123329663,transport_airport,44.6697997,-70.4282752,Webb Lake Seaplane Base,osm
osm_node_9123329664,transport_airport,43.8395368,-70.4619689,Sebago Lake Basin Seaplane Base,osm
osm_node_9123329675,transport_airport,44.4344986,-70.216915,Long Pond Seaplane Base,osm
osm_node_9123329676,transport_airport,43.7010001,-70.7776399,Pickerel Pond Seaplane Base,osm
osm_node_9418331897,transport_airport,46.0080137,-68.4418899,,osm
osm_node_9418331978,transport_airport,46.0095432,-68.5146609,,osm
osm_node_11905013629,transport_airport,44.8619966,-69.9117538,,osm
osm_way_39751343,transport_airport,44.5328806,-69.6761276,Waterville Robert LaFleur Airport,osm
osm_way_42208816,transport_airport,44.7281324,-67.9896687,Deblois Flight Strip,osm
osm_way_53830363,transport_airport,44.9516888,-68.6741971,Dewitt Field,osm
osm_way_66793251,transport_airport,47.1573015,-67.8359105,Aérodrome de Saint-Léonard,osm
osm_way_66793252,transport_airport,47.1796111,-67.8918447,Aéroport de Saint-Léonard (Cyr),osm
osm_way_66793258,transport_airport,47.0770241,-67.6860785,Piste d'attérissage de Grand-Sault,osm
osm_way_89908508,transport_airport,44.409535,-69.0118406,Belfast Municipal Airport,osm
osm_way_89909025,transport_airport,44.7696945,-69.3775999,Pittsfield Municipal Airport,osm
osm_way_91364029,transport_airport,44.9105509,-67.0124441,Eastport Municipal Airport,osm
osm_way_99965578,transport_airport,46.0962978,-70.7132669,Aéroport de Saint-Georges,osm
osm_way_104580201,transport_airport,47.0724109,-70.5334135,Aéroport de l'Île-aux-Grues,osm
osm_way_136585950,transport_airport,47.4479822,-67.6278798,Boston Brook Airport,osm
osm_way_151545392,transport_airport,46.5874357,-67.7194192,Upper Kent Aerodrome,osm
osm_way_220963556,transport_airport,43.2848884,-70.9303001,Skyhaven Airport,osm
osm_way_224519312,transport_airport,43.6461644,-70.3122897,Portland International Jetport,osm
osm_way_224678640,transport_airport,44.8072993,-68.82681,Bangor International Airport,osm
osm_way_238220155,transport_airport,43.4644283,-70.4719493,Biddeford Municipal,osm
osm_way_242627510,transport_airport,47.2870564,-68.3157141,Northern Aroostook Regional Airport,osm
osm_way_244852305,transport_airport,43.1430141,-70.7730147,Littlebrook Air Park,osm
osm_way_290695516,transport_airport,43.3744129,-70.9277671,Skydive Lebanon Airport,osm
osm_way_368331538,transport_airport,44.0728308,-68.8195699,Vinalhaven (Mary Talbot Memorial) Airport,osm
osm_way_368331548,transport_airport,44.1756765,-68.8343422,Watson Airport,osm
osm_way_368331549,transport_airport,44.1517533,-68.8759526,Witherspoons Landing Strip Airport,osm
osm_way_369948335,transport_airport,45.5769602,-70.4532085,,osm
osm_way_470864766,transport_airport,43.9185846,-70.8555052,Dyer's Landing Airport,osm
osm_way_480107179,transport_airport,44.9303961,-69.0078977,Terra B and B Airport,osm
osm_way_508013479,transport_airport,45.6475232,-68.6849713,Millinocket Municipal Airport,osm
osm_way_511589318,transport_airport,45.361982,-68.5347237,Lincoln Municipal Airport,osm
osm_way_512348711,transport_airport,46.4260678,-67.6278468,Florenceville Airport,osm
osm_way_533080210,transport_airport,44.0843839,-70.62694,Maple Ridge Airport,osm
osm_way_557799055,transport_airport,44.8151896,-70.3479133,Lindbergh (Raymond) Airport,osm
osm_way_596369751,transport_airport,43.0790698,-70.8213866,Portsmouth International Airport,osm
osm_way_612673445,transport_airport,44.2347301,-70.132159,Rocky Ridge Airport,osm
osm_way_653837458,transport_airport,44.4500255,-68.3621097,Hancock County–Bar Harbor Airport,osm
osm_way_682175843,transport_airport,45.2069985,-67.2506005,Giddens Memorial Airport,osm
osm_way_715817903,transport_airport,44.6801199,-67.2645698,Cutler Regional Airport,osm
osm_way_733676727,transport_airport,44.6612798,-70.5879192,,osm
osm_way_761642902,transport_airport,43.6090639,-70.9718245,Buzzy's Field,osm
osm_way_761642903,transport_airport,43.5374544,-70.930367,Nadeau's Airport,osm
osm_way_815651719,transport_airport,46.8735923,-68.0194245,Caribou Municipal Airport,osm
osm_way_815655014,transport_airport,46.9514262,-67.8903744,Loring International Airport,osm
osm_way_828049007,transport_airport,43.8913115,-69.9382955,Brunswick Executive Airport,osm
osm_way_835733262,transport_airport,44.7142803,-69.8651022,Central Maine Airport of Norridgewock,osm
osm_way_866807850,transport_airport,44.3219862,-69.7964341,Augusta State Airport,osm
osm_way_878413290,transport_airport,45.001168,-69.23491,Dexter Regional Airport,osm
osm_way_878414078,transport_airport,45.08969,-69.263548,Tailwind Farm Airport,osm
osm_way_881480132,transport_airport,44.7927885,-69.072282,Ring Hill Airport,osm
osm_way_930047542,transport_airport,44.8366446,-67.0269806,Lubec Municipal Airport,osm
osm_way_992694563,transport_airport,45.1999936,-67.5649054,Princeton Municipal Airport,osm
osm_way_997018154,transport_airport,44.1653259,-68.4286492,Banks Airport,osm
osm_way_998480246,transport_airport,46.6909931,-68.0399746,Presque Isle International Airport,osm
osm_way_998501609,transport_airport,44.0614118,-69.1015638,Knox County Regional Airport,osm
osm_way_998923543,transport_airport,44.0484219,-70.283837,Auburn-Lewiston Municipal Airport,osm
osm_way_1001334925,transport_airport,43.6754171,-70.4979741,Webster Field,osm
osm_way_1006594591,transport_airport,46.1238426,-67.7910613,Houlton International Airport,osm
osm_way_1006606305,transport_airport,43.990109,-70.9455636,Eastern Slopes Regional Airport,osm
osm_way_1006616336,transport_airport,44.702625,-67.4771253,Machias Valley Airport,osm
osm_way_1009534680,transport_airport,43.3924462,-70.7085866,Sanford Seacoast Regional Airport,osm
osm_way_1032391002,transport_airport,43.5721198,-70.5253095,Greaton Airfield,osm
osm_way_1184551730,transport_airport,46.7797774,-68.498968,Saint Peter's Seaplane Base,osm
osm_way_1409559856,transport_airport,44.3015748,-68.9109088,Islesboro Airport,osm
osm_way_1413392416,transport_airport,46.3320416,-70.9598285,Aéroport de St-Frédéric,osm
osm_relation_11489562,transport_airport,44.4250647,-70.8098101,Bethel Regional Airport,osm
osm_relation_17065294,transport_airport,45.0859646,-70.2176185,Sugarloaf Regional Airport,osm
osm_relation_17597312,transport_airport,43.9604144,-69.7111064,Wiscasset Municipal Airport,osm
