{
    "type": "FeatureCollection",
    "features": [
        {
            "type": "Feature",
            "id": 1,
            "geometry": {
                "type": "Point",
                "coordinates": [
                    -67.291351405935742,
                    45.175797026862234
                ]
            },
            "properties": {
                "OBJECTID": 1,
                "ClusterID": "-7490839_5649240",
                "FIRST_Best_Sub": "UNKNOWN133006",
                "FIRST_Best_Source": "MANUAL",
                "FIRST_Node_Type": "SUBSTATION",
                "FIRST_Keep_Topo": "YES",
                "FIRST_TDG": "UNKNOWN",
                "COUNT_OBJECTID": 1,
                "TDG_Basis": "HIFLD_UNKNOWN",
                "FROM_DEG": 1,
                "TO_DEG": null,
                "DEGREE": 1
            }
        },
        {
            "type": "Feature",
            "id": 2,
            "geometry": {
                "type": "Point",
                "coordinates": [
                    -67.376977272817385,
                    45.139287186203852
                ]
            },
            "properties": {
                "OBJECTID": 2,
                "ClusterID": "-7500371_5643476",
                "FIRST_Best_Sub": "TAP136682",
                "FIRST_Best_Source": "HIFLD_AUTO",
                "FIRST_Node_Type": "TAP",
                "FIRST_Keep_Topo": "YES",
                "FIRST_TDG": "UNKNOWN",
                "COUNT_OBJECTID": 3,
                "TDG_Basis": "HIFLD_TAP",
                "FROM_DEG": 2,
                "TO_DEG": 1,
                "DEGREE": 3
            }
        },
        {
            "type": "Feature",
            "id": 3,
            "geometry": {
                "type": "Point",
                "coordinates": [
                    -67.397697593073687,
                    45.143881470016474
                ]
            },
            "properties": {
                "OBJECTID": 3,
                "ClusterID": "-7502677_5644201",
                "FIRST_Best_Sub": "UNKNOWN136684",
                "FIRST_Best_Source": "MANUAL",
                "FIRST_Node_Type": "SUBSTATION",
                "FIRST_Keep_Topo": "YES",
                "FIRST_TDG": "UNKNOWN",
                "COUNT_OBJECTID": 1,
                "TDG_Basis": "HIFLD_UNKNOWN",
                "FROM_DEG": null,
                "TO_DEG": 1,
                "DEGREE": 1
            }
        },
        {
            "type": "Feature",
            "id": 4,
            "geometry": {
                "type": "Point",
                "coordinates": [
                    -67.397911505299007,
                    45.143614916970819
                ]
            },
            "properties": {
                "OBJECTID": 4,
                "ClusterID": "-7502701_5644159",
                "FIRST_Best_Sub": "TAP136683",
                "FIRST_Best_Source": "HIFLD_AUTO",
                "FIRST_Node_Type": "TAP",
                "FIRST_Keep_Topo": "YES",
                "FIRST_TDG": "UNKNOWN",
                "COUNT_OBJECTID": 3,
                "TDG_Basis": "HIFLD_TAP",
                "FROM_DEG": 2,
                "TO_DEG": 1,
                "DEGREE": 3
            }
        },
        {
            "type": "Feature",
            "id": 5,
            "geometry": {
                "type": "Point",
                "coordinates": [
                    -67.39889906461336,
                    44.627452773546146
                ]
            },
            "properties": {
                "OBJECTID": 5,
                "ClusterID": "-7502811_5563061",
                "FIRST_Best_Sub": "BUCKS_HARBOR",
                "FIRST_Best_Source": "MANUAL",
                "FIRST_Node_Type": "SUBSTATION",
                "FIRST_Keep_Topo": "YES",
                "FIRST_TDG": "D",
                "COUNT_OBJECTID": 1,
                "TDG_Basis": "OSM",
                "FROM_DEG": 1,
                "TO_DEG": null,
                "DEGREE": 1
            }
        },
        {
            "type": "Feature",
            "id": 6,
            "geometry": {
                "type": "Point",
                "coordinates": [
                    -67.401590786412129,
                    45.158610302717292
                ]
            },
            "properties": {
                "OBJECTID": 6,
                "ClusterID": "-7503111_5646526",
                "FIRST_Best_Sub": "DOMTAR_WOODLAND_MILL",
                "FIRST_Best_Source": "MANUAL",
                "FIRST_Node_Type": "SUBSTATION",
                "FIRST_Keep_Topo": "YES",
                "FIRST_TDG": "D?",
                "COUNT_OBJECTID": 1,
                "TDG_Basis": "OSM",
                "FROM_DEG": null,
                "TO_DEG": 1,
                "DEGREE": 1
            }
        },
        {
            "type": "Feature",
            "id": 7,
            "geometry": {
                "type": "Point",
                "coordinates": [
                    -67.526346498112161,
                    45.203962140912402
                ]
            },
            "properties": {
                "OBJECTID": 7,
                "ClusterID": "-7516999_5653689",
                "FIRST_Best_Sub": "TAP136686",
                "FIRST_Best_Source": "HIFLD_AUTO",
                "FIRST_Node_Type": "SWITCH",
                "FIRST_Keep_Topo": "YES",
                "FIRST_TDG": "T",
                "COUNT_OBJECTID": 3,
                "TDG_Basis": "IMAGERY_REVIEW",
                "FROM_DEG": 1,
                "TO_DEG": 2,
                "DEGREE": 3
            }
        },
        {
            "type": "Feature",
            "id": 8,
            "geometry": {
                "type": "Point",
                "coordinates": [
                    -67.528884919712794,
                    45.204966925552753
                ]
            },
            "properties": {
                "OBJECTID": 8,
                "ClusterID": "-7517281_5653847",
                "FIRST_Best_Sub": "UNKNOWN136685",
                "FIRST_Best_Source": "MANUAL",
                "FIRST_Node_Type": "SUBSTATION",
                "FIRST_Keep_Topo": "YES",
                "FIRST_TDG": "UNKNOWN",
                "COUNT_OBJECTID": 1,
                "TDG_Basis": "HIFLD_UNKNOWN",
                "FROM_DEG": 1,
                "TO_DEG": null,
                "DEGREE": 1
            }
        },
        {
            "type": "Feature",
            "id": 9,
            "geometry": {
                "type": "Point",
                "coordinates": [
                    -67.546234016319659,
                    44.675501230502697
                ]
            },
            "properties": {
                "OBJECTID": 9,
                "ClusterID": "-7519212_5570580",
                "FIRST_Best_Sub": "WASHINGTON COUNTY",
                "FIRST_Best_Source": "HIFLD_AUTO",
                "FIRST_Node_Type": "SUBSTATION",
                "FIRST_Keep_Topo": "YES",
                "FIRST_TDG": "T?",
                "COUNT_OBJECTID": 2,
                "TDG_Basis": "ISO_ROUGH",
                "FROM_DEG": 1,
                "TO_DEG": 1,
                "DEGREE": 2
            }
        },
        {
            "type": "Feature",
            "id": 10,
            "geometry": {
                "type": "Point",
                "coordinates": [
                    -67.738989043737561,
                    45.417210236725708
                ]
            },
            "properties": {
                "OBJECTID": 10,
                "ClusterID": "-7540670_5687444",
                "FIRST_Best_Sub": "UNKNOWN136687",
                "FIRST_Best_Source": "MANUAL",
                "FIRST_Node_Type": "SUBSTATION",
                "FIRST_Keep_Topo": "YES",
                "FIRST_TDG": "UNKNOWN",
                "COUNT_OBJECTID": 1,
                "TDG_Basis": "HIFLD_UNKNOWN",
                "FROM_DEG": null,
                "TO_DEG": 1,
                "DEGREE": 1
            }
        },
        {
            "type": "Feature",
            "id": 11,
            "geometry": {
                "type": "Point",
                "coordinates": [
                    -67.778809999334896,
                    44.672740000340859
                ]
            },
            "properties": {
                "OBJECTID": 11,
                "ClusterID": "-7545103_5570147",
                "FIRST_Best_Sub": "EPPING",
                "FIRST_Best_Source": "MANUAL",
                "FIRST_Node_Type": "SUBSTATION",
                "FIRST_Keep_Topo": "YES",
                "FIRST_TDG": "T",
                "COUNT_OBJECTID": 3,
                "TDG_Basis": "ISO_OSM",
                "FROM_DEG": 2,
                "TO_DEG": 1,
                "DEGREE": 3
            }
        },
        {
            "type": "Feature",
            "id": 12,
            "geometry": {
                "type": "Point",
                "coordinates": [
                    -67.797892022481633,
                    44.622183382056491
                ]
            },
            "properties": {
                "OBJECTID": 12,
                "ClusterID": "-7547227_5562237",
                "FIRST_Best_Sub": "HARRINGTON",
                "FIRST_Best_Source": "MANUAL",
                "FIRST_Node_Type": "SUBSTATION",
                "FIRST_Keep_Topo": "YES",
                "FIRST_TDG": "T",
                "COUNT_OBJECTID": 1,
                "TDG_Basis": "ISO_OSM",
                "FROM_DEG": null,
                "TO_DEG": 1,
                "DEGREE": 1
            }
        },
        {
            "type": "Feature",
            "id": 13,
            "geometry": {
                "type": "Point",
                "coordinates": [
                    -67.830749607204112,
                    46.928950205557712
                ]
            },
            "properties": {
                "OBJECTID": 13,
                "ClusterID": "-7550885_5930485",
                "FIRST_Best_Sub": "LIMESTONE_SWITCHING_STATION",
                "FIRST_Best_Source": "MANUAL",
                "FIRST_Node_Type": "SUBSTATION",
                "FIRST_Keep_Topo": "YES",
                "FIRST_TDG": "T",
                "COUNT_OBJECTID": 3,
                "TDG_Basis": "ISO_OSM",
                "FROM_DEG": 1,
                "TO_DEG": 1,
                "DEGREE": 2
            }
        },
        {
            "type": "Feature",
            "id": 14,
            "geometry": {
                "type": "Point",
                "coordinates": [
                    -67.841372238439362,
                    46.286134299354231
                ]
            },
            "properties": {
                "OBJECTID": 14,
                "ClusterID": "-7552067_5826322",
                "FIRST_Best_Sub": "UNKNOWN157845",
                "FIRST_Best_Source": "MANUAL",
                "FIRST_Node_Type": "SUBSTATION",
                "FIRST_Keep_Topo": "YES",
                "FIRST_TDG": "UNKNOWN",
                "COUNT_OBJECTID": 1,
                "TDG_Basis": "HIFLD_UNKNOWN",
                "FROM_DEG": null,
                "TO_DEG": 1,
                "DEGREE": 1
            }
        },
        {
            "type": "Feature",
            "id": 15,
            "geometry": {
                "type": "Point",
                "coordinates": [
                    -67.846906865804371,
                    46.419281799157346
                ]
            },
            "properties": {
                "OBJECTID": 15,
                "ClusterID": "-7552683_5847796",
                "FIRST_Best_Sub": "UNKNOWN157846",
                "FIRST_Best_Source": "MANUAL",
                "FIRST_Node_Type": "SUBSTATION",
                "FIRST_Keep_Topo": "YES",
                "FIRST_TDG": "UNKNOWN",
                "COUNT_OBJECTID": 1,
                "TDG_Basis": "HIFLD_UNKNOWN",
                "FROM_DEG": null,
                "TO_DEG": 1,
                "DEGREE": 1
            }
        },
        {
            "type": "Feature",
            "id": 16,
            "geometry": {
                "type": "Point",
                "coordinates": [
                    -67.847464497711925,
                    46.772747746514689
                ]
            },
            "properties": {
                "OBJECTID": 16,
                "ClusterID": "-7552745_5905059",
                "FIRST_Best_Sub": "STANDARD_SOLAR_FT_FAIRFIELD_SUBSTATION",
                "FIRST_Best_Source": "MANUAL",
                "FIRST_Node_Type": "SUBSTATION",
                "FIRST_Keep_Topo": "YES",
                "FIRST_TDG": "T?",
                "COUNT_OBJECTID": 2,
                "TDG_Basis": "IMAGERY_REVIEW",
                "FROM_DEG": 1,
                "TO_DEG": 1,
                "DEGREE": 2
            }
        },
        {
            "type": "Feature",
            "id": 17,
            "geometry": {
                "type": "Point",
                "coordinates": [
                    -67.848832642669464,
                    46.772745303969991
                ]
            },
            "properties": {
                "OBJECTID": 17,
                "ClusterID": "-7552898_5905059",
                "FIRST_Best_Sub": "STANDARD_SOLAR_FORT_FAIRFIELD",
                "FIRST_Best_Source": "MANUAL",
                "FIRST_Node_Type": "GENERATOR",
                "FIRST_Keep_Topo": "YES",
                "FIRST_TDG": "G",
                "COUNT_OBJECTID": 1,
                "TDG_Basis": "IMAGERY_REVIEWED",
                "FROM_DEG": 1,
                "TO_DEG": null,
                "DEGREE": 1
            }
        },
        {
            "type": "Feature",
            "id": 18,
            "geometry": {
                "type": "Point",
                "coordinates": [
                    -67.851742000210422,
                    46.2862270002137
                ]
            },
            "properties": {
                "OBJECTID": 18,
                "ClusterID": "-7553221_5826337",
                "FIRST_Best_Sub": "TAP156300",
                "FIRST_Best_Source": "HIFLD_AUTO",
                "FIRST_Node_Type": "TAP",
                "FIRST_Keep_Topo": "YES",
                "FIRST_TDG": "UNKNOWN",
                "COUNT_OBJECTID": 3,
                "TDG_Basis": "HIFLD_TAP",
                "FROM_DEG": 2,
                "TO_DEG": 1,
                "DEGREE": 3
            }
        },
        {
            "type": "Feature",
            "id": 19,
            "geometry": {
                "type": "Point",
                "coordinates": [
                    -67.852017948292655,
                    46.141578871154614
                ]
            },
            "properties": {
                "OBJECTID": 19,
                "ClusterID": "-7553252_5803066",
                "FIRST_Best_Sub": "HOULTON",
                "FIRST_Best_Source": "MANUAL",
                "FIRST_Node_Type": "SUBSTATION",
                "FIRST_Keep_Topo": "YES",
                "FIRST_TDG": "T",
                "COUNT_OBJECTID": 2,
                "TDG_Basis": "ISO_ROUGH",
                "FROM_DEG": 1,
                "TO_DEG": 1,
                "DEGREE": 2
            }
        },
        {
            "type": "Feature",
            "id": 20,
            "geometry": {
                "type": "Point",
                "coordinates": [
                    -67.852878999662181,
                    46.419882999684617
                ]
            },
            "properties": {
                "OBJECTID": 20,
                "ClusterID": "-7553348_5847893",
                "FIRST_Best_Sub": "TAP156301",
                "FIRST_Best_Source": "HIFLD_AUTO",
                "FIRST_Node_Type": "TAP",
                "FIRST_Keep_Topo": "YES",
                "FIRST_TDG": "UNKNOWN",
                "COUNT_OBJECTID": 3,
                "TDG_Basis": "HIFLD_TAP",
                "FROM_DEG": 2,
                "TO_DEG": 1,
                "DEGREE": 3
            }
        },
        {
            "type": "Feature",
            "id": 21,
            "geometry": {
                "type": "Point",
                "coordinates": [
                    -67.858459746533853,
                    46.760681684182529
                ]
            },
            "properties": {
                "OBJECTID": 21,
                "ClusterID": "-7553969_5903098",
                "FIRST_Best_Sub": "TAP136599",
                "FIRST_Best_Source": "HIFLD_AUTO",
                "FIRST_Node_Type": "TAP",
                "FIRST_Keep_Topo": "YES",
                "FIRST_TDG": "UNKNOWN",
                "COUNT_OBJECTID": 3,
                "TDG_Basis": "HIFLD_TAP",
                "FROM_DEG": 1,
                "TO_DEG": 2,
                "DEGREE": 3
            }
        },
        {
            "type": "Feature",
            "id": 22,
            "geometry": {
                "type": "Point",
                "coordinates": [
                    -67.884460000212457,
                    46.529959000561121
                ]
            },
            "properties": {
                "OBJECTID": 22,
                "ClusterID": "-7556864_5865686",
                "FIRST_Best_Sub": "MARS_HILL",
                "FIRST_Best_Source": "MANUAL",
                "FIRST_Node_Type": "SUBSTATION",
                "FIRST_Keep_Topo": "YES",
                "FIRST_TDG": "T",
                "COUNT_OBJECTID": 4,
                "TDG_Basis": "ISO_ROUGH",
                "FROM_DEG": 2,
                "TO_DEG": 2,
                "DEGREE": 4
            }
        },
        {
            "type": "Feature",
            "id": 23,
            "geometry": {
                "type": "Point",
                "coordinates": [
                    -67.893544150641048,
                    46.93358896622108
                ]
            },
            "properties": {
                "OBJECTID": 23,
                "ClusterID": "-7557875_5931241",
                "FIRST_Best_Sub": "NA_LORING_GENERATOR_MANUAL",
                "FIRST_Best_Source": "MANUAL",
                "FIRST_Node_Type": "GENERATOR",
                "FIRST_Keep_Topo": "YES",
                "FIRST_TDG": "G",
                "COUNT_OBJECTID": 1,
                "TDG_Basis": "IMAGERY_REVIEWED",
                "FROM_DEG": 1,
                "TO_DEG": null,
                "DEGREE": 1
            }
        },
        {
            "type": "Feature",
            "id": 24,
            "geometry": {
                "type": "Point",
                "coordinates": [
                    -67.894228247374343,
                    46.933421213481921
                ]
            },
            "properties": {
                "OBJECTID": 24,
                "ClusterID": "-7557951_5931213",
                "FIRST_Best_Sub": "UNKNOWN133138",
                "FIRST_Best_Source": "HIFLD_AUTO",
                "FIRST_Node_Type": "SUBSTATION",
                "FIRST_Keep_Topo": "YES",
                "FIRST_TDG": "UNKNOWN",
                "COUNT_OBJECTID": 2,
                "TDG_Basis": "HIFLD_UNKNOWN",
                "FROM_DEG": null,
                "TO_DEG": 2,
                "DEGREE": 2
            }
        },
        {
            "type": "Feature",
            "id": 25,
            "geometry": {
                "type": "Point",
                "coordinates": [
                    -67.89503600079972,
                    46.91394800050616
                ]
            },
            "properties": {
                "OBJECTID": 25,
                "ClusterID": "-7558041_5928039",
                "FIRST_Best_Sub": "TAP156308",
                "FIRST_Best_Source": "HIFLD_AUTO",
                "FIRST_Node_Type": "TAP",
                "FIRST_Keep_Topo": "YES",
                "FIRST_TDG": "UNKNOWN",
                "COUNT_OBJECTID": 3,
                "TDG_Basis": "HIFLD_TAP",
                "FROM_DEG": 2,
                "TO_DEG": 1,
                "DEGREE": 3
            }
        },
        {
            "type": "Feature",
            "id": 26,
            "geometry": {
                "type": "Point",
                "coordinates": [
                    -67.908072998989823,
                    46.573352000397797
                ]
            },
            "properties": {
                "OBJECTID": 26,
                "ClusterID": "-7559492_5872710",
                "FIRST_Best_Sub": "TAP156303",
                "FIRST_Best_Source": "HIFLD_AUTO",
                "FIRST_Node_Type": "TAP",
                "FIRST_Keep_Topo": "YES",
                "FIRST_TDG": "UNKNOWN",
                "COUNT_OBJECTID": 3,
                "TDG_Basis": "HIFLD_TAP",
                "FROM_DEG": 1,
                "TO_DEG": 2,
                "DEGREE": 3
            }
        },
        {
            "type": "Feature",
            "id": 27,
            "geometry": {
                "type": "Point",
                "coordinates": [
                    -67.908404999250862,
                    46.573543000454343
                ]
            },
            "properties": {
                "OBJECTID": 27,
                "ClusterID": "-7559529_5872741",
                "FIRST_Best_Sub": "TAP155834",
                "FIRST_Best_Source": "HIFLD_AUTO",
                "FIRST_Node_Type": "TAP",
                "FIRST_Keep_Topo": "YES",
                "FIRST_TDG": "UNKNOWN",
                "COUNT_OBJECTID": 3,
                "TDG_Basis": "HIFLD_TAP",
                "FROM_DEG": 2,
                "TO_DEG": 1,
                "DEGREE": 3
            }
        },
        {
            "type": "Feature",
            "id": 28,
            "geometry": {
                "type": "Point",
                "coordinates": [
                    -67.909528232020861,
                    46.573638030296515
                ]
            },
            "properties": {
                "OBJECTID": 28,
                "ClusterID": "-7559654_5872757",
                "FIRST_Best_Sub": "UNKNOWN156966",
                "FIRST_Best_Source": "HIFLD_AUTO",
                "FIRST_Node_Type": "SUBSTATION",
                "FIRST_Keep_Topo": "YES",
                "FIRST_TDG": "UNKNOWN",
                "COUNT_OBJECTID": 2,
                "TDG_Basis": "HIFLD_UNKNOWN",
                "FROM_DEG": 1,
                "TO_DEG": 1,
                "DEGREE": 2
            }
        },
        {
            "type": "Feature",
            "id": 29,
            "geometry": {
                "type": "Point",
                "coordinates": [
                    -67.920409208850444,
                    46.643280094587688
                ]
            },
            "properties": {
                "OBJECTID": 29,
                "ClusterID": "-7560865_5884041",
                "FIRST_Best_Sub": "UNKNOWN158128",
                "FIRST_Best_Source": "MANUAL",
                "FIRST_Node_Type": "SUBSTATION",
                "FIRST_Keep_Topo": "YES",
                "FIRST_TDG": "UNKNOWN",
                "COUNT_OBJECTID": 1,
                "TDG_Basis": "HIFLD_UNKNOWN",
                "FROM_DEG": null,
                "TO_DEG": 1,
                "DEGREE": 1
            }
        },
        {
            "type": "Feature",
            "id": 30,
            "geometry": {
                "type": "Point",
                "coordinates": [
                    -67.920895999614714,
                    46.644181999971813
                ]
            },
            "properties": {
                "OBJECTID": 30,
                "ClusterID": "-7560920_5884188",
                "FIRST_Best_Sub": "TAP156304",
                "FIRST_Best_Source": "HIFLD_AUTO",
                "FIRST_Node_Type": "TAP",
                "FIRST_Keep_Topo": "YES",
                "FIRST_TDG": "UNKNOWN",
                "COUNT_OBJECTID": 3,
                "TDG_Basis": "HIFLD_TAP",
                "FROM_DEG": 2,
                "TO_DEG": 1,
                "DEGREE": 3
            }
        },
        {
            "type": "Feature",
            "id": 31,
            "geometry": {
                "type": "Point",
                "coordinates": [
                    -67.952385348649798,
                    46.708976832369189
                ]
            },
            "properties": {
                "OBJECTID": 31,
                "ClusterID": "-7564425_5894700",
                "FIRST_Best_Sub": "FLOS_INN_SUBSTATION",
                "FIRST_Best_Source": "MANUAL",
                "FIRST_Node_Type": "SUBSTATION",
                "FIRST_Keep_Topo": "YES",
                "FIRST_TDG": "T",
                "COUNT_OBJECTID": 6,
                "TDG_Basis": "ISO_OSM",
                "FROM_DEG": 4,
                "TO_DEG": 2,
                "DEGREE": 6
            }
        },
        {
            "type": "Feature",
            "id": 32,
            "geometry": {
                "type": "Point",
                "coordinates": [
                    -67.952689918853608,
                    46.709681151954413
                ]
            },
            "properties": {
                "OBJECTID": 32,
                "ClusterID": "-7564459_5894815",
                "FIRST_Best_Sub": "FLOS_INN",
                "FIRST_Best_Source": "MANUAL",
                "FIRST_Node_Type": "SUBSTATION",
                "FIRST_Keep_Topo": "YES",
                "FIRST_TDG": "T",
                "COUNT_OBJECTID": 1,
                "TDG_Basis": "ISO_OSM",
                "FROM_DEG": null,
                "TO_DEG": 1,
                "DEGREE": 1
            }
        },
        {
            "type": "Feature",
            "id": 33,
            "geometry": {
                "type": "Point",
                "coordinates": [
                    -67.957015629441827,
                    44.700462372036334
                ]
            },
            "properties": {
                "OBJECTID": 33,
                "ClusterID": "-7564940_5574488",
                "FIRST_Best_Sub": "DEBLOIS",
                "FIRST_Best_Source": "MANUAL",
                "FIRST_Node_Type": "SUBSTATION",
                "FIRST_Keep_Topo": "YES",
                "FIRST_TDG": "T",
                "COUNT_OBJECTID": 3,
                "TDG_Basis": "ISO_OSM",
                "FROM_DEG": 1,
                "TO_DEG": 2,
                "DEGREE": 3
            }
        },
        {
            "type": "Feature",
            "id": 34,
            "geometry": {
                "type": "Point",
                "coordinates": [
                    -67.959492298154899,
                    45.585031558180887
                ]
            },
            "properties": {
                "OBJECTID": 34,
                "ClusterID": "-7565216_5714098",
                "FIRST_Best_Sub": "NA_STETSON_WIND_GENERATOR",
                "FIRST_Best_Source": "MANUAL",
                "FIRST_Node_Type": "GENERATOR",
                "FIRST_Keep_Topo": "YES",
                "FIRST_TDG": "G",
                "COUNT_OBJECTID": 1,
                "TDG_Basis": "IMAGERY_REVIEWED",
                "FROM_DEG": null,
                "TO_DEG": 1,
                "DEGREE": 1
            }
        },
        {
            "type": "Feature",
            "id": 35,
            "geometry": {
                "type": "Point",
                "coordinates": [
                    -67.989505999045832,
                    46.874591000070843
                ]
            },
            "properties": {
                "OBJECTID": 35,
                "ClusterID": "-7568557_5921628",
                "FIRST_Best_Sub": "TAP156309",
                "FIRST_Best_Source": "HIFLD_AUTO",
                "FIRST_Node_Type": "TAP",
                "FIRST_Keep_Topo": "YES",
                "FIRST_TDG": "UNKNOWN",
                "COUNT_OBJECTID": 3,
                "TDG_Basis": "HIFLD_TAP",
                "FROM_DEG": 2,
                "TO_DEG": 1,
                "DEGREE": 3
            }
        },
        {
            "type": "Feature",
            "id": 36,
            "geometry": {
                "type": "Point",
                "coordinates": [
                    -67.993645604758299,
                    45.483591222640193
                ]
            },
            "properties": {
                "OBJECTID": 36,
                "ClusterID": "-7569018_5697977",
                "FIRST_Best_Sub": "STETSON",
                "FIRST_Best_Source": "HIFLD_AUTO",
                "FIRST_Node_Type": "SUBSTATION",
                "FIRST_Keep_Topo": "YES",
                "FIRST_TDG": "TG",
                "COUNT_OBJECTID": 3,
                "TDG_Basis": "ISO_OSM",
                "FROM_DEG": 3,
                "TO_DEG": null,
                "DEGREE": 3
            }
        },
        {
            "type": "Feature",
            "id": 37,
            "geometry": {
                "type": "Point",
                "coordinates": [
                    -67.994590357552724,
                    45.48243794565014
                ]
            },
            "properties": {
                "OBJECTID": 37,
                "ClusterID": "-7569123_5697794",
                "FIRST_Best_Sub": "STETSON_WIND_FARM",
                "FIRST_Best_Source": "MANUAL",
                "FIRST_Node_Type": "GENERATOR",
                "FIRST_Keep_Topo": "YES",
                "FIRST_TDG": "G",
                "COUNT_OBJECTID": 1,
                "TDG_Basis": "ISO_IMAGERY_REVIEWED",
                "FROM_DEG": null,
                "TO_DEG": 1,
                "DEGREE": 1
            }
        },
        {
            "type": "Feature",
            "id": 38,
            "geometry": {
                "type": "Point",
                "coordinates": [
                    -68.002371571730308,
                    46.847414653630167
                ]
            },
            "properties": {
                "OBJECTID": 38,
                "ClusterID": "-7569989_5917204",
                "FIRST_Best_Sub": "CARIBOU_GENERATOR",
                "FIRST_Best_Source": "MANUAL",
                "FIRST_Node_Type": "GENERATOR",
                "FIRST_Keep_Topo": "YES",
                "FIRST_TDG": "G",
                "COUNT_OBJECTID": 1,
                "TDG_Basis": "ISO_IMAGERY_REVIEWED",
                "FROM_DEG": null,
                "TO_DEG": 1,
                "DEGREE": 1
            }
        },
        {
            "type": "Feature",
            "id": 39,
            "geometry": {
                "type": "Point",
                "coordinates": [
                    -68.002614276757129,
                    46.848328366028426
                ]
            },
            "properties": {
                "OBJECTID": 39,
                "ClusterID": "-7570016_5917352",
                "FIRST_Best_Sub": "UNKNOWN133126",
                "FIRST_Best_Source": "HIFLD_AUTO",
                "FIRST_Node_Type": "SUBSTATION",
                "FIRST_Keep_Topo": "YES",
                "FIRST_TDG": "UNKNOWN",
                "COUNT_OBJECTID": 4,
                "TDG_Basis": "HIFLD_UNKNOWN",
                "FROM_DEG": 2,
                "TO_DEG": 2,
                "DEGREE": 4
            }
        },
        {
            "type": "Feature",
            "id": 40,
            "geometry": {
                "type": "Point",
                "coordinates": [
                    -68.008726138167518,
                    46.699270618957215
                ]
            },
            "properties": {
                "OBJECTID": 40,
                "ClusterID": "-7570697_5893125",
                "FIRST_Best_Sub": "UNKNOWN136596",
                "FIRST_Best_Source": "MANUAL",
                "FIRST_Node_Type": "SUBSTATION",
                "FIRST_Keep_Topo": "YES",
                "FIRST_TDG": "UNKNOWN",
                "COUNT_OBJECTID": 1,
                "TDG_Basis": "HIFLD_UNKNOWN",
                "FROM_DEG": null,
                "TO_DEG": 1,
                "DEGREE": 1
            }
        },
        {
            "type": "Feature",
            "id": 41,
            "geometry": {
                "type": "Point",
                "coordinates": [
                    -68.008814000588785,
                    46.699569000101683
                ]
            },
            "properties": {
                "OBJECTID": 41,
                "ClusterID": "-7570707_5893173",
                "FIRST_Best_Sub": "TAP156305",
                "FIRST_Best_Source": "HIFLD_AUTO",
                "FIRST_Node_Type": "TAP",
                "FIRST_Keep_Topo": "YES",
                "FIRST_TDG": "UNKNOWN",
                "COUNT_OBJECTID": 3,
                "TDG_Basis": "HIFLD_TAP",
                "FROM_DEG": 2,
                "TO_DEG": 1,
                "DEGREE": 3
            }
        },
        {
            "type": "Feature",
            "id": 42,
            "geometry": {
                "type": "Point",
                "coordinates": [
                    -68.00992087683413,
                    46.68155519304652
                ]
            },
            "properties": {
                "OBJECTID": 42,
                "ClusterID": "-7570830_5890250",
                "FIRST_Best_Sub": "UNKNOWN156968",
                "FIRST_Best_Source": "MANUAL",
                "FIRST_Node_Type": "SUBSTATION",
                "FIRST_Keep_Topo": "YES",
                "FIRST_TDG": "UNKNOWN",
                "COUNT_OBJECTID": 1,
                "TDG_Basis": "HIFLD_UNKNOWN",
                "FROM_DEG": 1,
                "TO_DEG": null,
                "DEGREE": 1
            }
        },
        {
            "type": "Feature",
            "id": 43,
            "geometry": {
                "type": "Point",
                "coordinates": [
                    -68.020020000464569,
                    46.699545000465164
                ]
            },
            "properties": {
                "OBJECTID": 43,
                "ClusterID": "-7571954_5893169",
                "FIRST_Best_Sub": "TAP156306",
                "FIRST_Best_Source": "HIFLD_AUTO",
                "FIRST_Node_Type": "TAP",
                "FIRST_Keep_Topo": "YES",
                "FIRST_TDG": "UNKNOWN",
                "COUNT_OBJECTID": 3,
                "TDG_Basis": "HIFLD_TAP",
                "FROM_DEG": 2,
                "TO_DEG": 1,
                "DEGREE": 3
            }
        },
        {
            "type": "Feature",
            "id": 44,
            "geometry": {
                "type": "Point",
                "coordinates": [
                    -68.033149593400921,
                    44.735578396595578
                ]
            },
            "properties": {
                "OBJECTID": 44,
                "ClusterID": "-7573416_5579989",
                "FIRST_Best_Sub": "NA_DEBLOIS",
                "FIRST_Best_Source": "MANUAL",
                "FIRST_Node_Type": "GENERATOR",
                "FIRST_Keep_Topo": "YES",
                "FIRST_TDG": "G",
                "COUNT_OBJECTID": 1,
                "TDG_Basis": "IMAGERY_REVIEWED",
                "FROM_DEG": 1,
                "TO_DEG": null,
                "DEGREE": 1
            }
        },
        {
            "type": "Feature",
            "id": 45,
            "geometry": {
                "type": "Point",
                "coordinates": [
                    -68.035341354235115,
                    46.677516407219159
                ]
            },
            "properties": {
                "OBJECTID": 45,
                "ClusterID": "-7573660_5889594",
                "FIRST_Best_Sub": "UNKNOWN157847",
                "FIRST_Best_Source": "HIFLD_AUTO",
                "FIRST_Node_Type": "SUBSTATION",
                "FIRST_Keep_Topo": "YES",
                "FIRST_TDG": "UNKNOWN",
                "COUNT_OBJECTID": 3,
                "TDG_Basis": "HIFLD_UNKNOWN",
                "FROM_DEG": 1,
                "TO_DEG": 2,
                "DEGREE": 3
            }
        },
        {
            "type": "Feature",
            "id": 46,
            "geometry": {
                "type": "Point",
                "coordinates": [
                    -68.042934193494219,
                    46.699143473351164
                ]
            },
            "properties": {
                "OBJECTID": 46,
                "ClusterID": "-7574505_5893104",
                "FIRST_Best_Sub": "UNKNOWN136598",
                "FIRST_Best_Source": "MANUAL",
                "FIRST_Node_Type": "SUBSTATION",
                "FIRST_Keep_Topo": "YES",
                "FIRST_TDG": "UNKNOWN",
                "COUNT_OBJECTID": 1,
                "TDG_Basis": "HIFLD_UNKNOWN",
                "FROM_DEG": null,
                "TO_DEG": 1,
                "DEGREE": 1
            }
        },
        {
            "type": "Feature",
            "id": 47,
            "geometry": {
                "type": "Point",
                "coordinates": [
                    -68.051980888667032,
                    46.05052354051216
                ]
            },
            "properties": {
                "OBJECTID": 47,
                "ClusterID": "-7575512_5788449",
                "FIRST_Best_Sub": "UNKNOWN155601",
                "FIRST_Best_Source": "MANUAL",
                "FIRST_Node_Type": "SUBSTATION",
                "FIRST_Keep_Topo": "YES",
                "FIRST_TDG": "UNKNOWN",
                "COUNT_OBJECTID": 1,
                "TDG_Basis": "HIFLD_UNKNOWN",
                "FROM_DEG": 1,
                "TO_DEG": null,
                "DEGREE": 1
            }
        },
        {
            "type": "Feature",
            "id": 48,
            "geometry": {
                "type": "Point",
                "coordinates": [
                    -68.153878658043908,
                    46.778203797899373
                ]
            },
            "properties": {
                "OBJECTID": 48,
                "ClusterID": "-7586855_5905946",
                "FIRST_Best_Sub": "UNKNOWN136591",
                "FIRST_Best_Source": "MANUAL",
                "FIRST_Node_Type": "SUBSTATION",
                "FIRST_Keep_Topo": "YES",
                "FIRST_TDG": "UNKNOWN",
                "COUNT_OBJECTID": 1,
                "TDG_Basis": "HIFLD_UNKNOWN",
                "FROM_DEG": null,
                "TO_DEG": 1,
                "DEGREE": 1
            }
        },
        {
            "type": "Feature",
            "id": 49,
            "geometry": {
                "type": "Point",
                "coordinates": [
                    -68.153914310380856,
                    46.778521195316337
                ]
            },
            "properties": {
                "OBJECTID": 49,
                "ClusterID": "-7586859_5905998",
                "FIRST_Best_Sub": "TAP136592",
                "FIRST_Best_Source": "HIFLD_AUTO",
                "FIRST_Node_Type": "TAP",
                "FIRST_Keep_Topo": "YES",
                "FIRST_TDG": "UNKNOWN",
                "COUNT_OBJECTID": 3,
                "TDG_Basis": "HIFLD_TAP",
                "FROM_DEG": 2,
                "TO_DEG": 1,
                "DEGREE": 3
            }
        },
        {
            "type": "Feature",
            "id": 50,
            "geometry": {
                "type": "Point",
                "coordinates": [
                    -68.161192728510756,
                    46.684339162880676
                ]
            },
            "properties": {
                "OBJECTID": 50,
                "ClusterID": "-7587669_5890702",
                "FIRST_Best_Sub": "UNKNOWN156969",
                "FIRST_Best_Source": "MANUAL",
                "FIRST_Node_Type": "SUBSTATION",
                "FIRST_Keep_Topo": "YES",
                "FIRST_TDG": "UNKNOWN",
                "COUNT_OBJECTID": 1,
                "TDG_Basis": "HIFLD_UNKNOWN",
                "FROM_DEG": 1,
                "TO_DEG": null,
                "DEGREE": 1
            }
        },
        {
            "type": "Feature",
            "id": 51,
            "geometry": {
                "type": "Point",
                "coordinates": [
                    -68.161791000201816,
                    46.681832000298805
                ]
            },
            "properties": {
                "OBJECTID": 51,
                "ClusterID": "-7587736_5890295",
                "FIRST_Best_Sub": "TAP156307",
                "FIRST_Best_Source": "HIFLD_AUTO",
                "FIRST_Node_Type": "TAP",
                "FIRST_Keep_Topo": "YES",
                "FIRST_TDG": "UNKNOWN",
                "COUNT_OBJECTID": 3,
                "TDG_Basis": "HIFLD_TAP",
                "FROM_DEG": 1,
                "TO_DEG": 2,
                "DEGREE": 3
            }
        },
        {
            "type": "Feature",
            "id": 52,
            "geometry": {
                "type": "Point",
                "coordinates": [
                    -68.325539999322231,
                    46.556479999692485
                ]
            },
            "properties": {
                "OBJECTID": 52,
                "ClusterID": "-7605964_5869978",
                "FIRST_Best_Sub": "NA_SQUA_PAN_HYDRO",
                "FIRST_Best_Source": "MANUAL",
                "FIRST_Node_Type": "GENERATOR",
                "FIRST_Keep_Topo": "YES",
                "FIRST_TDG": "G",
                "COUNT_OBJECTID": 1,
                "TDG_Basis": "IMAGERY_REVIEWED",
                "FROM_DEG": null,
                "TO_DEG": 1,
                "DEGREE": 1
            }
        },
        {
            "type": "Feature",
            "id": 53,
            "geometry": {
                "type": "Point",
                "coordinates": [
                    -68.326866746318188,
                    47.134601802181606
                ]
            },
            "properties": {
                "OBJECTID": 53,
                "ClusterID": "-7606112_5964072",
                "FIRST_Best_Sub": "UNKNOWN158129",
                "FIRST_Best_Source": "MANUAL",
                "FIRST_Node_Type": "SUBSTATION",
                "FIRST_Keep_Topo": "YES",
                "FIRST_TDG": "UNKNOWN",
                "COUNT_OBJECTID": 1,
                "TDG_Basis": "HIFLD_UNKNOWN",
                "FROM_DEG": null,
                "TO_DEG": 1,
                "DEGREE": 1
            }
        },
        {
            "type": "Feature",
            "id": 54,
            "geometry": {
                "type": "Point",
                "coordinates": [
                    -68.327031999499553,
                    47.134214000000959
                ]
            },
            "properties": {
                "OBJECTID": 54,
                "ClusterID": "-7606130_5964009",
                "FIRST_Best_Sub": "TAP156310",
                "FIRST_Best_Source": "HIFLD_AUTO",
                "FIRST_Node_Type": "TAP",
                "FIRST_Keep_Topo": "YES",
                "FIRST_TDG": "UNKNOWN",
                "COUNT_OBJECTID": 3,
                "TDG_Basis": "HIFLD_TAP",
                "FROM_DEG": 2,
                "TO_DEG": 1,
                "DEGREE": 3
            }
        },
        {
            "type": "Feature",
            "id": 55,
            "geometry": {
                "type": "Point",
                "coordinates": [
                    -68.347655166059525,
                    45.510966635310879
                ]
            },
            "properties": {
                "OBJECTID": 55,
                "ClusterID": "-7608426_5702325",
                "FIRST_Best_Sub": "TAP136688",
                "FIRST_Best_Source": "HIFLD_AUTO",
                "FIRST_Node_Type": "TAP",
                "FIRST_Keep_Topo": "YES",
                "FIRST_TDG": "UNKNOWN",
                "COUNT_OBJECTID": 3,
                "TDG_Basis": "HIFLD_TAP",
                "FROM_DEG": 2,
                "TO_DEG": 1,
                "DEGREE": 3
            }
        },
        {
            "type": "Feature",
            "id": 56,
            "geometry": {
                "type": "Point",
                "coordinates": [
                    -68.364733972173838,
                    45.404089714037625
                ]
            },
            "properties": {
                "OBJECTID": 56,
                "ClusterID": "-7610327_5685363",
                "FIRST_Best_Sub": "ROLLINS_SUB",
                "FIRST_Best_Source": "MANUAL",
                "FIRST_Node_Type": "SUBSTATION",
                "FIRST_Keep_Topo": "YES",
                "FIRST_TDG": "T",
                "COUNT_OBJECTID": 2,
                "TDG_Basis": "ISO_OSM",
                "FROM_DEG": 1,
                "TO_DEG": 1,
                "DEGREE": 2
            }
        },
        {
            "type": "Feature",
            "id": 57,
            "geometry": {
                "type": "Point",
                "coordinates": [
                    -68.36658502088531,
                    45.404196390823159
                ]
            },
            "properties": {
                "OBJECTID": 57,
                "ClusterID": "-7610533_5685380",
                "FIRST_Best_Sub": "ROLLINS_WIND_FARM",
                "FIRST_Best_Source": "MANUAL",
                "FIRST_Node_Type": "GENERATOR",
                "FIRST_Keep_Topo": "YES",
                "FIRST_TDG": "G",
                "COUNT_OBJECTID": 1,
                "TDG_Basis": "ISO_IMAGERY_REVIEWED",
                "FROM_DEG": null,
                "TO_DEG": 1,
                "DEGREE": 1
            }
        },
        {
            "type": "Feature",
            "id": 58,
            "geometry": {
                "type": "Point",
                "coordinates": [
                    -68.374531446023411,
                    44.438880545601428
                ]
            },
            "properties": {
                "OBJECTID": 58,
                "ClusterID": "-7611418_5533613",
                "FIRST_Best_Sub": "TRENTON",
                "FIRST_Best_Source": "MANUAL",
                "FIRST_Node_Type": "SUBSTATION",
                "FIRST_Keep_Topo": "YES",
                "FIRST_TDG": "T",
                "COUNT_OBJECTID": 1,
                "TDG_Basis": "ISO_OSM",
                "FROM_DEG": 1,
                "TO_DEG": null,
                "DEGREE": 1
            }
        },
        {
            "type": "Feature",
            "id": 59,
            "geometry": {
                "type": "Point",
                "coordinates": [
                    -68.375049588889425,
                    47.278518236928086
                ]
            },
            "properties": {
                "OBJECTID": 59,
                "ClusterID": "-7611476_5987654",
                "FIRST_Best_Sub": "UNKNOWN132986",
                "FIRST_Best_Source": "MANUAL",
                "FIRST_Node_Type": "SUBSTATION",
                "FIRST_Keep_Topo": "YES",
                "FIRST_TDG": "UNKNOWN",
                "COUNT_OBJECTID": 1,
                "TDG_Basis": "HIFLD_UNKNOWN",
                "FROM_DEG": null,
                "TO_DEG": 1,
                "DEGREE": 1
            }
        },
        {
            "type": "Feature",
            "id": 60,
            "geometry": {
                "type": "Point",
                "coordinates": [
                    -68.391734269054268,
                    46.631404802653165
                ]
            },
            "properties": {
                "OBJECTID": 60,
                "ClusterID": "-7613333_5882116",
                "FIRST_Best_Sub": "UNKNOWN136590",
                "FIRST_Best_Source": "HIFLD_AUTO",
                "FIRST_Node_Type": "SUBSTATION",
                "FIRST_Keep_Topo": "YES",
                "FIRST_TDG": "UNKNOWN",
                "COUNT_OBJECTID": 4,
                "TDG_Basis": "HIFLD_UNKNOWN",
                "FROM_DEG": 2,
                "TO_DEG": 2,
                "DEGREE": 4
            }
        },
        {
            "type": "Feature",
            "id": 61,
            "geometry": {
                "type": "Point",
                "coordinates": [
                    -68.408064091325713,
                    45.571334653779452
                ]
            },
            "properties": {
                "OBJECTID": 61,
                "ClusterID": "-7615151_5711919",
                "FIRST_Best_Sub": "UNKNOWN136594",
                "FIRST_Best_Source": "MANUAL",
                "FIRST_Node_Type": "SUBSTATION",
                "FIRST_Keep_Topo": "YES",
                "FIRST_TDG": "UNKNOWN",
                "COUNT_OBJECTID": 1,
                "TDG_Basis": "HIFLD_UNKNOWN",
                "FROM_DEG": null,
                "TO_DEG": 1,
                "DEGREE": 1
            }
        },
        {
            "type": "Feature",
            "id": 62,
            "geometry": {
                "type": "Point",
                "coordinates": [
                    -68.433690000855734,
                    44.580390000405821
                ]
            },
            "properties": {
                "OBJECTID": 62,
                "ClusterID": "-7618004_5555703",
                "FIRST_Best_Sub": "WALTHAM_RD",
                "FIRST_Best_Source": "MANUAL",
                "FIRST_Node_Type": "SUBSTATION",
                "FIRST_Keep_Topo": "YES",
                "FIRST_TDG": "D?",
                "COUNT_OBJECTID": 2,
                "TDG_Basis": "OSM_IMAGERY_REVIEWED",
                "FROM_DEG": 1,
                "TO_DEG": 1,
                "DEGREE": 2
            }
        },
        {
            "type": "Feature",
            "id": 63,
            "geometry": {
                "type": "Point",
                "coordinates": [
                    -68.436673563730821,
                    46.63601697926056
                ]
            },
            "properties": {
                "OBJECTID": 63,
                "ClusterID": "-7618336_5882864",
                "FIRST_Best_Sub": "UNKNOWN132988",
                "FIRST_Best_Source": "HIFLD_AUTO",
                "FIRST_Node_Type": "SUBSTATION",
                "FIRST_Keep_Topo": "YES",
                "FIRST_TDG": "UNKNOWN",
                "COUNT_OBJECTID": 2,
                "TDG_Basis": "HIFLD_UNKNOWN",
                "FROM_DEG": 2,
                "TO_DEG": null,
                "DEGREE": 2
            }
        },
        {
            "type": "Feature",
            "id": 64,
            "geometry": {
                "type": "Point",
                "coordinates": [
                    -68.437261176910965,
                    46.635551033443321
                ]
            },
            "properties": {
                "OBJECTID": 64,
                "ClusterID": "-7618401_5882788",
                "FIRST_Best_Sub": "NA_UNKNOWN_MANUAL",
                "FIRST_Best_Source": "MANUAL",
                "FIRST_Node_Type": "GENERATOR",
                "FIRST_Keep_Topo": "YES",
                "FIRST_TDG": "UNKNOWN",
                "COUNT_OBJECTID": 1,
                "TDG_Basis": "HIFLD_UNKNOWN",
                "FROM_DEG": null,
                "TO_DEG": 1,
                "DEGREE": 1
            }
        },
        {
            "type": "Feature",
            "id": 65,
            "geometry": {
                "type": "Point",
                "coordinates": [
                    -68.454012022488058,
                    44.577125964148948
                ]
            },
            "properties": {
                "OBJECTID": 65,
                "ClusterID": "-7620266_5555192",
                "FIRST_Best_Sub": "BOGGY BROOK",
                "FIRST_Best_Source": "HIFLD_AUTO",
                "FIRST_Node_Type": "SUBSTATION",
                "FIRST_Keep_Topo": "YES",
                "FIRST_TDG": "T",
                "COUNT_OBJECTID": 4,
                "TDG_Basis": "ISO_EXACT",
                "FROM_DEG": 1,
                "TO_DEG": 3,
                "DEGREE": 4
            }
        },
        {
            "type": "Feature",
            "id": 66,
            "geometry": {
                "type": "Point",
                "coordinates": [
                    -68.458714941053984,
                    44.570136601605981
                ]
            },
            "properties": {
                "OBJECTID": 66,
                "ClusterID": "-7620789_5554100",
                "FIRST_Best_Sub": "ELLSWORTH_FALLS",
                "FIRST_Best_Source": "MANUAL",
                "FIRST_Node_Type": "SUBSTATION",
                "FIRST_Keep_Topo": "YES",
                "FIRST_TDG": "T",
                "COUNT_OBJECTID": 1,
                "TDG_Basis": "ISO_EXACT",
                "FROM_DEG": 1,
                "TO_DEG": null,
                "DEGREE": 1
            }
        },
        {
            "type": "Feature",
            "id": 67,
            "geometry": {
                "type": "Point",
                "coordinates": [
                    -68.461656827489762,
                    44.752890062988996
                ]
            },
            "properties": {
                "OBJECTID": 67,
                "ClusterID": "-7621117_5582703",
                "FIRST_Best_Sub": "REBEL_HILL",
                "FIRST_Best_Source": "MANUAL",
                "FIRST_Node_Type": "SUBSTATION",
                "FIRST_Keep_Topo": "YES",
                "FIRST_TDG": "T",
                "COUNT_OBJECTID": 3,
                "TDG_Basis": "ISO_OSM",
                "FROM_DEG": 1,
                "TO_DEG": 2,
                "DEGREE": 3
            }
        },
        {
            "type": "Feature",
            "id": 68,
            "geometry": {
                "type": "Point",
                "coordinates": [
                    -68.521223917248662,
                    45.393690173698985
                ]
            },
            "properties": {
                "OBJECTID": 68,
                "ClusterID": "-7627748_5683714",
                "FIRST_Best_Sub": "CHESTER",
                "FIRST_Best_Source": "MANUAL",
                "FIRST_Node_Type": "SUBSTATION",
                "FIRST_Keep_Topo": "YES",
                "FIRST_TDG": "T",
                "COUNT_OBJECTID": 1,
                "TDG_Basis": "ISO_OSM",
                "FROM_DEG": null,
                "TO_DEG": 1,
                "DEGREE": 1
            }
        },
        {
            "type": "Feature",
            "id": 69,
            "geometry": {
                "type": "Point",
                "coordinates": [
                    -68.525846585717005,
                    45.397405758023041
                ]
            },
            "properties": {
                "OBJECTID": 69,
                "ClusterID": "-7628262_5684303",
                "FIRST_Best_Sub": "CHESTER STATIC VAR COMPENSATOR",
                "FIRST_Best_Source": "MANUAL",
                "FIRST_Node_Type": "SUPPORT",
                "FIRST_Keep_Topo": "YES",
                "FIRST_TDG": "T",
                "COUNT_OBJECTID": 1,
                "TDG_Basis": "ISO_EXACT",
                "FROM_DEG": null,
                "TO_DEG": 1,
                "DEGREE": 1
            }
        },
        {
            "type": "Feature",
            "id": 70,
            "geometry": {
                "type": "Point",
                "coordinates": [
                    -68.529144242734475,
                    45.397231887253071
                ]
            },
            "properties": {
                "OBJECTID": 70,
                "ClusterID": "-7628629_5684276",
                "FIRST_Best_Sub": "KEENE_ROAD_345kV",
                "FIRST_Best_Source": "MANUAL",
                "FIRST_Node_Type": "SUBSTATION",
                "FIRST_Keep_Topo": "YES",
                "FIRST_TDG": "T",
                "COUNT_OBJECTID": 5,
                "TDG_Basis": "ISO_OSM",
                "FROM_DEG": 1,
                "TO_DEG": 3,
                "DEGREE": 4
            }
        },
        {
            "type": "Feature",
            "id": 71,
            "geometry": {
                "type": "Point",
                "coordinates": [
                    -68.529563543969758,
                    45.394837962473503
                ]
            },
            "properties": {
                "OBJECTID": 71,
                "ClusterID": "-7628676_5683896",
                "FIRST_Best_Sub": "KEENE_ROAD_115kV",
                "FIRST_Best_Source": "MANUAL",
                "FIRST_Node_Type": "SUBSTATION",
                "FIRST_Keep_Topo": "YES",
                "FIRST_TDG": "T",
                "COUNT_OBJECTID": 5,
                "TDG_Basis": "ISO_OSM",
                "FROM_DEG": 4,
                "TO_DEG": 1,
                "DEGREE": 5
            }
        },
        {
            "type": "Feature",
            "id": 72,
            "geometry": {
                "type": "Point",
                "coordinates": [
                    -68.573296681494085,
                    45.621233751150243
                ]
            },
            "properties": {
                "OBJECTID": 72,
                "ClusterID": "-7633544_5719858",
                "FIRST_Best_Sub": "UNKNOWN133129",
                "FIRST_Best_Source": "HIFLD_AUTO",
                "FIRST_Node_Type": "SUBSTATION",
                "FIRST_Keep_Topo": "YES",
                "FIRST_TDG": "UNKNOWN",
                "COUNT_OBJECTID": 2,
                "TDG_Basis": "HIFLD_UNKNOWN",
                "FROM_DEG": 2,
                "TO_DEG": null,
                "DEGREE": 2
            }
        },
        {
            "type": "Feature",
            "id": 73,
            "geometry": {
                "type": "Point",
                "coordinates": [
                    -68.574483938092754,
                    47.234390089029795
                ]
            },
            "properties": {
                "OBJECTID": 73,
                "ClusterID": "-7633677_5980417",
                "FIRST_Best_Sub": "UNKNOWN132985",
                "FIRST_Best_Source": "HIFLD_AUTO",
                "FIRST_Node_Type": "SUBSTATION",
                "FIRST_Keep_Topo": "YES",
                "FIRST_TDG": "UNKNOWN",
                "COUNT_OBJECTID": 3,
                "TDG_Basis": "HIFLD_UNKNOWN",
                "FROM_DEG": 1,
                "TO_DEG": 2,
                "DEGREE": 3
            }
        },
        {
            "type": "Feature",
            "id": 74,
            "geometry": {
                "type": "Point",
                "coordinates": [
                    -68.577179961923434,
                    45.622480587326585
                ]
            },
            "properties": {
                "OBJECTID": 74,
                "ClusterID": "-7633977_5720056",
                "FIRST_Best_Sub": "UNKNOWN133128",
                "FIRST_Best_Source": "MANUAL",
                "FIRST_Node_Type": "SUBSTATION",
                "FIRST_Keep_Topo": "YES",
                "FIRST_TDG": "UNKNOWN",
                "COUNT_OBJECTID": 2,
                "TDG_Basis": "HIFLD_UNKNOWN",
                "FROM_DEG": null,
                "TO_DEG": 2,
                "DEGREE": 2
            }
        },
        {
            "type": "Feature",
            "id": 75,
            "geometry": {
                "type": "Point",
                "coordinates": [
                    -68.578279551933463,
                    45.618001080687478
                ]
            },
            "properties": {
                "OBJECTID": 75,
                "ClusterID": "-7634099_5719344",
                "FIRST_Best_Sub": "POWERSVILLE ROAD",
                "FIRST_Best_Source": "HIFLD_AUTO",
                "FIRST_Node_Type": "SUBSTATION",
                "FIRST_Keep_Topo": "YES",
                "FIRST_TDG": "T",
                "COUNT_OBJECTID": 5,
                "TDG_Basis": "ISO_EXACT",
                "FROM_DEG": 4,
                "TO_DEG": 1,
                "DEGREE": 5
            }
        },
        {
            "type": "Feature",
            "id": 76,
            "geometry": {
                "type": "Point",
                "coordinates": [
                    -68.578288527899815,
                    47.238552917748137
                ]
            },
            "properties": {
                "OBJECTID": 76,
                "ClusterID": "-7634100_5981099",
                "FIRST_Best_Sub": "UNKNOWN156970",
                "FIRST_Best_Source": "MANUAL",
                "FIRST_Node_Type": "SUBSTATION",
                "FIRST_Keep_Topo": "YES",
                "FIRST_TDG": "UNKNOWN",
                "COUNT_OBJECTID": 1,
                "TDG_Basis": "HIFLD_UNKNOWN",
                "FROM_DEG": 1,
                "TO_DEG": null,
                "DEGREE": 1
            }
        },
        {
            "type": "Feature",
            "id": 77,
            "geometry": {
                "type": "Point",
                "coordinates": [
                    -68.601712181578222,
                    45.245736804862581
                ]
            },
            "properties": {
                "OBJECTID": 77,
                "ClusterID": "-7636708_5660291",
                "FIRST_Best_Sub": "ENFIELD",
                "FIRST_Best_Source": "MANUAL",
                "FIRST_Node_Type": "SUBSTATION",
                "FIRST_Keep_Topo": "YES",
                "FIRST_TDG": "T",
                "COUNT_OBJECTID": 3,
                "TDG_Basis": "ISO_OSM",
                "FROM_DEG": 1,
                "TO_DEG": 2,
                "DEGREE": 3
            }
        },
        {
            "type": "Feature",
            "id": 78,
            "geometry": {
                "type": "Point",
                "coordinates": [
                    -68.605712136094979,
                    45.632941456794484
                ]
            },
            "properties": {
                "OBJECTID": 78,
                "ClusterID": "-7637153_5721722",
                "FIRST_Best_Sub": "DOLBY_DAM_SUBSTATION",
                "FIRST_Best_Source": "MANUAL",
                "FIRST_Node_Type": "SUBSTATION",
                "FIRST_Keep_Topo": "YES",
                "FIRST_TDG": "D?",
                "COUNT_OBJECTID": 2,
                "TDG_Basis": "OSM_IMAGERY_REVIEWED",
                "FROM_DEG": 1,
                "TO_DEG": 1,
                "DEGREE": 2
            }
        },
        {
            "type": "Feature",
            "id": 79,
            "geometry": {
                "type": "Point",
                "coordinates": [
                    -68.627937845917799,
                    45.253818973837888
                ]
            },
            "properties": {
                "OBJECTID": 79,
                "ClusterID": "-7639627_5661569",
                "FIRST_Best_Sub": "ENFIELD_GENERATOR_SUB",
                "FIRST_Best_Source": "MANUAL",
                "FIRST_Node_Type": "SUBSTATION",
                "FIRST_Keep_Topo": "YES",
                "FIRST_TDG": "T",
                "COUNT_OBJECTID": 2,
                "TDG_Basis": "ISO_OSM",
                "FROM_DEG": null,
                "TO_DEG": 2,
                "DEGREE": 2
            }
        },
        {
            "type": "Feature",
            "id": 80,
            "geometry": {
                "type": "Point",
                "coordinates": [
                    -68.628265023124072,
                    45.253753538429628
                ]
            },
            "properties": {
                "OBJECTID": 80,
                "ClusterID": "-7639664_5661559",
                "FIRST_Best_Sub": "NE_RENEWABLE_POWER_LLC_WEST_ENFIELD",
                "FIRST_Best_Source": "MANUAL",
                "FIRST_Node_Type": "GENERATOR",
                "FIRST_Keep_Topo": "YES",
                "FIRST_TDG": "G",
                "COUNT_OBJECTID": 1,
                "TDG_Basis": "IMAGERY_REVIEWED",
                "FROM_DEG": 1,
                "TO_DEG": null,
                "DEGREE": 1
            }
        },
        {
            "type": "Feature",
            "id": 81,
            "geometry": {
                "type": "Point",
                "coordinates": [
                    -68.703284220934719,
                    45.647761455811597
                ]
            },
            "properties": {
                "OBJECTID": 81,
                "ClusterID": "-7648015_5724081",
                "FIRST_Best_Sub": "UNKNOWN132994",
                "FIRST_Best_Source": "HIFLD_AUTO",
                "FIRST_Node_Type": "SUBSTATION",
                "FIRST_Keep_Topo": "YES",
                "FIRST_TDG": "UNKNOWN",
                "COUNT_OBJECTID": 2,
                "TDG_Basis": "HIFLD_UNKNOWN",
                "FROM_DEG": 1,
                "TO_DEG": 1,
                "DEGREE": 2
            }
        },
        {
            "type": "Feature",
            "id": 82,
            "geometry": {
                "type": "Point",
                "coordinates": [
                    -68.704370000245603,
                    45.647180000161704
                ]
            },
            "properties": {
                "OBJECTID": 82,
                "ClusterID": "-7648135_5723989",
                "FIRST_Best_Sub": "NA_MILLINOCKET_MILL_POWER_STATION",
                "FIRST_Best_Source": "MANUAL",
                "FIRST_Node_Type": "GENERATOR",
                "FIRST_Keep_Topo": "YES",
                "FIRST_TDG": "G",
                "COUNT_OBJECTID": 1,
                "TDG_Basis": "IMAGERY_REVIEWED",
                "FROM_DEG": 1,
                "TO_DEG": null,
                "DEGREE": 1
            }
        },
        {
            "type": "Feature",
            "id": 83,
            "geometry": {
                "type": "Point",
                "coordinates": [
                    -68.704498478195845,
                    45.655038162294197
                ]
            },
            "properties": {
                "OBJECTID": 83,
                "ClusterID": "-7648150_5725240",
                "FIRST_Best_Sub": "UNKNOWN132993",
                "FIRST_Best_Source": "MANUAL",
                "FIRST_Node_Type": "SUBSTATION",
                "FIRST_Keep_Topo": "YES",
                "FIRST_TDG": "UNKNOWN",
                "COUNT_OBJECTID": 1,
                "TDG_Basis": "HIFLD_UNKNOWN",
                "FROM_DEG": null,
                "TO_DEG": 1,
                "DEGREE": 1
            }
        },
        {
            "type": "Feature",
            "id": 84,
            "geometry": {
                "type": "Point",
                "coordinates": [
                    -68.705469114148514,
                    44.82418441006584
                ]
            },
            "properties": {
                "OBJECTID": 84,
                "ClusterID": "-7648258_5593885",
                "FIRST_Best_Sub": "GRAHAM",
                "FIRST_Best_Source": "HIFLD_AUTO",
                "FIRST_Node_Type": "SUBSTATION",
                "FIRST_Keep_Topo": "YES",
                "FIRST_TDG": "T",
                "COUNT_OBJECTID": 7,
                "TDG_Basis": "ISO_EXACT",
                "FROM_DEG": 2,
                "TO_DEG": 5,
                "DEGREE": 7
            }
        },
        {
            "type": "Feature",
            "id": 85,
            "geometry": {
                "type": "Point",
                "coordinates": [
                    -68.705828604653874,
                    44.822933130043403
                ]
            },
            "properties": {
                "OBJECTID": 85,
                "ClusterID": "-7648298_5593689",
                "FIRST_Best_Sub": "GRAHAM",
                "FIRST_Best_Source": "MANUAL",
                "FIRST_Node_Type": "SUBSTATION",
                "FIRST_Keep_Topo": "YES",
                "FIRST_TDG": "T",
                "COUNT_OBJECTID": 2,
                "TDG_Basis": "ISO_OSM",
                "FROM_DEG": 1,
                "TO_DEG": 1,
                "DEGREE": 2
            }
        },
        {
            "type": "Feature",
            "id": 86,
            "geometry": {
                "type": "Point",
                "coordinates": [
                    -68.706161508620085,
                    45.644326204152378
                ]
            },
            "properties": {
                "OBJECTID": 86,
                "ClusterID": "-7648335_5723534",
                "FIRST_Best_Sub": "UNKNOWN132991",
                "FIRST_Best_Source": "HIFLD_AUTO",
                "FIRST_Node_Type": "SUBSTATION",
                "FIRST_Keep_Topo": "YES",
                "FIRST_TDG": "UNKNOWN",
                "COUNT_OBJECTID": 2,
                "TDG_Basis": "HIFLD_UNKNOWN",
                "FROM_DEG": null,
                "TO_DEG": 2,
                "DEGREE": 2
            }
        },
        {
            "type": "Feature",
            "id": 87,
            "geometry": {
                "type": "Point",
                "coordinates": [
                    -68.707319817907006,
                    45.643507462179727
                ]
            },
            "properties": {
                "OBJECTID": 87,
                "ClusterID": "-7648464_5723404",
                "FIRST_Best_Sub": "MILLINOCKET",
                "FIRST_Best_Source": "MANUAL",
                "FIRST_Node_Type": "SUBSTATION",
                "FIRST_Keep_Topo": "YES",
                "FIRST_TDG": "D?",
                "COUNT_OBJECTID": 2,
                "TDG_Basis": "OSM",
                "FROM_DEG": 1,
                "TO_DEG": 1,
                "DEGREE": 2
            }
        },
        {
            "type": "Feature",
            "id": 88,
            "geometry": {
                "type": "Point",
                "coordinates": [
                    -68.708641339402917,
                    44.82249432060123
                ]
            },
            "properties": {
                "OBJECTID": 88,
                "ClusterID": "-7648611_5593620",
                "FIRST_Best_Sub": "GRAHAM 46KV",
                "FIRST_Best_Source": "HIFLD_AUTO",
                "FIRST_Node_Type": "SUBSTATION",
                "FIRST_Keep_Topo": "YES",
                "FIRST_TDG": "D?",
                "COUNT_OBJECTID": 5,
                "TDG_Basis": "HIFLD_VOLTAGE_SPLIT",
                "FROM_DEG": 2,
                "TO_DEG": 3,
                "DEGREE": 5
            }
        },
        {
            "type": "Feature",
            "id": 89,
            "geometry": {
                "type": "Point",
                "coordinates": [
                    -68.709980588252677,
                    44.823790733507465
                ]
            },
            "properties": {
                "OBJECTID": 89,
                "ClusterID": "-7648760_5593823",
                "FIRST_Best_Sub": "NA_CASCO_BAY_ENERGY_GENERATOR",
                "FIRST_Best_Source": "MANUAL",
                "FIRST_Node_Type": "GENERATOR",
                "FIRST_Keep_Topo": "YES",
                "FIRST_TDG": "G",
                "COUNT_OBJECTID": 1,
                "TDG_Basis": "IMAGERY_REVIEWED",
                "FROM_DEG": 1,
                "TO_DEG": null,
                "DEGREE": 1
            }
        },
        {
            "type": "Feature",
            "id": 90,
            "geometry": {
                "type": "Point",
                "coordinates": [
                    -68.74304423751812,
                    44.829609898819136
                ]
            },
            "properties": {
                "OBJECTID": 90,
                "ClusterID": "-7652441_5594737",
                "FIRST_Best_Sub": "UNKNOWN133052",
                "FIRST_Best_Source": "MANUAL",
                "FIRST_Node_Type": "SUBSTATION",
                "FIRST_Keep_Topo": "YES",
                "FIRST_TDG": "UNKNOWN",
                "COUNT_OBJECTID": 1,
                "TDG_Basis": "HIFLD_UNKNOWN",
                "FROM_DEG": null,
                "TO_DEG": 1,
                "DEGREE": 1
            }
        },
        {
            "type": "Feature",
            "id": 91,
            "geometry": {
                "type": "Point",
                "coordinates": [
                    -68.743812085982,
                    44.779493070617768
                ]
            },
            "properties": {
                "OBJECTID": 91,
                "ClusterID": "-7652526_5586874",
                "FIRST_Best_Sub": "UNKNOWN133051",
                "FIRST_Best_Source": "HIFLD_AUTO",
                "FIRST_Node_Type": "SUBSTATION",
                "FIRST_Keep_Topo": "YES",
                "FIRST_TDG": "UNKNOWN",
                "COUNT_OBJECTID": 2,
                "TDG_Basis": "HIFLD_UNKNOWN",
                "FROM_DEG": 1,
                "TO_DEG": 1,
                "DEGREE": 2
            }
        },
        {
            "type": "Feature",
            "id": 92,
            "geometry": {
                "type": "Point",
                "coordinates": [
                    -68.753862828147874,
                    44.740259143860065
                ]
            },
            "properties": {
                "OBJECTID": 92,
                "ClusterID": "-7653645_5580723",
                "FIRST_Best_Sub": "ORRINGTON",
                "FIRST_Best_Source": "HIFLD_AUTO",
                "FIRST_Node_Type": "SUBSTATION",
                "FIRST_Keep_Topo": "YES",
                "FIRST_TDG": "T",
                "COUNT_OBJECTID": 11,
                "TDG_Basis": "ISO_EXACT",
                "FROM_DEG": 4,
                "TO_DEG": 2,
                "DEGREE": 6
            }
        },
        {
            "type": "Feature",
            "id": 93,
            "geometry": {
                "type": "Point",
                "coordinates": [
                    -68.764181249403805,
                    44.66567005175844
                ]
            },
            "properties": {
                "OBJECTID": 93,
                "ClusterID": "-7654794_5569041",
                "FIRST_Best_Sub": "TAP136777",
                "FIRST_Best_Source": "HIFLD_AUTO",
                "FIRST_Node_Type": "TAP",
                "FIRST_Keep_Topo": "YES",
                "FIRST_TDG": "UNKNOWN",
                "COUNT_OBJECTID": 3,
                "TDG_Basis": "HIFLD_TAP",
                "FROM_DEG": 2,
                "TO_DEG": 1,
                "DEGREE": 3
            }
        },
        {
            "type": "Feature",
            "id": 94,
            "geometry": {
                "type": "Point",
                "coordinates": [
                    -68.776968921085171,
                    44.77622870716678
                ]
            },
            "properties": {
                "OBJECTID": 94,
                "ClusterID": "-7656217_5586362",
                "FIRST_Best_Sub": "UNKNOWN133049",
                "FIRST_Best_Source": "HIFLD_AUTO",
                "FIRST_Node_Type": "SUBSTATION",
                "FIRST_Keep_Topo": "YES",
                "FIRST_TDG": "UNKNOWN",
                "COUNT_OBJECTID": 2,
                "TDG_Basis": "HIFLD_UNKNOWN",
                "FROM_DEG": 1,
                "TO_DEG": 1,
                "DEGREE": 2
            }
        },
        {
            "type": "Feature",
            "id": 95,
            "geometry": {
                "type": "Point",
                "coordinates": [
                    -68.803077144176086,
                    44.574447212799512
                ]
            },
            "properties": {
                "OBJECTID": 95,
                "ClusterID": "-7659124_5554774",
                "FIRST_Best_Sub": "BUCKSPORT_GENERATION",
                "FIRST_Best_Source": "MANUAL",
                "FIRST_Node_Type": "GENERATOR",
                "FIRST_Keep_Topo": "YES",
                "FIRST_TDG": "G",
                "COUNT_OBJECTID": 1,
                "TDG_Basis": "IMAGERY_REVIEWED",
                "FROM_DEG": null,
                "TO_DEG": 1,
                "DEGREE": 1
            }
        },
        {
            "type": "Feature",
            "id": 96,
            "geometry": {
                "type": "Point",
                "coordinates": [
                    -68.806115085668537,
                    44.574799485900336
                ]
            },
            "properties": {
                "OBJECTID": 96,
                "ClusterID": "-7659462_5554829",
                "FIRST_Best_Sub": "BUCKSPORT_SUBSTATION",
                "FIRST_Best_Source": "MANUAL",
                "FIRST_Node_Type": "SUBSTATION",
                "FIRST_Keep_Topo": "YES",
                "FIRST_TDG": "TD",
                "COUNT_OBJECTID": 5,
                "TDG_Basis": "ISO_OSM_GPT",
                "FROM_DEG": 2,
                "TO_DEG": null,
                "DEGREE": 2
            }
        },
        {
            "type": "Feature",
            "id": 97,
            "geometry": {
                "type": "Point",
                "coordinates": [
                    -68.807439542858802,
                    44.862542211640665
                ]
            },
            "properties": {
                "OBJECTID": 97,
                "ClusterID": "-7659609_5599907",
                "FIRST_Best_Sub": "UNKNOWN133047",
                "FIRST_Best_Source": "MANUAL",
                "FIRST_Node_Type": "SUBSTATION",
                "FIRST_Keep_Topo": "YES",
                "FIRST_TDG": "UNKNOWN",
                "COUNT_OBJECTID": 1,
                "TDG_Basis": "HIFLD_UNKNOWN",
                "FROM_DEG": 1,
                "TO_DEG": null,
                "DEGREE": 1
            }
        },
        {
            "type": "Feature",
            "id": 98,
            "geometry": {
                "type": "Point",
                "coordinates": [
                    -68.824765929156982,
                    44.739076298705889
                ]
            },
            "properties": {
                "OBJECTID": 98,
                "ClusterID": "-7661538_5580537",
                "FIRST_Best_Sub": "ORRINGTON_PLANT_SUBSTATION",
                "FIRST_Best_Source": "MANUAL",
                "FIRST_Node_Type": "SUBSTATION",
                "FIRST_Keep_Topo": "YES",
                "FIRST_TDG": "TG",
                "COUNT_OBJECTID": 2,
                "TDG_Basis": "IMAGERY_REVIEWED",
                "FROM_DEG": 1,
                "TO_DEG": 1,
                "DEGREE": 2
            }
        },
        {
            "type": "Feature",
            "id": 99,
            "geometry": {
                "type": "Point",
                "coordinates": [
                    -68.824933875487574,
                    44.738100125544243
                ]
            },
            "properties": {
                "OBJECTID": 99,
                "ClusterID": "-7661557_5580385",
                "FIRST_Best_Sub": "NA_ORRINGTON_INDUSTRIAL_WAY_MANUAL",
                "FIRST_Best_Source": "MANUAL",
                "FIRST_Node_Type": "GENERATOR",
                "FIRST_Keep_Topo": "YES",
                "FIRST_TDG": "G",
                "COUNT_OBJECTID": 1,
                "TDG_Basis": "IMAGERY_REVIEWED",
                "FROM_DEG": 1,
                "TO_DEG": null,
                "DEGREE": 1
            }
        },
        {
            "type": "Feature",
            "id": 100,
            "geometry": {
                "type": "Point",
                "coordinates": [
                    -68.838618849153406,
                    45.732067041019647
                ]
            },
            "properties": {
                "OBJECTID": 100,
                "ClusterID": "-7663080_5737516",
                "FIRST_Best_Sub": "UNKNOWN133097",
                "FIRST_Best_Source": "HIFLD_AUTO",
                "FIRST_Node_Type": "SUBSTATION",
                "FIRST_Keep_Topo": "YES",
                "FIRST_TDG": "UNKNOWN",
                "COUNT_OBJECTID": 2,
                "TDG_Basis": "HIFLD_UNKNOWN",
                "FROM_DEG": 1,
                "TO_DEG": 1,
                "DEGREE": 2
            }
        },
        {
            "type": "Feature",
            "id": 101,
            "geometry": {
                "type": "Point",
                "coordinates": [
                    -69.038530759829683,
                    44.45369688041891
                ]
            },
            "properties": {
                "OBJECTID": 101,
                "ClusterID": "-7685334_5535923",
                "FIRST_Best_Sub": "TAP136786",
                "FIRST_Best_Source": "HIFLD_AUTO",
                "FIRST_Node_Type": "TAP",
                "FIRST_Keep_Topo": "YES",
                "FIRST_TDG": "UNKNOWN",
                "COUNT_OBJECTID": 3,
                "TDG_Basis": "HIFLD_TAP",
                "FROM_DEG": 2,
                "TO_DEG": null,
                "DEGREE": 2
            }
        },
        {
            "type": "Feature",
            "id": 102,
            "geometry": {
                "type": "Point",
                "coordinates": [
                    -69.039112412687984,
                    44.456983120709786
                ]
            },
            "properties": {
                "OBJECTID": 102,
                "ClusterID": "-7685399_5536436",
                "FIRST_Best_Sub": "BELFAST",
                "FIRST_Best_Source": "MANUAL",
                "FIRST_Node_Type": "SUBSTATION",
                "FIRST_Keep_Topo": "YES",
                "FIRST_TDG": "TD",
                "COUNT_OBJECTID": 1,
                "TDG_Basis": "ISO_EXACT_GPT",
                "FROM_DEG": null,
                "TO_DEG": 1,
                "DEGREE": 1
            }
        },
        {
            "type": "Feature",
            "id": 103,
            "geometry": {
                "type": "Point",
                "coordinates": [
                    -69.114131632058161,
                    44.307121713508373
                ]
            },
            "properties": {
                "OBJECTID": 103,
                "ClusterID": "-7693750_5513094",
                "FIRST_Best_Sub": "LINCOLNVILLE",
                "FIRST_Best_Source": "HIFLD_AUTO",
                "FIRST_Node_Type": "SUBSTATION",
                "FIRST_Keep_Topo": "YES",
                "FIRST_TDG": "TD",
                "COUNT_OBJECTID": 2,
                "TDG_Basis": "ISO_EXACT_GPT",
                "FROM_DEG": 1,
                "TO_DEG": 1,
                "DEGREE": 2
            }
        },
        {
            "type": "Feature",
            "id": 104,
            "geometry": {
                "type": "Point",
                "coordinates": [
                    -69.121266271233623,
                    44.175499367787623
                ]
            },
            "properties": {
                "OBJECTID": 104,
                "ClusterID": "-7694544_5492641",
                "FIRST_Best_Sub": "MEADOW ROAD",
                "FIRST_Best_Source": "MANUAL",
                "FIRST_Node_Type": "SUBSTATION",
                "FIRST_Keep_Topo": "YES",
                "FIRST_TDG": "TD",
                "COUNT_OBJECTID": 1,
                "TDG_Basis": "ISO_EXACT_GPT",
                "FROM_DEG": null,
                "TO_DEG": 1,
                "DEGREE": 1
            }
        },
        {
            "type": "Feature",
            "id": 105,
            "geometry": {
                "type": "Point",
                "coordinates": [
                    -69.122630348619467,
                    44.102214092941757
                ]
            },
            "properties": {
                "OBJECTID": 105,
                "ClusterID": "-7694696_5481274",
                "FIRST_Best_Sub": "PARK STREET",
                "FIRST_Best_Source": "MANUAL",
                "FIRST_Node_Type": "SUBSTATION",
                "FIRST_Keep_Topo": "YES",
                "FIRST_TDG": "TD",
                "COUNT_OBJECTID": 1,
                "TDG_Basis": "ISO_EXACT_GPT",
                "FROM_DEG": 1,
                "TO_DEG": null,
                "DEGREE": 1
            }
        },
        {
            "type": "Feature",
            "id": 106,
            "geometry": {
                "type": "Point",
                "coordinates": [
                    -69.136859728296955,
                    44.110008277377588
                ]
            },
            "properties": {
                "OBJECTID": 106,
                "ClusterID": "-7696280_5482482",
                "FIRST_Best_Sub": "TAP136787",
                "FIRST_Best_Source": "HIFLD_AUTO",
                "FIRST_Node_Type": "TAP",
                "FIRST_Keep_Topo": "YES",
                "FIRST_TDG": "UNKNOWN",
                "COUNT_OBJECTID": 3,
                "TDG_Basis": "HIFLD_TAP",
                "FROM_DEG": 1,
                "TO_DEG": 2,
                "DEGREE": 3
            }
        },
        {
            "type": "Feature",
            "id": 107,
            "geometry": {
                "type": "Point",
                "coordinates": [
                    -69.157834879938036,
                    44.083331711748137
                ]
            },
            "properties": {
                "OBJECTID": 107,
                "ClusterID": "-7698615_5478347",
                "FIRST_Best_Sub": "DRAGON CEMENT",
                "FIRST_Best_Source": "MANUAL",
                "FIRST_Node_Type": "GENERATOR",
                "FIRST_Keep_Topo": "YES",
                "FIRST_TDG": "G",
                "COUNT_OBJECTID": 1,
                "TDG_Basis": "IMAGERY_REVIEWED",
                "FROM_DEG": 1,
                "TO_DEG": null,
                "DEGREE": 1
            }
        },
        {
            "type": "Feature",
            "id": 108,
            "geometry": {
                "type": "Point",
                "coordinates": [
                    -69.160839836191585,
                    45.878287378637914
                ]
            },
            "properties": {
                "OBJECTID": 108,
                "ClusterID": "-7698949_5760866",
                "FIRST_Best_Sub": "UNKNOWN133120",
                "FIRST_Best_Source": "MANUAL",
                "FIRST_Node_Type": "GENERATOR",
                "FIRST_Keep_Topo": "YES",
                "FIRST_TDG": "UNKNOWN",
                "COUNT_OBJECTID": 1,
                "TDG_Basis": "HIFLD_UNKNOWN",
                "FROM_DEG": null,
                "TO_DEG": 1,
                "DEGREE": 1
            }
        },
        {
            "type": "Feature",
            "id": 109,
            "geometry": {
                "type": "Point",
                "coordinates": [
                    -69.188928036000263,
                    44.202401038280314
                ]
            },
            "properties": {
                "OBJECTID": 109,
                "ClusterID": "-7702076_5496818",
                "FIRST_Best_Sub": "TAP136785",
                "FIRST_Best_Source": "HIFLD_AUTO",
                "FIRST_Node_Type": "TAP",
                "FIRST_Keep_Topo": "YES",
                "FIRST_TDG": "UNKNOWN",
                "COUNT_OBJECTID": 3,
                "TDG_Basis": "HIFLD_TAP",
                "FROM_DEG": 2,
                "TO_DEG": 1,
                "DEGREE": 3
            }
        },
        {
            "type": "Feature",
            "id": 110,
            "geometry": {
                "type": "Point",
                "coordinates": [
                    -69.2042834332251,
                    44.136491909042448
                ]
            },
            "properties": {
                "OBJECTID": 110,
                "ClusterID": "-7703786_5486589",
                "FIRST_Best_Sub": "HIGHLAND",
                "FIRST_Best_Source": "HIFLD_AUTO",
                "FIRST_Node_Type": "SUBSTATION",
                "FIRST_Keep_Topo": "YES",
                "FIRST_TDG": "T",
                "COUNT_OBJECTID": 4,
                "TDG_Basis": "ISO_EXACT",
                "FROM_DEG": 1,
                "TO_DEG": 3,
                "DEGREE": 4
            }
        },
        {
            "type": "Feature",
            "id": 111,
            "geometry": {
                "type": "Point",
                "coordinates": [
                    -69.362204327173913,
                    44.792886110830864
                ]
            },
            "properties": {
                "OBJECTID": 111,
                "ClusterID": "-7721365_5588974",
                "FIRST_Best_Sub": "DETROIT",
                "FIRST_Best_Source": "HIFLD_AUTO",
                "FIRST_Node_Type": "SUBSTATION",
                "FIRST_Keep_Topo": "YES",
                "FIRST_TDG": "TD",
                "COUNT_OBJECTID": 4,
                "TDG_Basis": "ISO_EXACT_GPT",
                "FROM_DEG": 1,
                "TO_DEG": 2,
                "DEGREE": 3
            }
        },
        {
            "type": "Feature",
            "id": 112,
            "geometry": {
                "type": "Point",
                "coordinates": [
                    -69.389163703996601,
                    45.16029239533858
                ]
            },
            "properties": {
                "OBJECTID": 112,
                "ClusterID": "-7724366_5646792",
                "FIRST_Best_Sub": "GUILFORD",
                "FIRST_Best_Source": "MANUAL",
                "FIRST_Node_Type": "SUBSTATION",
                "FIRST_Keep_Topo": "YES",
                "FIRST_TDG": "TD",
                "COUNT_OBJECTID": 1,
                "TDG_Basis": "ISO_EXACT_GPT",
                "FROM_DEG": null,
                "TO_DEG": 1,
                "DEGREE": 1
            }
        },
        {
            "type": "Feature",
            "id": 113,
            "geometry": {
                "type": "Point",
                "coordinates": [
                    -69.476406899512369,
                    44.835916659397419
                ]
            },
            "properties": {
                "OBJECTID": 113,
                "ClusterID": "-7734078_5595727",
                "FIRST_Best_Sub": "HARTLAND",
                "FIRST_Best_Source": "MANUAL",
                "FIRST_Node_Type": "SUBSTATION",
                "FIRST_Keep_Topo": "YES",
                "FIRST_TDG": "TD",
                "COUNT_OBJECTID": 2,
                "TDG_Basis": "ISO_OSM_GPT",
                "FROM_DEG": 1,
                "TO_DEG": 1,
                "DEGREE": 2
            }
        },
        {
            "type": "Feature",
            "id": 114,
            "geometry": {
                "type": "Point",
                "coordinates": [
                    -69.509004810930591,
                    44.574053426013378
                ]
            },
            "properties": {
                "OBJECTID": 114,
                "ClusterID": "-7737707_5554712",
                "FIRST_Best_Sub": "ALBION ROAD",
                "FIRST_Best_Source": "HIFLD_AUTO",
                "FIRST_Node_Type": "SUBSTATION",
                "FIRST_Keep_Topo": "YES",
                "FIRST_TDG": "T",
                "COUNT_OBJECTID": 7,
                "TDG_Basis": "ISO_EXACT",
                "FROM_DEG": 3,
                "TO_DEG": 3,
                "DEGREE": 6
            }
        },
        {
            "type": "Feature",
            "id": 115,
            "geometry": {
                "type": "Point",
                "coordinates": [
                    -69.556566151377595,
                    44.296994181178469
                ]
            },
            "properties": {
                "OBJECTID": 115,
                "ClusterID": "-7743002_5511518",
                "FIRST_Best_Sub": "COOPERS MILLS",
                "FIRST_Best_Source": "HIFLD_AUTO",
                "FIRST_Node_Type": "SUBSTATION",
                "FIRST_Keep_Topo": "YES",
                "FIRST_TDG": "TD",
                "COUNT_OBJECTID": 11,
                "TDG_Basis": "ISO_EXACT_GPT",
                "FROM_DEG": 4,
                "TO_DEG": 4,
                "DEGREE": 8
            }
        },
        {
            "type": "Feature",
            "id": 116,
            "geometry": {
                "type": "Point",
                "coordinates": [
                    -69.558015711547597,
                    44.082716593213505
                ]
            },
            "properties": {
                "OBJECTID": 116,
                "ClusterID": "-7743163_5478252",
                "FIRST_Best_Sub": "NEWCASTLE",
                "FIRST_Best_Source": "HIFLD_AUTO",
                "FIRST_Node_Type": "SUBSTATION",
                "FIRST_Keep_Topo": "YES",
                "FIRST_TDG": "T",
                "COUNT_OBJECTID": 2,
                "TDG_Basis": "ISO_EXACT",
                "FROM_DEG": null,
                "TO_DEG": 1,
                "DEGREE": 1
            }
        },
        {
            "type": "Feature",
            "id": 117,
            "geometry": {
                "type": "Point",
                "coordinates": [
                    -69.570016858790325,
                    44.60562989617101
                ]
            },
            "properties": {
                "OBJECTID": 117,
                "ClusterID": "-7744499_5559648",
                "FIRST_Best_Sub": "TAP136776",
                "FIRST_Best_Source": "HIFLD_AUTO",
                "FIRST_Node_Type": "TAP",
                "FIRST_Keep_Topo": "YES",
                "FIRST_TDG": "UNKNOWN",
                "COUNT_OBJECTID": 3,
                "TDG_Basis": "HIFLD_TAP",
                "FROM_DEG": 1,
                "TO_DEG": 2,
                "DEGREE": 3
            }
        },
        {
            "type": "Feature",
            "id": 118,
            "geometry": {
                "type": "Point",
                "coordinates": [
                    -69.583320210157183,
                    44.574457322659647
                ]
            },
            "properties": {
                "OBJECTID": 118,
                "ClusterID": "-7745980_5554775",
                "FIRST_Best_Sub": "HEYWOOD_RD",
                "FIRST_Best_Source": "MANUAL",
                "FIRST_Node_Type": "SUBSTATION",
                "FIRST_Keep_Topo": "YES",
                "FIRST_TDG": "T",
                "COUNT_OBJECTID": 4,
                "TDG_Basis": "ISO_OSM",
                "FROM_DEG": 1,
                "TO_DEG": 3,
                "DEGREE": 4
            }
        },
        {
            "type": "Feature",
            "id": 119,
            "geometry": {
                "type": "Point",
                "coordinates": [
                    -69.603232684461602,
                    44.569555676016662
                ]
            },
            "properties": {
                "OBJECTID": 119,
                "ClusterID": "-7748196_5554009",
                "FIRST_Best_Sub": "WINSLOW",
                "FIRST_Best_Source": "HIFLD_AUTO",
                "FIRST_Node_Type": "SUBSTATION",
                "FIRST_Keep_Topo": "YES",
                "FIRST_TDG": "TD",
                "COUNT_OBJECTID": 2,
                "TDG_Basis": "ISO_EXACT_GPT",
                "FROM_DEG": null,
                "TO_DEG": 2,
                "DEGREE": 2
            }
        },
        {
            "type": "Feature",
            "id": 120,
            "geometry": {
                "type": "Point",
                "coordinates": [
                    -69.65922060315927,
                    44.944721418580109
                ]
            },
            "properties": {
                "OBJECTID": 120,
                "ClusterID": "-7754429_5612823",
                "FIRST_Best_Sub": "ATHENS",
                "FIRST_Best_Source": "MANUAL",
                "FIRST_Node_Type": "SUBSTATION",
                "FIRST_Keep_Topo": "YES",
                "FIRST_TDG": "TD",
                "COUNT_OBJECTID": 2,
                "TDG_Basis": "ISO_OSM_GPT",
                "FROM_DEG": 1,
                "TO_DEG": 1,
                "DEGREE": 2
            }
        },
        {
            "type": "Feature",
            "id": 121,
            "geometry": {
                "type": "Point",
                "coordinates": [
                    -69.671296745355164,
                    43.991168192630965
                ]
            },
            "properties": {
                "OBJECTID": 121,
                "ClusterID": "-7755773_5464076",
                "FIRST_Best_Sub": "MASON",
                "FIRST_Best_Source": "HIFLD_AUTO",
                "FIRST_Node_Type": "SUBSTATION",
                "FIRST_Keep_Topo": "YES",
                "FIRST_TDG": "T",
                "COUNT_OBJECTID": 5,
                "TDG_Basis": "ISO_EXACT",
                "FROM_DEG": null,
                "TO_DEG": null,
                "DEGREE": 0
            }
        },
        {
            "type": "Feature",
            "id": 122,
            "geometry": {
                "type": "Point",
                "coordinates": [
                    -69.677289532379717,
                    44.835586349519957
                ]
            },
            "properties": {
                "OBJECTID": 122,
                "ClusterID": "-7756440_5595675",
                "FIRST_Best_Sub": "TAP136680",
                "FIRST_Best_Source": "HIFLD_AUTO",
                "FIRST_Node_Type": "TAP",
                "FIRST_Keep_Topo": "YES",
                "FIRST_TDG": "UNKNOWN",
                "COUNT_OBJECTID": 3,
                "TDG_Basis": "HIFLD_TAP",
                "FROM_DEG": 2,
                "TO_DEG": 1,
                "DEGREE": 3
            }
        },
        {
            "type": "Feature",
            "id": 123,
            "geometry": {
                "type": "Point",
                "coordinates": [
                    -69.685112288249243,
                    44.568299106897783
                ]
            },
            "properties": {
                "OBJECTID": 123,
                "ClusterID": "-7757311_5553813",
                "FIRST_Best_Sub": "UNKNOWN133030",
                "FIRST_Best_Source": "MANUAL",
                "FIRST_Node_Type": "SUBSTATION",
                "FIRST_Keep_Topo": "YES",
                "FIRST_TDG": "UNKNOWN",
                "COUNT_OBJECTID": 1,
                "TDG_Basis": "HIFLD_UNKNOWN",
                "FROM_DEG": 1,
                "TO_DEG": null,
                "DEGREE": 1
            }
        },
        {
            "type": "Feature",
            "id": 124,
            "geometry": {
                "type": "Point",
                "coordinates": [
                    -69.695438179895078,
                    43.953587300393878
                ]
            },
            "properties": {
                "OBJECTID": 124,
                "ClusterID": "-7758461_5458263",
                "FIRST_Best_Sub": "MAINE YANKEE",
                "FIRST_Best_Source": "HIFLD_AUTO",
                "FIRST_Node_Type": "SUBSTATION",
                "FIRST_Keep_Topo": "YES",
                "FIRST_TDG": "TD?",
                "COUNT_OBJECTID": 4,
                "TDG_Basis": "ISO_EXACT_GPT",
                "FROM_DEG": 1,
                "TO_DEG": null,
                "DEGREE": 1
            }
        },
        {
            "type": "Feature",
            "id": 125,
            "geometry": {
                "type": "Point",
                "coordinates": [
                    -69.696826430945279,
                    43.951505827591419
                ]
            },
            "properties": {
                "OBJECTID": 125,
                "ClusterID": "-7758615_5457941",
                "FIRST_Best_Sub": "MAINE_YANKEE_115kV",
                "FIRST_Best_Source": "MANUAL",
                "FIRST_Node_Type": "SUBSTATION",
                "FIRST_Keep_Topo": "YES",
                "FIRST_TDG": "TD?",
                "COUNT_OBJECTID": 2,
                "TDG_Basis": "OSM_GPT",
                "FROM_DEG": 1,
                "TO_DEG": 1,
                "DEGREE": 2
            }
        },
        {
            "type": "Feature",
            "id": 126,
            "geometry": {
                "type": "Point",
                "coordinates": [
                    -69.712110121949209,
                    44.366574956093807
                ]
            },
            "properties": {
                "OBJECTID": 126,
                "ClusterID": "-7760317_5522347",
                "FIRST_Best_Sub": "UNKNOWN133028",
                "FIRST_Best_Source": "MANUAL",
                "FIRST_Node_Type": "SUBSTATION",
                "FIRST_Keep_Topo": "YES",
                "FIRST_TDG": "UNKNOWN",
                "COUNT_OBJECTID": 1,
                "TDG_Basis": "HIFLD_UNKNOWN",
                "FROM_DEG": null,
                "TO_DEG": 1,
                "DEGREE": 1
            }
        },
        {
            "type": "Feature",
            "id": 127,
            "geometry": {
                "type": "Point",
                "coordinates": [
                    -69.739138821762353,
                    44.804893400629275
                ]
            },
            "properties": {
                "OBJECTID": 127,
                "ClusterID": "-7763325_5590858",
                "FIRST_Best_Sub": "LAKEWOOD",
                "FIRST_Best_Source": "MANUAL",
                "FIRST_Node_Type": "SUBSTATION",
                "FIRST_Keep_Topo": "YES",
                "FIRST_TDG": "T",
                "COUNT_OBJECTID": 1,
                "TDG_Basis": "ISO_OSM",
                "FROM_DEG": null,
                "TO_DEG": 1,
                "DEGREE": 1
            }
        },
        {
            "type": "Feature",
            "id": 128,
            "geometry": {
                "type": "Point",
                "coordinates": [
                    -69.746218595433447,
                    44.329423459839653
                ]
            },
            "properties": {
                "OBJECTID": 128,
                "ClusterID": "-7764114_5516564",
                "FIRST_Best_Sub": "AUGUSTA EAST SIDE",
                "FIRST_Best_Source": "HIFLD_AUTO",
                "FIRST_Node_Type": "SUBSTATION",
                "FIRST_Keep_Topo": "YES",
                "FIRST_TDG": "T",
                "COUNT_OBJECTID": 3,
                "TDG_Basis": "ISO_EXACT",
                "FROM_DEG": 3,
                "TO_DEG": null,
                "DEGREE": 3
            }
        },
        {
            "type": "Feature",
            "id": 129,
            "geometry": {
                "type": "Point",
                "coordinates": [
                    -69.775029711772078,
                    44.252863578769009
                ]
            },
            "properties": {
                "OBJECTID": 129,
                "ClusterID": "-7767321_5504657",
                "FIRST_Best_Sub": "BROWNS CROSSING",
                "FIRST_Best_Source": "HIFLD_AUTO",
                "FIRST_Node_Type": "SUBSTATION",
                "FIRST_Keep_Topo": "YES",
                "FIRST_TDG": "TD",
                "COUNT_OBJECTID": 2,
                "TDG_Basis": "ISO_EXACT_GPT",
                "FROM_DEG": 1,
                "TO_DEG": 1,
                "DEGREE": 2
            }
        },
        {
            "type": "Feature",
            "id": 130,
            "geometry": {
                "type": "Point",
                "coordinates": [
                    -69.797582791938964,
                    44.363579308771946
                ]
            },
            "properties": {
                "OBJECTID": 130,
                "ClusterID": "-7769831_5521880",
                "FIRST_Best_Sub": "NORTH AUGUSTA",
                "FIRST_Best_Source": "HIFLD_AUTO",
                "FIRST_Node_Type": "SUBSTATION",
                "FIRST_Keep_Topo": "YES",
                "FIRST_TDG": "TD",
                "COUNT_OBJECTID": 2,
                "TDG_Basis": "ISO_EXACT_GPT",
                "FROM_DEG": 1,
                "TO_DEG": 1,
                "DEGREE": 2
            }
        },
        {
            "type": "Feature",
            "id": 131,
            "geometry": {
                "type": "Point",
                "coordinates": [
                    -69.803625853178332,
                    44.254399430342851
                ]
            },
            "properties": {
                "OBJECTID": 131,
                "ClusterID": "-7770504_5504896",
                "FIRST_Best_Sub": "BOWMAN STREET",
                "FIRST_Best_Source": "HIFLD_AUTO",
                "FIRST_Node_Type": "SUBSTATION",
                "FIRST_Keep_Topo": "YES",
                "FIRST_TDG": "TD",
                "COUNT_OBJECTID": 3,
                "TDG_Basis": "ISO_EXACT_GPT",
                "FROM_DEG": 2,
                "TO_DEG": 1,
                "DEGREE": 3
            }
        },
        {
            "type": "Feature",
            "id": 132,
            "geometry": {
                "type": "Point",
                "coordinates": [
                    -69.816189369145178,
                    43.904203437576214
                ]
            },
            "properties": {
                "OBJECTID": 132,
                "ClusterID": "-7771903_5450629",
                "FIRST_Best_Sub": "ELECTRICITY",
                "FIRST_Best_Source": "MANUAL",
                "FIRST_Node_Type": "SUBSTATION",
                "FIRST_Keep_Topo": "YES",
                "FIRST_TDG": "T?",
                "COUNT_OBJECTID": 1,
                "TDG_Basis": "UNRESOLVED",
                "FROM_DEG": null,
                "TO_DEG": 1,
                "DEGREE": 1
            }
        },
        {
            "type": "Feature",
            "id": 133,
            "geometry": {
                "type": "Point",
                "coordinates": [
                    -69.834843516637264,
                    43.903196293656272
                ]
            },
            "properties": {
                "OBJECTID": 133,
                "ClusterID": "-7773979_5450474",
                "FIRST_Best_Sub": "BATH",
                "FIRST_Best_Source": "HIFLD_AUTO",
                "FIRST_Node_Type": "SUBSTATION",
                "FIRST_Keep_Topo": "YES",
                "FIRST_TDG": "T",
                "COUNT_OBJECTID": 4,
                "TDG_Basis": "ISO_EXACT",
                "FROM_DEG": 3,
                "TO_DEG": 2,
                "DEGREE": 5
            }
        },
        {
            "type": "Feature",
            "id": 134,
            "geometry": {
                "type": "Point",
                "coordinates": [
                    -69.854134852635042,
                    44.331399282890381
                ]
            },
            "properties": {
                "OBJECTID": 134,
                "ClusterID": "-7776127_5516871",
                "FIRST_Best_Sub": "PUDDLEDOCK RD",
                "FIRST_Best_Source": "HIFLD_AUTO",
                "FIRST_Node_Type": "SUBSTATION",
                "FIRST_Keep_Topo": "YES",
                "FIRST_TDG": "TD",
                "COUNT_OBJECTID": 2,
                "TDG_Basis": "ISO_EXACT_GPT",
                "FROM_DEG": null,
                "TO_DEG": 2,
                "DEGREE": 2
            }
        },
        {
            "type": "Feature",
            "id": 135,
            "geometry": {
                "type": "Point",
                "coordinates": [
                    -69.865038572112681,
                    45.459931683553876
                ]
            },
            "properties": {
                "OBJECTID": 135,
                "ClusterID": "-7777341_5694221",
                "FIRST_Best_Sub": "HARRIS_HYDRO",
                "FIRST_Best_Source": "MANUAL",
                "FIRST_Node_Type": "GENERATOR",
                "FIRST_Keep_Topo": "YES",
                "FIRST_TDG": "G",
                "COUNT_OBJECTID": 1,
                "TDG_Basis": "ISO_OSM_IMAGERY_REVIEWED",
                "FROM_DEG": null,
                "TO_DEG": 1,
                "DEGREE": 1
            }
        },
        {
            "type": "Feature",
            "id": 136,
            "geometry": {
                "type": "Point",
                "coordinates": [
                    -69.865121854024324,
                    45.459283280968336
                ]
            },
            "properties": {
                "OBJECTID": 136,
                "ClusterID": "-7777350_5694118",
                "FIRST_Best_Sub": "UNKNOWN133136",
                "FIRST_Best_Source": "HIFLD_AUTO",
                "FIRST_Node_Type": "SUBSTATION",
                "FIRST_Keep_Topo": "YES",
                "FIRST_TDG": "UNKNOWN",
                "COUNT_OBJECTID": 2,
                "TDG_Basis": "HIFLD_UNKNOWN",
                "FROM_DEG": 1,
                "TO_DEG": 1,
                "DEGREE": 2
            }
        },
        {
            "type": "Feature",
            "id": 137,
            "geometry": {
                "type": "Point",
                "coordinates": [
                    -69.870442767691657,
                    44.958771508836726
                ]
            },
            "properties": {
                "OBJECTID": 137,
                "ClusterID": "-7777942_5615033",
                "FIRST_Best_Sub": "WILLIAMS_POWER_STATION_GENERATOR",
                "FIRST_Best_Source": "MANUAL",
                "FIRST_Node_Type": "GENERATOR",
                "FIRST_Keep_Topo": "YES",
                "FIRST_TDG": "G",
                "COUNT_OBJECTID": 1,
                "TDG_Basis": "ISO_IMAGERY_REVIEWED",
                "FROM_DEG": null,
                "TO_DEG": 1,
                "DEGREE": 1
            }
        },
        {
            "type": "Feature",
            "id": 138,
            "geometry": {
                "type": "Point",
                "coordinates": [
                    -69.871060461857411,
                    44.9590392540225
                ]
            },
            "properties": {
                "OBJECTID": 138,
                "ClusterID": "-7778011_5615075",
                "FIRST_Best_Sub": "WILLIAMS_HYDRO_SUBSTATION",
                "FIRST_Best_Source": "MANUAL",
                "FIRST_Node_Type": "SUBSTATION",
                "FIRST_Keep_Topo": "YES",
                "FIRST_TDG": "TG",
                "COUNT_OBJECTID": 2,
                "TDG_Basis": "OSM_IMAGERY_REVIEWED",
                "FROM_DEG": 1,
                "TO_DEG": 1,
                "DEGREE": 2
            }
        },
        {
            "type": "Feature",
            "id": 139,
            "geometry": {
                "type": "Point",
                "coordinates": [
                    -69.884275690291503,
                    43.918138506335239
                ]
            },
            "properties": {
                "OBJECTID": 139,
                "ClusterID": "-7779482_5452783",
                "FIRST_Best_Sub": "COOKS_CORNER",
                "FIRST_Best_Source": "MANUAL",
                "FIRST_Node_Type": "SUBSTATION",
                "FIRST_Keep_Topo": "YES",
                "FIRST_TDG": "D",
                "COUNT_OBJECTID": 1,
                "TDG_Basis": "CMP_OSM",
                "FROM_DEG": null,
                "TO_DEG": 1,
                "DEGREE": 1
            }
        },
        {
            "type": "Feature",
            "id": 140,
            "geometry": {
                "type": "Point",
                "coordinates": [
                    -69.88521442706849,
                    44.958265043109542
                ]
            },
            "properties": {
                "OBJECTID": 140,
                "ClusterID": "-7779586_5614954",
                "FIRST_Best_Sub": "EMBDEN",
                "FIRST_Best_Source": "MANUAL",
                "FIRST_Node_Type": "SUBSTATION",
                "FIRST_Keep_Topo": "YES",
                "FIRST_TDG": "T",
                "COUNT_OBJECTID": 1,
                "TDG_Basis": "ISO_OSM",
                "FROM_DEG": null,
                "TO_DEG": 1,
                "DEGREE": 1
            }
        },
        {
            "type": "Feature",
            "id": 141,
            "geometry": {
                "type": "Point",
                "coordinates": [
                    -69.885499642171197,
                    44.958618235966036
                ]
            },
            "properties": {
                "OBJECTID": 141,
                "ClusterID": "-7779618_5615009",
                "FIRST_Best_Sub": "TAP136740",
                "FIRST_Best_Source": "HIFLD_AUTO",
                "FIRST_Node_Type": "TAP",
                "FIRST_Keep_Topo": "YES",
                "FIRST_TDG": "UNKNOWN",
                "COUNT_OBJECTID": 3,
                "TDG_Basis": "HIFLD_TAP",
                "FROM_DEG": 1,
                "TO_DEG": 2,
                "DEGREE": 3
            }
        },
        {
            "type": "Feature",
            "id": 142,
            "geometry": {
                "type": "Point",
                "coordinates": [
                    -69.885504635905832,
                    44.958370907688284
                ]
            },
            "properties": {
                "OBJECTID": 142,
                "ClusterID": "-7779619_5614970",
                "FIRST_Best_Sub": "TAP136743",
                "FIRST_Best_Source": "HIFLD_AUTO",
                "FIRST_Node_Type": "TAP",
                "FIRST_Keep_Topo": "YES",
                "FIRST_TDG": "UNKNOWN",
                "COUNT_OBJECTID": 3,
                "TDG_Basis": "HIFLD_TAP",
                "FROM_DEG": 2,
                "TO_DEG": 1,
                "DEGREE": 3
            }
        },
        {
            "type": "Feature",
            "id": 143,
            "geometry": {
                "type": "Point",
                "coordinates": [
                    -69.885793599678252,
                    44.959067348862128
                ]
            },
            "properties": {
                "OBJECTID": 143,
                "ClusterID": "-7779651_5615080",
                "FIRST_Best_Sub": "TAP136742",
                "FIRST_Best_Source": "HIFLD_AUTO",
                "FIRST_Node_Type": "TAP",
                "FIRST_Keep_Topo": "YES",
                "FIRST_TDG": "UNKNOWN",
                "COUNT_OBJECTID": 3,
                "TDG_Basis": "HIFLD_TAP",
                "FROM_DEG": 2,
                "TO_DEG": 1,
                "DEGREE": 3
            }
        },
        {
            "type": "Feature",
            "id": 144,
            "geometry": {
                "type": "Point",
                "coordinates": [
                    -69.885859062607935,
                    44.957205495993144
                ]
            },
            "properties": {
                "OBJECTID": 144,
                "ClusterID": "-7779658_5614787",
                "FIRST_Best_Sub": "TAP136741",
                "FIRST_Best_Source": "HIFLD_AUTO",
                "FIRST_Node_Type": "TAP",
                "FIRST_Keep_Topo": "YES",
                "FIRST_TDG": "UNKNOWN",
                "COUNT_OBJECTID": 3,
                "TDG_Basis": "HIFLD_TAP",
                "FROM_DEG": 2,
                "TO_DEG": 1,
                "DEGREE": 3
            }
        },
        {
            "type": "Feature",
            "id": 145,
            "geometry": {
                "type": "Point",
                "coordinates": [
                    -69.886711198198242,
                    44.796807409907274
                ]
            },
            "properties": {
                "OBJECTID": 145,
                "ClusterID": "-7779753_5589589",
                "FIRST_Best_Sub": "MADISON",
                "FIRST_Best_Source": "MANUAL",
                "FIRST_Node_Type": "SUBSTATION",
                "FIRST_Keep_Topo": "YES",
                "FIRST_TDG": "T",
                "COUNT_OBJECTID": 2,
                "TDG_Basis": "ISO_OSM",
                "FROM_DEG": 1,
                "TO_DEG": 1,
                "DEGREE": 2
            }
        },
        {
            "type": "Feature",
            "id": 146,
            "geometry": {
                "type": "Point",
                "coordinates": [
                    -69.887726075280341,
                    44.788889321887169
                ]
            },
            "properties": {
                "OBJECTID": 146,
                "ClusterID": "-7779866_5588347",
                "FIRST_Best_Sub": "MADISON",
                "FIRST_Best_Source": "MANUAL",
                "FIRST_Node_Type": "SUBSTATION",
                "FIRST_Keep_Topo": "YES",
                "FIRST_TDG": "T",
                "COUNT_OBJECTID": 2,
                "TDG_Basis": "ISO_OSM",
                "FROM_DEG": 1,
                "TO_DEG": 1,
                "DEGREE": 2
            }
        },
        {
            "type": "Feature",
            "id": 147,
            "geometry": {
                "type": "Point",
                "coordinates": [
                    -69.889155603019546,
                    44.797357231973841
                ]
            },
            "properties": {
                "OBJECTID": 147,
                "ClusterID": "-7780025_5589676",
                "FIRST_Best_Sub": "ANSON_ABENAKI_HYDRO",
                "FIRST_Best_Source": "MANUAL",
                "FIRST_Node_Type": "GENERATOR",
                "FIRST_Keep_Topo": "YES",
                "FIRST_TDG": "G",
                "COUNT_OBJECTID": 1,
                "TDG_Basis": "IMAGERY_REVIEWED",
                "FROM_DEG": null,
                "TO_DEG": 1,
                "DEGREE": 1
            }
        },
        {
            "type": "Feature",
            "id": 148,
            "geometry": {
                "type": "Point",
                "coordinates": [
                    -69.898865468671104,
                    44.786710332112442
                ]
            },
            "properties": {
                "OBJECTID": 148,
                "ClusterID": "-7781106_5588006",
                "FIRST_Best_Sub": "UNKNOWN133015",
                "FIRST_Best_Source": "HIFLD_AUTO",
                "FIRST_Node_Type": "SUBSTATION",
                "FIRST_Keep_Topo": "YES",
                "FIRST_TDG": "UNKNOWN",
                "COUNT_OBJECTID": 2,
                "TDG_Basis": "HIFLD_UNKNOWN",
                "FROM_DEG": 1,
                "TO_DEG": 1,
                "DEGREE": 2
            }
        },
        {
            "type": "Feature",
            "id": 149,
            "geometry": {
                "type": "Point",
                "coordinates": [
                    -69.902933792167474,
                    45.070992448795913
                ]
            },
            "properties": {
                "OBJECTID": 149,
                "ClusterID": "-7781559_5632705",
                "FIRST_Best_Sub": "WYMAN HYDRO",
                "FIRST_Best_Source": "HIFLD_AUTO",
                "FIRST_Node_Type": "SUBSTATION",
                "FIRST_Keep_Topo": "YES",
                "FIRST_TDG": "TDG",
                "COUNT_OBJECTID": 8,
                "TDG_Basis": "GENERATOR_INTERFACE_GPT",
                "FROM_DEG": 6,
                "TO_DEG": 2,
                "DEGREE": 8
            }
        },
        {
            "type": "Feature",
            "id": 150,
            "geometry": {
                "type": "Point",
                "coordinates": [
                    -69.905778961488124,
                    45.069857419950672
                ]
            },
            "properties": {
                "OBJECTID": 150,
                "ClusterID": "-7781876_5632526",
                "FIRST_Best_Sub": "NA_WYMAN_DAM_HYDRO",
                "FIRST_Best_Source": "MANUAL",
                "FIRST_Node_Type": "GENERATOR",
                "FIRST_Keep_Topo": "YES",
                "FIRST_TDG": "G",
                "COUNT_OBJECTID": 2,
                "TDG_Basis": "IMAGERY_REVIEWED",
                "FROM_DEG": 2,
                "TO_DEG": null,
                "DEGREE": 2
            }
        },
        {
            "type": "Feature",
            "id": 151,
            "geometry": {
                "type": "Point",
                "coordinates": [
                    -69.908501238583014,
                    44.785671791163431
                ]
            },
            "properties": {
                "OBJECTID": 151,
                "ClusterID": "-7782179_5587843",
                "FIRST_Best_Sub": "TAP136738",
                "FIRST_Best_Source": "HIFLD_AUTO",
                "FIRST_Node_Type": "TAP",
                "FIRST_Keep_Topo": "YES",
                "FIRST_TDG": "UNKNOWN",
                "COUNT_OBJECTID": 3,
                "TDG_Basis": "HIFLD_TAP",
                "FROM_DEG": 2,
                "TO_DEG": 1,
                "DEGREE": 3
            }
        },
        {
            "type": "Feature",
            "id": 152,
            "geometry": {
                "type": "Point",
                "coordinates": [
                    -69.913785907025286,
                    44.781043161009599
                ]
            },
            "properties": {
                "OBJECTID": 152,
                "ClusterID": "-7782767_5587117",
                "FIRST_Best_Sub": "STARKS",
                "FIRST_Best_Source": "MANUAL",
                "FIRST_Node_Type": "SUBSTATION",
                "FIRST_Keep_Topo": "YES",
                "FIRST_TDG": "T",
                "COUNT_OBJECTID": 2,
                "TDG_Basis": "ISO_OSM",
                "FROM_DEG": 1,
                "TO_DEG": 1,
                "DEGREE": 2
            }
        },
        {
            "type": "Feature",
            "id": 153,
            "geometry": {
                "type": "Point",
                "coordinates": [
                    -69.970829283299693,
                    43.940052305599799
                ]
            },
            "properties": {
                "OBJECTID": 153,
                "ClusterID": "-7789117_5456170",
                "FIRST_Best_Sub": "TOPSHAM",
                "FIRST_Best_Source": "HIFLD_AUTO",
                "FIRST_Node_Type": "SUBSTATION",
                "FIRST_Keep_Topo": "YES",
                "FIRST_TDG": "T",
                "COUNT_OBJECTID": 3,
                "TDG_Basis": "ISO_EXACT",
                "FROM_DEG": 3,
                "TO_DEG": null,
                "DEGREE": 3
            }
        },
        {
            "type": "Feature",
            "id": 154,
            "geometry": {
                "type": "Point",
                "coordinates": [
                    -69.976739876272362,
                    43.959330433620096
                ]
            },
            "properties": {
                "OBJECTID": 154,
                "ClusterID": "-7789775_5459151",
                "FIRST_Best_Sub": "TAP136734",
                "FIRST_Best_Source": "HIFLD_AUTO",
                "FIRST_Node_Type": "TAP",
                "FIRST_Keep_Topo": "YES",
                "FIRST_TDG": "UNKNOWN",
                "COUNT_OBJECTID": 3,
                "TDG_Basis": "HIFLD_TAP",
                "FROM_DEG": 1,
                "TO_DEG": 1,
                "DEGREE": 2
            }
        },
        {
            "type": "Feature",
            "id": 155,
            "geometry": {
                "type": "Point",
                "coordinates": [
                    -69.992754382692496,
                    44.188872135552828
                ]
            },
            "properties": {
                "OBJECTID": 155,
                "ClusterID": "-7791558_5494717",
                "FIRST_Best_Sub": "MONMOUTH",
                "FIRST_Best_Source": "MANUAL",
                "FIRST_Node_Type": "SUBSTATION",
                "FIRST_Keep_Topo": "YES",
                "FIRST_TDG": "TD",
                "COUNT_OBJECTID": 2,
                "TDG_Basis": "ISO_OSM_GPT",
                "FROM_DEG": 2,
                "TO_DEG": null,
                "DEGREE": 2
            }
        },
        {
            "type": "Feature",
            "id": 156,
            "geometry": {
                "type": "Point",
                "coordinates": [
                    -70.12747932702284,
                    44.655014862884741
                ]
            },
            "properties": {
                "OBJECTID": 156,
                "ClusterID": "-7806555_5567373",
                "FIRST_Best_Sub": "STURTEVANT",
                "FIRST_Best_Source": "MANUAL",
                "FIRST_Node_Type": "SUBSTATION",
                "FIRST_Keep_Topo": "YES",
                "FIRST_TDG": "TD",
                "COUNT_OBJECTID": 2,
                "TDG_Basis": "ISO_OSM_GPT",
                "FROM_DEG": 1,
                "TO_DEG": 1,
                "DEGREE": 2
            }
        },
        {
            "type": "Feature",
            "id": 157,
            "geometry": {
                "type": "Point",
                "coordinates": [
                    -70.153981232295465,
                    44.431199546475945
                ]
            },
            "properties": {
                "OBJECTID": 157,
                "ClusterID": "-7809505_5532416",
                "FIRST_Best_Sub": "TAP136754",
                "FIRST_Best_Source": "HIFLD_AUTO",
                "FIRST_Node_Type": "TAP",
                "FIRST_Keep_Topo": "YES",
                "FIRST_TDG": "UNKNOWN",
                "COUNT_OBJECTID": 3,
                "TDG_Basis": "HIFLD_TAP",
                "FROM_DEG": 1,
                "TO_DEG": 2,
                "DEGREE": 3
            }
        },
        {
            "type": "Feature",
            "id": 158,
            "geometry": {
                "type": "Point",
                "coordinates": [
                    -70.155081103478167,
                    44.059490078246597
                ]
            },
            "properties": {
                "OBJECTID": 158,
                "ClusterID": "-7809628_5474653",
                "FIRST_Best_Sub": "CROWLEYS",
                "FIRST_Best_Source": "HIFLD_AUTO",
                "FIRST_Node_Type": "SUBSTATION",
                "FIRST_Keep_Topo": "YES",
                "FIRST_TDG": "TD",
                "COUNT_OBJECTID": 3,
                "TDG_Basis": "ISO_EXACT_GPT",
                "FROM_DEG": 1,
                "TO_DEG": 2,
                "DEGREE": 3
            }
        },
        {
            "type": "Feature",
            "id": 159,
            "geometry": {
                "type": "Point",
                "coordinates": [
                    -70.155379554358305,
                    43.751185295685083
                ]
            },
            "properties": {
                "OBJECTID": 159,
                "ClusterID": "-7809661_5427018",
                "FIRST_Best_Sub": "YARMOUTH",
                "FIRST_Best_Source": "HIFLD_AUTO",
                "FIRST_Node_Type": "SUBSTATION",
                "FIRST_Keep_Topo": "YES",
                "FIRST_TDG": "D?",
                "COUNT_OBJECTID": 3,
                "TDG_Basis": "OSM",
                "FROM_DEG": null,
                "TO_DEG": 1,
                "DEGREE": 1
            }
        },
        {
            "type": "Feature",
            "id": 160,
            "geometry": {
                "type": "Point",
                "coordinates": [
                    -70.156669128169426,
                    43.75162960988974
                ]
            },
            "properties": {
                "OBJECTID": 160,
                "ClusterID": "-7809805_5427086",
                "FIRST_Best_Sub": "YARMOUTH_4_SUBSTATION",
                "FIRST_Best_Source": "MANUAL",
                "FIRST_Node_Type": "SUBSTATION",
                "FIRST_Keep_Topo": "YES",
                "FIRST_TDG": "D?",
                "COUNT_OBJECTID": 2,
                "TDG_Basis": "OSM",
                "FROM_DEG": 1,
                "TO_DEG": null,
                "DEGREE": 1
            }
        },
        {
            "type": "Feature",
            "id": 161,
            "geometry": {
                "type": "Point",
                "coordinates": [
                    -70.156795176176885,
                    43.751095052759844
                ]
            },
            "properties": {
                "OBJECTID": 161,
                "ClusterID": "-7809819_5427004",
                "FIRST_Best_Sub": "NA_WYMAN_ENERGY_CENTER",
                "FIRST_Best_Source": "MANUAL",
                "FIRST_Node_Type": "GENERATOR",
                "FIRST_Keep_Topo": "YES",
                "FIRST_TDG": "G",
                "COUNT_OBJECTID": 2,
                "TDG_Basis": "IMAGERY_REVIEWED",
                "FROM_DEG": 1,
                "TO_DEG": 1,
                "DEGREE": 2
            }
        },
        {
            "type": "Feature",
            "id": 162,
            "geometry": {
                "type": "Point",
                "coordinates": [
                    -70.161601989396928,
                    44.431806810684094
                ]
            },
            "properties": {
                "OBJECTID": 162,
                "ClusterID": "-7810354_5532510",
                "FIRST_Best_Sub": "REENERGY_LIVERMORE_FALLS_SUBSTATION",
                "FIRST_Best_Source": "MANUAL",
                "FIRST_Node_Type": "SUBSTATION",
                "FIRST_Keep_Topo": "YES",
                "FIRST_TDG": "TG",
                "COUNT_OBJECTID": 2,
                "TDG_Basis": "OSM",
                "FROM_DEG": 1,
                "TO_DEG": 1,
                "DEGREE": 2
            }
        },
        {
            "type": "Feature",
            "id": 163,
            "geometry": {
                "type": "Point",
                "coordinates": [
                    -70.162147463505448,
                    44.431679517982303
                ]
            },
            "properties": {
                "OBJECTID": 163,
                "ClusterID": "-7810415_5532490",
                "FIRST_Best_Sub": "REENERGY_LIVERMORE_FALLS",
                "FIRST_Best_Source": "MANUAL",
                "FIRST_Node_Type": "GENERATOR",
                "FIRST_Keep_Topo": "YES",
                "FIRST_TDG": "G",
                "COUNT_OBJECTID": 1,
                "TDG_Basis": "IMAGERY_REVIEWED",
                "FROM_DEG": 1,
                "TO_DEG": null,
                "DEGREE": 1
            }
        },
        {
            "type": "Feature",
            "id": 164,
            "geometry": {
                "type": "Point",
                "coordinates": [
                    -70.17160137847128,
                    44.47834122971517
                ]
            },
            "properties": {
                "OBJECTID": 164,
                "ClusterID": "-7811467_5539767",
                "FIRST_Best_Sub": "LIVERMORE FALLS",
                "FIRST_Best_Source": "HIFLD_AUTO",
                "FIRST_Node_Type": "SUBSTATION",
                "FIRST_Keep_Topo": "YES",
                "FIRST_TDG": "TD",
                "COUNT_OBJECTID": 4,
                "TDG_Basis": "ISO_EXACT_GPT",
                "FROM_DEG": 3,
                "TO_DEG": 1,
                "DEGREE": 4
            }
        },
        {
            "type": "Feature",
            "id": 165,
            "geometry": {
                "type": "Point",
                "coordinates": [
                    -70.186043021067277,
                    44.141112089820403
                ]
            },
            "properties": {
                "OBJECTID": 165,
                "ClusterID": "-7813075_5487306",
                "FIRST_Best_Sub": "LARRABEE ROAD",
                "FIRST_Best_Source": "HIFLD_AUTO",
                "FIRST_Node_Type": "SUBSTATION",
                "FIRST_Keep_Topo": "YES",
                "FIRST_TDG": "T",
                "COUNT_OBJECTID": 8,
                "TDG_Basis": "ISO_EXACT",
                "FROM_DEG": 2,
                "TO_DEG": 6,
                "DEGREE": 8
            }
        },
        {
            "type": "Feature",
            "id": 166,
            "geometry": {
                "type": "Point",
                "coordinates": [
                    -70.186444149384315,
                    44.069229281768692
                ]
            },
            "properties": {
                "OBJECTID": 166,
                "ClusterID": "-7813119_5476162",
                "FIRST_Best_Sub": "CHALLENGER_DR",
                "FIRST_Best_Source": "MANUAL",
                "FIRST_Node_Type": "SUBSTATION",
                "FIRST_Keep_Topo": "YES",
                "FIRST_TDG": "T",
                "COUNT_OBJECTID": 2,
                "TDG_Basis": "ISO_OSM",
                "FROM_DEG": 1,
                "TO_DEG": 1,
                "DEGREE": 2
            }
        },
        {
            "type": "Feature",
            "id": 167,
            "geometry": {
                "type": "Point",
                "coordinates": [
                    -70.187073246764328,
                    44.470901432302433
                ]
            },
            "properties": {
                "OBJECTID": 167,
                "ClusterID": "-7813189_5538607",
                "FIRST_Best_Sub": "INTERNATIONAL_PAPER_LIVERMORE_HYDRO_SUBSTATION",
                "FIRST_Best_Source": "MANUAL",
                "FIRST_Node_Type": "SUBSTATION",
                "FIRST_Keep_Topo": "YES",
                "FIRST_TDG": "TG",
                "COUNT_OBJECTID": 2,
                "TDG_Basis": "OSM",
                "FROM_DEG": null,
                "TO_DEG": 2,
                "DEGREE": 2
            }
        },
        {
            "type": "Feature",
            "id": 168,
            "geometry": {
                "type": "Point",
                "coordinates": [
                    -70.187276461851255,
                    44.470331540594429
                ]
            },
            "properties": {
                "OBJECTID": 168,
                "ClusterID": "-7813212_5538518",
                "FIRST_Best_Sub": "NA_LIVERMORE_HYDRO",
                "FIRST_Best_Source": "MANUAL",
                "FIRST_Node_Type": "GENERATOR",
                "FIRST_Keep_Topo": "YES",
                "FIRST_TDG": "G",
                "COUNT_OBJECTID": 1,
                "TDG_Basis": "IMAGERY_REVIEWED",
                "FROM_DEG": 1,
                "TO_DEG": null,
                "DEGREE": 1
            }
        },
        {
            "type": "Feature",
            "id": 169,
            "geometry": {
                "type": "Point",
                "coordinates": [
                    -70.199159575855617,
                    43.78676711052578
                ]
            },
            "properties": {
                "OBJECTID": 169,
                "ClusterID": "-7814535_5432503",
                "FIRST_Best_Sub": "ELM STREET",
                "FIRST_Best_Source": "MANUAL",
                "FIRST_Node_Type": "SUBSTATION",
                "FIRST_Keep_Topo": "YES",
                "FIRST_TDG": "TD",
                "COUNT_OBJECTID": 1,
                "TDG_Basis": "UNRESOLVED_GPT",
                "FROM_DEG": null,
                "TO_DEG": 1,
                "DEGREE": 1
            }
        },
        {
            "type": "Feature",
            "id": 170,
            "geometry": {
                "type": "Point",
                "coordinates": [
                    -70.200882732318419,
                    43.785543631803236
                ]
            },
            "properties": {
                "OBJECTID": 170,
                "ClusterID": "-7814727_5432314",
                "FIRST_Best_Sub": "TAP136733",
                "FIRST_Best_Source": "HIFLD_AUTO",
                "FIRST_Node_Type": "TAP",
                "FIRST_Keep_Topo": "YES",
                "FIRST_TDG": "UNKNOWN",
                "COUNT_OBJECTID": 3,
                "TDG_Basis": "HIFLD_TAP",
                "FROM_DEG": 1,
                "TO_DEG": 1,
                "DEGREE": 2
            }
        },
        {
            "type": "Feature",
            "id": 171,
            "geometry": {
                "type": "Point",
                "coordinates": [
                    -70.203621064104041,
                    43.781401426571605
                ]
            },
            "properties": {
                "OBJECTID": 171,
                "ClusterID": "-7815031_5431676",
                "FIRST_Best_Sub": "RAVEN FARM",
                "FIRST_Best_Source": "HIFLD_AUTO",
                "FIRST_Node_Type": "SUBSTATION",
                "FIRST_Keep_Topo": "YES",
                "FIRST_TDG": "T",
                "COUNT_OBJECTID": 3,
                "TDG_Basis": "ISO_EXACT",
                "FROM_DEG": 1,
                "TO_DEG": 1,
                "DEGREE": 2
            }
        },
        {
            "type": "Feature",
            "id": 172,
            "geometry": {
                "type": "Point",
                "coordinates": [
                    -70.203687251974202,
                    43.931649869498351
                ]
            },
            "properties": {
                "OBJECTID": 172,
                "ClusterID": "-7815039_5454871",
                "FIRST_Best_Sub": "SURROWIEC",
                "FIRST_Best_Source": "HIFLD_AUTO",
                "FIRST_Node_Type": "SUBSTATION",
                "FIRST_Keep_Topo": "YES",
                "FIRST_TDG": "T",
                "COUNT_OBJECTID": 13,
                "TDG_Basis": "ISO_EXACT",
                "FROM_DEG": 5,
                "TO_DEG": 6,
                "DEGREE": 11
            }
        },
        {
            "type": "Feature",
            "id": 173,
            "geometry": {
                "type": "Point",
                "coordinates": [
                    -70.208567602181773,
                    44.151262248277888
                ]
            },
            "properties": {
                "OBJECTID": 173,
                "ClusterID": "-7815582_5488880",
                "FIRST_Best_Sub": "GULF ISLAND",
                "FIRST_Best_Source": "HIFLD_AUTO",
                "FIRST_Node_Type": "SUBSTATION",
                "FIRST_Keep_Topo": "YES",
                "FIRST_TDG": "TG",
                "COUNT_OBJECTID": 5,
                "TDG_Basis": "GENERATOR_INTERFACE",
                "FROM_DEG": 3,
                "TO_DEG": 2,
                "DEGREE": 5
            }
        },
        {
            "type": "Feature",
            "id": 174,
            "geometry": {
                "type": "Point",
                "coordinates": [
                    -70.211829364317154,
                    44.086768191101065
                ]
            },
            "properties": {
                "OBJECTID": 174,
                "ClusterID": "-7815945_5478880",
                "FIRST_Best_Sub": "LEWISTON LOWER",
                "FIRST_Best_Source": "HIFLD_AUTO",
                "FIRST_Node_Type": "SUBSTATION",
                "FIRST_Keep_Topo": "YES",
                "FIRST_TDG": "TD",
                "COUNT_OBJECTID": 2,
                "TDG_Basis": "ISO_EXACT_GPT",
                "FROM_DEG": null,
                "TO_DEG": 2,
                "DEGREE": 2
            }
        },
        {
            "type": "Feature",
            "id": 175,
            "geometry": {
                "type": "Point",
                "coordinates": [
                    -70.220652697886152,
                    44.504025467271433
                ]
            },
            "properties": {
                "OBJECTID": 175,
                "ClusterID": "-7816927_5543775",
                "FIRST_Best_Sub": "TAP136757",
                "FIRST_Best_Source": "HIFLD_AUTO",
                "FIRST_Node_Type": "TAP",
                "FIRST_Keep_Topo": "YES",
                "FIRST_TDG": "UNKNOWN",
                "COUNT_OBJECTID": 3,
                "TDG_Basis": "HIFLD_TAP",
                "FROM_DEG": 2,
                "TO_DEG": 1,
                "DEGREE": 3
            }
        },
        {
            "type": "Feature",
            "id": 176,
            "geometry": {
                "type": "Point",
                "coordinates": [
                    -70.220788174610774,
                    44.503893246881098
                ]
            },
            "properties": {
                "OBJECTID": 176,
                "ClusterID": "-7816942_5543755",
                "FIRST_Best_Sub": "JAY_HYDRO_SUBSTATION",
                "FIRST_Best_Source": "MANUAL",
                "FIRST_Node_Type": "SUBSTATION",
                "FIRST_Keep_Topo": "YES",
                "FIRST_TDG": "TG",
                "COUNT_OBJECTID": 2,
                "TDG_Basis": "ISO",
                "FROM_DEG": 1,
                "TO_DEG": 1,
                "DEGREE": 2
            }
        },
        {
            "type": "Feature",
            "id": 177,
            "geometry": {
                "type": "Point",
                "coordinates": [
                    -70.220970000810851,
                    44.503699999874435
                ]
            },
            "properties": {
                "OBJECTID": 177,
                "ClusterID": "-7816963_5543725",
                "FIRST_Best_Sub": "NA_INTERNATIONAL_PAPER_JAY_HYDRO",
                "FIRST_Best_Source": "MANUAL",
                "FIRST_Node_Type": "GENERATOR",
                "FIRST_Keep_Topo": "YES",
                "FIRST_TDG": "G",
                "COUNT_OBJECTID": 1,
                "TDG_Basis": "IMAGERY_REVIEWED",
                "FROM_DEG": 1,
                "TO_DEG": null,
                "DEGREE": 1
            }
        },
        {
            "type": "Feature",
            "id": 178,
            "geometry": {
                "type": "Point",
                "coordinates": [
                    -70.239470000095096,
                    44.50626999998601
                ]
            },
            "properties": {
                "OBJECTID": 178,
                "ClusterID": "-7819022_5544126",
                "FIRST_Best_Sub": "NA_RUMFORD_COGENERATION",
                "FIRST_Best_Source": "MANUAL",
                "FIRST_Node_Type": "GENERATOR",
                "FIRST_Keep_Topo": "YES",
                "FIRST_TDG": "G",
                "COUNT_OBJECTID": 1,
                "TDG_Basis": "IMAGERY_REVIEWED",
                "FROM_DEG": null,
                "TO_DEG": 1,
                "DEGREE": 1
            }
        },
        {
            "type": "Feature",
            "id": 179,
            "geometry": {
                "type": "Point",
                "coordinates": [
                    -70.241971798279849,
                    44.505776504010647
                ]
            },
            "properties": {
                "OBJECTID": 179,
                "ClusterID": "-7819301_5544049",
                "FIRST_Best_Sub": "JAY_SUBSTATION",
                "FIRST_Best_Source": "MANUAL",
                "FIRST_Node_Type": "SUBSTATION",
                "FIRST_Keep_Topo": "YES",
                "FIRST_TDG": "T",
                "COUNT_OBJECTID": 5,
                "TDG_Basis": "ISO_OSM",
                "FROM_DEG": 3,
                "TO_DEG": 2,
                "DEGREE": 5
            }
        },
        {
            "type": "Feature",
            "id": 180,
            "geometry": {
                "type": "Point",
                "coordinates": [
                    -70.242310000509605,
                    44.506320000514876
                ]
            },
            "properties": {
                "OBJECTID": 180,
                "ClusterID": "-7819338_5544134",
                "FIRST_Best_Sub": "NA_ANDROSCOGGIN_MILL_GENERATOR",
                "FIRST_Best_Source": "MANUAL",
                "FIRST_Node_Type": "GENERATOR",
                "FIRST_Keep_Topo": "YES",
                "FIRST_TDG": "G",
                "COUNT_OBJECTID": 1,
                "TDG_Basis": "IMAGERY_REVIEWED",
                "FROM_DEG": null,
                "TO_DEG": 1,
                "DEGREE": 1
            }
        },
        {
            "type": "Feature",
            "id": 181,
            "geometry": {
                "type": "Point",
                "coordinates": [
                    -70.248139984058554,
                    44.507529335120957
                ]
            },
            "properties": {
                "OBJECTID": 181,
                "ClusterID": "-7819987_5544322",
                "FIRST_Best_Sub": "RILEY",
                "FIRST_Best_Source": "HIFLD_AUTO",
                "FIRST_Node_Type": "SUBSTATION",
                "FIRST_Keep_Topo": "YES",
                "FIRST_TDG": "TD",
                "COUNT_OBJECTID": 5,
                "TDG_Basis": "ISO_EXACT_GPT",
                "FROM_DEG": 1,
                "TO_DEG": 4,
                "DEGREE": 5
            }
        },
        {
            "type": "Feature",
            "id": 182,
            "geometry": {
                "type": "Point",
                "coordinates": [
                    -70.249140000310902,
                    44.503430000006752
                ]
            },
            "properties": {
                "OBJECTID": 182,
                "ClusterID": "-7820098_5543683",
                "FIRST_Best_Sub": "NA_INTERNATIONAL_PAPER_RILEY_HYDRO",
                "FIRST_Best_Source": "MANUAL",
                "FIRST_Node_Type": "GENERATOR",
                "FIRST_Keep_Topo": "YES",
                "FIRST_TDG": "G",
                "COUNT_OBJECTID": 1,
                "TDG_Basis": "IMAGERY_REVIEWED",
                "FROM_DEG": 1,
                "TO_DEG": null,
                "DEGREE": 1
            }
        },
        {
            "type": "Feature",
            "id": 183,
            "geometry": {
                "type": "Point",
                "coordinates": [
                    -70.254733125967206,
                    43.64267201008726
                ]
            },
            "properties": {
                "OBJECTID": 183,
                "ClusterID": "-7820721_5410310",
                "FIRST_Best_Sub": "CAPE_STREAM_SUBSTATION",
                "FIRST_Best_Source": "MANUAL",
                "FIRST_Node_Type": "SUBSTATION",
                "FIRST_Keep_Topo": "YES",
                "FIRST_TDG": "D",
                "COUNT_OBJECTID": 1,
                "TDG_Basis": "OSM",
                "FROM_DEG": 1,
                "TO_DEG": null,
                "DEGREE": 1
            }
        },
        {
            "type": "Feature",
            "id": 184,
            "geometry": {
                "type": "Point",
                "coordinates": [
                    -70.25591303614344,
                    43.627526624148437
                ]
            },
            "properties": {
                "OBJECTID": 184,
                "ClusterID": "-7820852_5407981",
                "FIRST_Best_Sub": "HINCKLEY_POND",
                "FIRST_Best_Source": "MANUAL",
                "FIRST_Node_Type": "SUBSTATION",
                "FIRST_Keep_Topo": "YES",
                "FIRST_TDG": "D",
                "COUNT_OBJECTID": 2,
                "TDG_Basis": "OSM",
                "FROM_DEG": 1,
                "TO_DEG": 1,
                "DEGREE": 2
            }
        },
        {
            "type": "Feature",
            "id": 185,
            "geometry": {
                "type": "Point",
                "coordinates": [
                    -70.266958862810824,
                    44.06812025404097
                ]
            },
            "properties": {
                "OBJECTID": 185,
                "ClusterID": "-7822082_5475990",
                "FIRST_Best_Sub": "HOTEL ROAD",
                "FIRST_Best_Source": "HIFLD_AUTO",
                "FIRST_Node_Type": "SUBSTATION",
                "FIRST_Keep_Topo": "YES",
                "FIRST_TDG": "TD",
                "COUNT_OBJECTID": 2,
                "TDG_Basis": "ISO_EXACT_GPT",
                "FROM_DEG": 2,
                "TO_DEG": null,
                "DEGREE": 2
            }
        },
        {
            "type": "Feature",
            "id": 186,
            "geometry": {
                "type": "Point",
                "coordinates": [
                    -70.291198101427241,
                    44.195523175554356
                ]
            },
            "properties": {
                "OBJECTID": 186,
                "ClusterID": "-7824780_5495750",
                "FIRST_Best_Sub": "TAP136745",
                "FIRST_Best_Source": "HIFLD_AUTO",
                "FIRST_Node_Type": "TAP",
                "FIRST_Keep_Topo": "YES",
                "FIRST_TDG": "UNKNOWN",
                "COUNT_OBJECTID": 3,
                "TDG_Basis": "HIFLD_TAP",
                "FROM_DEG": 1,
                "TO_DEG": 2,
                "DEGREE": 3
            }
        },
        {
            "type": "Feature",
            "id": 187,
            "geometry": {
                "type": "Point",
                "coordinates": [
                    -70.29253850551045,
                    43.654409937000381
                ]
            },
            "properties": {
                "OBJECTID": 187,
                "ClusterID": "-7824930_5412116",
                "FIRST_Best_Sub": "SEWALL",
                "FIRST_Best_Source": "MANUAL",
                "FIRST_Node_Type": "SUBSTATION",
                "FIRST_Keep_Topo": "YES",
                "FIRST_TDG": "T",
                "COUNT_OBJECTID": 1,
                "TDG_Basis": "ISO_EXACT",
                "FROM_DEG": 1,
                "TO_DEG": null,
                "DEGREE": 1
            }
        },
        {
            "type": "Feature",
            "id": 188,
            "geometry": {
                "type": "Point",
                "coordinates": [
                    -70.294043697447705,
                    43.598335814178547
                ]
            },
            "properties": {
                "OBJECTID": 188,
                "ClusterID": "-7825097_5403493",
                "FIRST_Best_Sub": "PLEASANT_HILL",
                "FIRST_Best_Source": "MANUAL",
                "FIRST_Node_Type": "SUBSTATION",
                "FIRST_Keep_Topo": "YES",
                "FIRST_TDG": "TD",
                "COUNT_OBJECTID": 2,
                "TDG_Basis": "OSM_GPT",
                "FROM_DEG": 1,
                "TO_DEG": 1,
                "DEGREE": 2
            }
        },
        {
            "type": "Feature",
            "id": 189,
            "geometry": {
                "type": "Point",
                "coordinates": [
                    -70.330153064022738,
                    43.621081822518484
                ]
            },
            "properties": {
                "OBJECTID": 189,
                "ClusterID": "-7829117_5406990",
                "FIRST_Best_Sub": "MUSSEY_RD",
                "FIRST_Best_Source": "HIFLD_AUTO",
                "FIRST_Node_Type": "SUBSTATION",
                "FIRST_Keep_Topo": "YES",
                "FIRST_TDG": "TD",
                "COUNT_OBJECTID": 2,
                "TDG_Basis": "HIFLD_UNKNOWN_GPT",
                "FROM_DEG": 1,
                "TO_DEG": 1,
                "DEGREE": 2
            }
        },
        {
            "type": "Feature",
            "id": 190,
            "geometry": {
                "type": "Point",
                "coordinates": [
                    -70.336740785496943,
                    44.496490332036217
                ]
            },
            "properties": {
                "OBJECTID": 190,
                "ClusterID": "-7829850_5542599",
                "FIRST_Best_Sub": "LUDDEN_LANE",
                "FIRST_Best_Source": "MANUAL",
                "FIRST_Node_Type": "SUBSTATION",
                "FIRST_Keep_Topo": "YES",
                "FIRST_TDG": "TD",
                "COUNT_OBJECTID": 2,
                "TDG_Basis": "ISO_OSM_GPT",
                "FROM_DEG": 2,
                "TO_DEG": null,
                "DEGREE": 2
            }
        },
        {
            "type": "Feature",
            "id": 191,
            "geometry": {
                "type": "Point",
                "coordinates": [
                    -70.338786697658222,
                    43.710222862090291
                ]
            },
            "properties": {
                "OBJECTID": 191,
                "ClusterID": "-7830078_5420707",
                "FIRST_Best_Sub": "PRIDES CORNER",
                "FIRST_Best_Source": "MANUAL",
                "FIRST_Node_Type": "SUBSTATION",
                "FIRST_Keep_Topo": "YES",
                "FIRST_TDG": "TD",
                "COUNT_OBJECTID": 1,
                "TDG_Basis": "ISO_EXACT_GPT",
                "FROM_DEG": null,
                "TO_DEG": 1,
                "DEGREE": 1
            }
        },
        {
            "type": "Feature",
            "id": 192,
            "geometry": {
                "type": "Point",
                "coordinates": [
                    -70.339404766421509,
                    43.631212911162308
                ]
            },
            "properties": {
                "OBJECTID": 192,
                "ClusterID": "-7830147_5408548",
                "FIRST_Best_Sub": "REDBROOK",
                "FIRST_Best_Source": "HIFLD_AUTO",
                "FIRST_Node_Type": "SUBSTATION",
                "FIRST_Keep_Topo": "YES",
                "FIRST_TDG": "TD",
                "COUNT_OBJECTID": 2,
                "TDG_Basis": "OSM_GPT",
                "FROM_DEG": null,
                "TO_DEG": 2,
                "DEGREE": 2
            }
        },
        {
            "type": "Feature",
            "id": 193,
            "geometry": {
                "type": "Point",
                "coordinates": [
                    -70.353664453459984,
                    45.101627299186632
                ]
            },
            "properties": {
                "OBJECTID": 193,
                "ClusterID": "-7831734_5637535",
                "FIRST_Best_Sub": "BIGELOW",
                "FIRST_Best_Source": "MANUAL",
                "FIRST_Node_Type": "SUBSTATION",
                "FIRST_Keep_Topo": "YES",
                "FIRST_TDG": "TD",
                "COUNT_OBJECTID": 2,
                "TDG_Basis": "ISO_OSM_GPT",
                "FROM_DEG": null,
                "TO_DEG": 2,
                "DEGREE": 2
            }
        },
        {
            "type": "Feature",
            "id": 194,
            "geometry": {
                "type": "Point",
                "coordinates": [
                    -70.356757123014532,
                    43.731926950853868
                ]
            },
            "properties": {
                "OBJECTID": 194,
                "ClusterID": "-7832078_5424051",
                "FIRST_Best_Sub": "TAP136748",
                "FIRST_Best_Source": "HIFLD_AUTO",
                "FIRST_Node_Type": "TAP",
                "FIRST_Keep_Topo": "YES",
                "FIRST_TDG": "UNKNOWN",
                "COUNT_OBJECTID": 3,
                "TDG_Basis": "HIFLD_TAP",
                "FROM_DEG": 2,
                "TO_DEG": 1,
                "DEGREE": 3
            }
        },
        {
            "type": "Feature",
            "id": 195,
            "geometry": {
                "type": "Point",
                "coordinates": [
                    -70.35839473920106,
                    45.104716043197627
                ]
            },
            "properties": {
                "OBJECTID": 195,
                "ClusterID": "-7832261_5638022",
                "FIRST_Best_Sub": "UNKNOWN136749",
                "FIRST_Best_Source": "MANUAL",
                "FIRST_Node_Type": "SUBSTATION",
                "FIRST_Keep_Topo": "YES",
                "FIRST_TDG": "UNKNOWN",
                "COUNT_OBJECTID": 1,
                "TDG_Basis": "HIFLD_UNKNOWN",
                "FROM_DEG": null,
                "TO_DEG": 1,
                "DEGREE": 1
            }
        },
        {
            "type": "Feature",
            "id": 196,
            "geometry": {
                "type": "Point",
                "coordinates": [
                    -70.360270237359657,
                    43.651626998454006
                ]
            },
            "properties": {
                "OBJECTID": 196,
                "ClusterID": "-7832469_5411688",
                "FIRST_Best_Sub": "SPRING STREET",
                "FIRST_Best_Source": "HIFLD_AUTO",
                "FIRST_Node_Type": "SUBSTATION",
                "FIRST_Keep_Topo": "YES",
                "FIRST_TDG": "TD",
                "COUNT_OBJECTID": 5,
                "TDG_Basis": "ISO_EXACT_GPT",
                "FROM_DEG": 5,
                "TO_DEG": null,
                "DEGREE": 5
            }
        },
        {
            "type": "Feature",
            "id": 197,
            "geometry": {
                "type": "Point",
                "coordinates": [
                    -70.376119080068435,
                    43.656815165031396
                ]
            },
            "properties": {
                "OBJECTID": 197,
                "ClusterID": "-7834234_5412486",
                "FIRST_Best_Sub": "WESTBROOK",
                "FIRST_Best_Source": "HIFLD_AUTO",
                "FIRST_Node_Type": "SUBSTATION",
                "FIRST_Keep_Topo": "YES",
                "FIRST_TDG": "TDG",
                "COUNT_OBJECTID": 5,
                "TDG_Basis": "GENERATOR_INTERFACE_GPT",
                "FROM_DEG": 1,
                "TO_DEG": 4,
                "DEGREE": 5
            }
        },
        {
            "type": "Feature",
            "id": 198,
            "geometry": {
                "type": "Point",
                "coordinates": [
                    -70.377179585278782,
                    43.657490481441151
                ]
            },
            "properties": {
                "OBJECTID": 198,
                "ClusterID": "-7834352_5412590",
                "FIRST_Best_Sub": "NA_CALPINE_CORP_WESTBROOK_ENERGY_CENTER",
                "FIRST_Best_Source": "MANUAL",
                "FIRST_Node_Type": "GENERATOR",
                "FIRST_Keep_Topo": "YES",
                "FIRST_TDG": "G",
                "COUNT_OBJECTID": 1,
                "TDG_Basis": "IMAGERY_REVIEWED",
                "FROM_DEG": 1,
                "TO_DEG": null,
                "DEGREE": 1
            }
        },
        {
            "type": "Feature",
            "id": 199,
            "geometry": {
                "type": "Point",
                "coordinates": [
                    -70.384221693488357,
                    43.519125767698078
                ]
            },
            "properties": {
                "OBJECTID": 199,
                "ClusterID": "-7835136_5391325",
                "FIRST_Best_Sub": "UNKNOWN136750",
                "FIRST_Best_Source": "MANUAL",
                "FIRST_Node_Type": "SUBSTATION",
                "FIRST_Keep_Topo": "YES",
                "FIRST_TDG": "UNKNOWN",
                "COUNT_OBJECTID": 1,
                "TDG_Basis": "HIFLD_UNKNOWN",
                "FROM_DEG": 1,
                "TO_DEG": null,
                "DEGREE": 1
            }
        },
        {
            "type": "Feature",
            "id": 200,
            "geometry": {
                "type": "Point",
                "coordinates": [
                    -70.399706867627344,
                    43.684264353104531
                ]
            },
            "properties": {
                "OBJECTID": 200,
                "ClusterID": "-7836860_5416711",
                "FIRST_Best_Sub": "MOSHERS",
                "FIRST_Best_Source": "HIFLD_AUTO",
                "FIRST_Node_Type": "SUBSTATION",
                "FIRST_Keep_Topo": "YES",
                "FIRST_TDG": "TDG",
                "COUNT_OBJECTID": 4,
                "TDG_Basis": "GENERATOR_INTERFACE_GPT",
                "FROM_DEG": 1,
                "TO_DEG": 2,
                "DEGREE": 3
            }
        },
        {
            "type": "Feature",
            "id": 201,
            "geometry": {
                "type": "Point",
                "coordinates": [
                    -70.424700252704596,
                    45.140764129956814
                ]
            },
            "properties": {
                "OBJECTID": 201,
                "ClusterID": "-7839642_5643709",
                "FIRST_Best_Sub": "REENERGY_STRATTON_SUBSTATION",
                "FIRST_Best_Source": "MANUAL",
                "FIRST_Node_Type": "SUBSTATION",
                "FIRST_Keep_Topo": "YES",
                "FIRST_TDG": "TG",
                "COUNT_OBJECTID": 2,
                "TDG_Basis": "OSM",
                "FROM_DEG": 2,
                "TO_DEG": null,
                "DEGREE": 2
            }
        },
        {
            "type": "Feature",
            "id": 202,
            "geometry": {
                "type": "Point",
                "coordinates": [
                    -70.426151070515999,
                    45.140552893484582
                ]
            },
            "properties": {
                "OBJECTID": 202,
                "ClusterID": "-7839803_5643676",
                "FIRST_Best_Sub": "NA_REENERGY_STRATTON",
                "FIRST_Best_Source": "MANUAL",
                "FIRST_Node_Type": "GENERATOR",
                "FIRST_Keep_Topo": "YES",
                "FIRST_TDG": "G",
                "COUNT_OBJECTID": 1,
                "TDG_Basis": "IMAGERY_REVIEWED",
                "FROM_DEG": null,
                "TO_DEG": 1,
                "DEGREE": 1
            }
        },
        {
            "type": "Feature",
            "id": 203,
            "geometry": {
                "type": "Point",
                "coordinates": [
                    -70.432373993339866,
                    43.644216225216709
                ]
            },
            "properties": {
                "OBJECTID": 203,
                "ClusterID": "-7840496_5410548",
                "FIRST_Best_Sub": "SOUTH GORHAM",
                "FIRST_Best_Source": "HIFLD_AUTO",
                "FIRST_Node_Type": "SUBSTATION",
                "FIRST_Keep_Topo": "YES",
                "FIRST_TDG": "T",
                "COUNT_OBJECTID": 8,
                "TDG_Basis": "ISO_EXACT",
                "FROM_DEG": 4,
                "TO_DEG": 4,
                "DEGREE": 8
            }
        },
        {
            "type": "Feature",
            "id": 204,
            "geometry": {
                "type": "Point",
                "coordinates": [
                    -70.447661238977361,
                    43.494800516090493
                ]
            },
            "properties": {
                "OBJECTID": 204,
                "ClusterID": "-7842198_5387591",
                "FIRST_Best_Sub": "UNKNOWN133103",
                "FIRST_Best_Source": "MANUAL",
                "FIRST_Node_Type": "SUBSTATION",
                "FIRST_Keep_Topo": "YES",
                "FIRST_TDG": "UNKNOWN",
                "COUNT_OBJECTID": 1,
                "TDG_Basis": "HIFLD_UNKNOWN",
                "FROM_DEG": null,
                "TO_DEG": 1,
                "DEGREE": 1
            }
        },
        {
            "type": "Feature",
            "id": 205,
            "geometry": {
                "type": "Point",
                "coordinates": [
                    -70.449807038408366,
                    43.522879479320686
                ]
            },
            "properties": {
                "OBJECTID": 205,
                "ClusterID": "-7842437_5391901",
                "FIRST_Best_Sub": "GOOSEFARE",
                "FIRST_Best_Source": "HIFLD_AUTO",
                "FIRST_Node_Type": "SUBSTATION",
                "FIRST_Keep_Topo": "YES",
                "FIRST_TDG": "TD",
                "COUNT_OBJECTID": 2,
                "TDG_Basis": "OSM_GPT",
                "FROM_DEG": 1,
                "TO_DEG": 1,
                "DEGREE": 2
            }
        },
        {
            "type": "Feature",
            "id": 206,
            "geometry": {
                "type": "Point",
                "coordinates": [
                    -70.492884333011773,
                    43.467872909158913
                ]
            },
            "properties": {
                "OBJECTID": 206,
                "ClusterID": "-7847232_5383460",
                "FIRST_Best_Sub": "BIDDEFORD IP",
                "FIRST_Best_Source": "MANUAL",
                "FIRST_Node_Type": "SUBSTATION",
                "FIRST_Keep_Topo": "YES",
                "FIRST_TDG": "T",
                "COUNT_OBJECTID": 1,
                "TDG_Basis": "ISO_EXACT",
                "FROM_DEG": null,
                "TO_DEG": 1,
                "DEGREE": 1
            }
        },
        {
            "type": "Feature",
            "id": 207,
            "geometry": {
                "type": "Point",
                "coordinates": [
                    -70.494708577791783,
                    43.944157065940573
                ]
            },
            "properties": {
                "OBJECTID": 207,
                "ClusterID": "-7847435_5456804",
                "FIRST_Best_Sub": "RAYMOND",
                "FIRST_Best_Source": "MANUAL",
                "FIRST_Node_Type": "SUBSTATION",
                "FIRST_Keep_Topo": "YES",
                "FIRST_TDG": "TD",
                "COUNT_OBJECTID": 2,
                "TDG_Basis": "ISO_EXACT_GPT",
                "FROM_DEG": null,
                "TO_DEG": 2,
                "DEGREE": 2
            }
        },
        {
            "type": "Feature",
            "id": 208,
            "geometry": {
                "type": "Point",
                "coordinates": [
                    -70.50328178714804,
                    43.529136548619654
                ]
            },
            "properties": {
                "OBJECTID": 208,
                "ClusterID": "-7848389_5392862",
                "FIRST_Best_Sub": "LOUDEN",
                "FIRST_Best_Source": "HIFLD_AUTO",
                "FIRST_Node_Type": "SUBSTATION",
                "FIRST_Keep_Topo": "YES",
                "FIRST_TDG": "TD",
                "COUNT_OBJECTID": 7,
                "TDG_Basis": "ISO_EXACT_GPT",
                "FROM_DEG": 2,
                "TO_DEG": 5,
                "DEGREE": 7
            }
        },
        {
            "type": "Feature",
            "id": 209,
            "geometry": {
                "type": "Point",
                "coordinates": [
                    -70.521635880267212,
                    44.530535565814198
                ]
            },
            "properties": {
                "OBJECTID": 209,
                "ClusterID": "-7850433_5547914",
                "FIRST_Best_Sub": "NA_RUMFORD_POWER_LLC_GENERATOR",
                "FIRST_Best_Source": "MANUAL",
                "FIRST_Node_Type": "GENERATOR",
                "FIRST_Keep_Topo": "YES",
                "FIRST_TDG": "G",
                "COUNT_OBJECTID": 1,
                "TDG_Basis": "IMAGERY_REVIEWED",
                "FROM_DEG": 1,
                "TO_DEG": null,
                "DEGREE": 1
            }
        },
        {
            "type": "Feature",
            "id": 210,
            "geometry": {
                "type": "Point",
                "coordinates": [
                    -70.522998155632663,
                    44.531653251382345
                ]
            },
            "properties": {
                "OBJECTID": 210,
                "ClusterID": "-7850584_5548089",
                "FIRST_Best_Sub": "RUMFORD INDUSTRIAL PARK",
                "FIRST_Best_Source": "HIFLD_AUTO",
                "FIRST_Node_Type": "SUBSTATION",
                "FIRST_Keep_Topo": "YES",
                "FIRST_TDG": "TD",
                "COUNT_OBJECTID": 5,
                "TDG_Basis": "ISO_EXACT_GPT",
                "FROM_DEG": 2,
                "TO_DEG": 3,
                "DEGREE": 5
            }
        },
        {
            "type": "Feature",
            "id": 211,
            "geometry": {
                "type": "Point",
                "coordinates": [
                    -70.525817846036958,
                    45.385430869719592
                ]
            },
            "properties": {
                "OBJECTID": 211,
                "ClusterID": "-7850898_5682405",
                "FIRST_Best_Sub": "KIBBY_WIND_FACILITY",
                "FIRST_Best_Source": "MANUAL",
                "FIRST_Node_Type": "GENERATOR",
                "FIRST_Keep_Topo": "YES",
                "FIRST_TDG": "G",
                "COUNT_OBJECTID": 1,
                "TDG_Basis": "ISO_IMAGERY_REVIEWED",
                "FROM_DEG": null,
                "TO_DEG": 1,
                "DEGREE": 1
            }
        },
        {
            "type": "Feature",
            "id": 212,
            "geometry": {
                "type": "Point",
                "coordinates": [
                    -70.528156688930878,
                    44.207339794411837
                ]
            },
            "properties": {
                "OBJECTID": 212,
                "ClusterID": "-7851158_5497585",
                "FIRST_Best_Sub": "NORWAY",
                "FIRST_Best_Source": "HIFLD_AUTO",
                "FIRST_Node_Type": "SUBSTATION",
                "FIRST_Keep_Topo": "YES",
                "FIRST_TDG": "TD",
                "COUNT_OBJECTID": 2,
                "TDG_Basis": "ISO_EXACT_GPT",
                "FROM_DEG": 2,
                "TO_DEG": null,
                "DEGREE": 2
            }
        },
        {
            "type": "Feature",
            "id": 213,
            "geometry": {
                "type": "Point",
                "coordinates": [
                    -70.537036261528257,
                    43.483080649963057
                ]
            },
            "properties": {
                "OBJECTID": 213,
                "ClusterID": "-7852147_5385793",
                "FIRST_Best_Sub": "TAP136665",
                "FIRST_Best_Source": "HIFLD_AUTO",
                "FIRST_Node_Type": "TAP",
                "FIRST_Keep_Topo": "YES",
                "FIRST_TDG": "UNKNOWN",
                "COUNT_OBJECTID": 3,
                "TDG_Basis": "HIFLD_TAP",
                "FROM_DEG": 2,
                "TO_DEG": 1,
                "DEGREE": 3
            }
        },
        {
            "type": "Feature",
            "id": 214,
            "geometry": {
                "type": "Point",
                "coordinates": [
                    -70.541582610028343,
                    45.3553629699108
                ]
            },
            "properties": {
                "OBJECTID": 214,
                "ClusterID": "-7852653_5677641",
                "FIRST_Best_Sub": "KIBBY_WIND_FARM_SUBSTATION",
                "FIRST_Best_Source": "MANUAL",
                "FIRST_Node_Type": "SUBSTATION",
                "FIRST_Keep_Topo": "YES",
                "FIRST_TDG": "TG",
                "COUNT_OBJECTID": 2,
                "TDG_Basis": "ISO_OSM",
                "FROM_DEG": 2,
                "TO_DEG": null,
                "DEGREE": 2
            }
        },
        {
            "type": "Feature",
            "id": 215,
            "geometry": {
                "type": "Point",
                "coordinates": [
                    -70.542846712109679,
                    44.550695616518958
                ]
            },
            "properties": {
                "OBJECTID": 215,
                "ClusterID": "-7852794_5551063",
                "FIRST_Best_Sub": "UNKNOWN133729",
                "FIRST_Best_Source": "MANUAL",
                "FIRST_Node_Type": "SUBSTATION",
                "FIRST_Keep_Topo": "YES",
                "FIRST_TDG": "UNKNOWN",
                "COUNT_OBJECTID": 1,
                "TDG_Basis": "HIFLD_UNKNOWN",
                "FROM_DEG": 1,
                "TO_DEG": null,
                "DEGREE": 1
            }
        },
        {
            "type": "Feature",
            "id": 216,
            "geometry": {
                "type": "Point",
                "coordinates": [
                    -70.544631161522645,
                    44.537277872043816
                ]
            },
            "properties": {
                "OBJECTID": 216,
                "ClusterID": "-7852992_5548967",
                "FIRST_Best_Sub": "RUMFORD",
                "FIRST_Best_Source": "MANUAL",
                "FIRST_Node_Type": "SUBSTATION",
                "FIRST_Keep_Topo": "YES",
                "FIRST_TDG": "T",
                "COUNT_OBJECTID": 4,
                "TDG_Basis": "ISO_OSM",
                "FROM_DEG": null,
                "TO_DEG": 4,
                "DEGREE": 4
            }
        },
        {
            "type": "Feature",
            "id": 217,
            "geometry": {
                "type": "Point",
                "coordinates": [
                    -70.544666704265154,
                    44.539260616013316
                ]
            },
            "properties": {
                "OBJECTID": 217,
                "ClusterID": "-7852996_5549277",
                "FIRST_Best_Sub": "NA_BROOKFIELD_RENEWABLE_POWER",
                "FIRST_Best_Source": "MANUAL",
                "FIRST_Node_Type": "GENERATOR",
                "FIRST_Keep_Topo": "YES",
                "FIRST_TDG": "G",
                "COUNT_OBJECTID": 1,
                "TDG_Basis": "IMAGERY_REVIEWED",
                "FROM_DEG": 1,
                "TO_DEG": null,
                "DEGREE": 1
            }
        },
        {
            "type": "Feature",
            "id": 218,
            "geometry": {
                "type": "Point",
                "coordinates": [
                    -70.553367036912206,
                    43.663321468709782
                ]
            },
            "properties": {
                "OBJECTID": 218,
                "ClusterID": "-7853965_5413487",
                "FIRST_Best_Sub": "BUXTON",
                "FIRST_Best_Source": "HIFLD_AUTO",
                "FIRST_Node_Type": "SUBSTATION",
                "FIRST_Keep_Topo": "YES",
                "FIRST_TDG": "T",
                "COUNT_OBJECTID": 5,
                "TDG_Basis": "ISO_EXACT",
                "FROM_DEG": 4,
                "TO_DEG": 1,
                "DEGREE": 5
            }
        },
        {
            "type": "Feature",
            "id": 219,
            "geometry": {
                "type": "Point",
                "coordinates": [
                    -70.557671822144229,
                    43.570835691533048
                ]
            },
            "properties": {
                "OBJECTID": 219,
                "ClusterID": "-7854444_5399266",
                "FIRST_Best_Sub": "NA_SKELTON_DAM_GENERATOR_HOUSE",
                "FIRST_Best_Source": "MANUAL",
                "FIRST_Node_Type": "GENERATOR",
                "FIRST_Keep_Topo": "YES",
                "FIRST_TDG": "G",
                "COUNT_OBJECTID": 1,
                "TDG_Basis": "IMAGERY_REVIEWED",
                "FROM_DEG": 1,
                "TO_DEG": null,
                "DEGREE": 1
            }
        },
        {
            "type": "Feature",
            "id": 220,
            "geometry": {
                "type": "Point",
                "coordinates": [
                    -70.558383189034558,
                    43.36556862070988
                ]
            },
            "properties": {
                "OBJECTID": 220,
                "ClusterID": "-7854523_5367782",
                "FIRST_Best_Sub": "BRANCH_BROOK",
                "FIRST_Best_Source": "MANUAL",
                "FIRST_Node_Type": "SUBSTATION",
                "FIRST_Keep_Topo": "YES",
                "FIRST_TDG": "TD",
                "COUNT_OBJECTID": 1,
                "TDG_Basis": "ISO_OSM_GPT",
                "FROM_DEG": null,
                "TO_DEG": 1,
                "DEGREE": 1
            }
        },
        {
            "type": "Feature",
            "id": 221,
            "geometry": {
                "type": "Point",
                "coordinates": [
                    -70.596555565405666,
                    43.665936754880647
                ]
            },
            "properties": {
                "OBJECTID": 221,
                "ClusterID": "-7858773_5413890",
                "FIRST_Best_Sub": "WEST BUXTON",
                "FIRST_Best_Source": "HIFLD_AUTO",
                "FIRST_Node_Type": "SUBSTATION",
                "FIRST_Keep_Topo": "YES",
                "FIRST_TDG": "T",
                "COUNT_OBJECTID": 4,
                "TDG_Basis": "ISO_EXACT",
                "FROM_DEG": 2,
                "TO_DEG": 2,
                "DEGREE": 4
            }
        },
        {
            "type": "Feature",
            "id": 222,
            "geometry": {
                "type": "Point",
                "coordinates": [
                    -70.606847102780065,
                    43.418651682833001
                ]
            },
            "properties": {
                "OBJECTID": 222,
                "ClusterID": "-7859918_5375914",
                "FIRST_Best_Sub": "WEST_KENNEBUNK",
                "FIRST_Best_Source": "MANUAL",
                "FIRST_Node_Type": "SUBSTATION",
                "FIRST_Keep_Topo": "YES",
                "FIRST_TDG": "D?",
                "COUNT_OBJECTID": 1,
                "TDG_Basis": "OSM",
                "FROM_DEG": 1,
                "TO_DEG": null,
                "DEGREE": 1
            }
        },
        {
            "type": "Feature",
            "id": 223,
            "geometry": {
                "type": "Point",
                "coordinates": [
                    -70.607834836367587,
                    43.419489662290012
                ]
            },
            "properties": {
                "OBJECTID": 223,
                "ClusterID": "-7860028_5376042",
                "FIRST_Best_Sub": "TAP136666",
                "FIRST_Best_Source": "HIFLD_AUTO",
                "FIRST_Node_Type": "TAP",
                "FIRST_Keep_Topo": "YES",
                "FIRST_TDG": "UNKNOWN",
                "COUNT_OBJECTID": 3,
                "TDG_Basis": "HIFLD_TAP",
                "FROM_DEG": 1,
                "TO_DEG": 2,
                "DEGREE": 3
            }
        },
        {
            "type": "Feature",
            "id": 224,
            "geometry": {
                "type": "Point",
                "coordinates": [
                    -70.610841492233604,
                    43.68731349293823
                ]
            },
            "properties": {
                "OBJECTID": 224,
                "ClusterID": "-7860363_5417180",
                "FIRST_Best_Sub": "BONNY_EAGLE",
                "FIRST_Best_Source": "MANUAL",
                "FIRST_Node_Type": "SUBSTATION",
                "FIRST_Keep_Topo": "YES",
                "FIRST_TDG": "D",
                "COUNT_OBJECTID": 2,
                "TDG_Basis": "CMP_ISO_OSM",
                "FROM_DEG": 1,
                "TO_DEG": 1,
                "DEGREE": 2
            }
        },
        {
            "type": "Feature",
            "id": 225,
            "geometry": {
                "type": "Point",
                "coordinates": [
                    -70.611528609102876,
                    43.687679687700395
                ]
            },
            "properties": {
                "OBJECTID": 225,
                "ClusterID": "-7860439_5417236",
                "FIRST_Best_Sub": "NA_BONNY_EAGLE_POWER_PLANT",
                "FIRST_Best_Source": "MANUAL",
                "FIRST_Node_Type": "GENERATOR",
                "FIRST_Keep_Topo": "YES",
                "FIRST_TDG": "G",
                "COUNT_OBJECTID": 1,
                "TDG_Basis": "IMAGERY_REVIEWED",
                "FROM_DEG": 1,
                "TO_DEG": null,
                "DEGREE": 1
            }
        },
        {
            "type": "Feature",
            "id": 226,
            "geometry": {
                "type": "Point",
                "coordinates": [
                    -70.617835498354665,
                    43.396944669788169
                ]
            },
            "properties": {
                "OBJECTID": 226,
                "ClusterID": "-7861141_5372587",
                "FIRST_Best_Sub": "MAGUIRE ROAD",
                "FIRST_Best_Source": "HIFLD_AUTO",
                "FIRST_Node_Type": "SUBSTATION",
                "FIRST_Keep_Topo": "YES",
                "FIRST_TDG": "T",
                "COUNT_OBJECTID": 8,
                "TDG_Basis": "ISO_EXACT",
                "FROM_DEG": 4,
                "TO_DEG": 4,
                "DEGREE": 8
            }
        },
        {
            "type": "Feature",
            "id": 227,
            "geometry": {
                "type": "Point",
                "coordinates": [
                    -70.629343688797064,
                    44.389433633907288
                ]
            },
            "properties": {
                "OBJECTID": 227,
                "ClusterID": "-7862423_5525907",
                "FIRST_Best_Sub": "WOODSTOCK",
                "FIRST_Best_Source": "HIFLD_AUTO",
                "FIRST_Node_Type": "SUBSTATION",
                "FIRST_Keep_Topo": "YES",
                "FIRST_TDG": "TD",
                "COUNT_OBJECTID": 4,
                "TDG_Basis": "ISO_EXACT_GPT",
                "FROM_DEG": 3,
                "TO_DEG": 1,
                "DEGREE": 4
            }
        },
        {
            "type": "Feature",
            "id": 228,
            "geometry": {
                "type": "Point",
                "coordinates": [
                    -70.63371850579027,
                    44.151802772215341
                ]
            },
            "properties": {
                "OBJECTID": 228,
                "ClusterID": "-7862910_5488964",
                "FIRST_Best_Sub": "KIMBALL ROAD",
                "FIRST_Best_Source": "HIFLD_AUTO",
                "FIRST_Node_Type": "SUBSTATION",
                "FIRST_Keep_Topo": "YES",
                "FIRST_TDG": "TD",
                "COUNT_OBJECTID": 5,
                "TDG_Basis": "ISO_EXACT_GPT",
                "FROM_DEG": 1,
                "TO_DEG": 4,
                "DEGREE": 5
            }
        },
        {
            "type": "Feature",
            "id": 229,
            "geometry": {
                "type": "Point",
                "coordinates": [
                    -70.69575259389822,
                    43.576785315110541
                ]
            },
            "properties": {
                "OBJECTID": 229,
                "ClusterID": "-7869815_5400181",
                "FIRST_Best_Sub": "WATERBORO",
                "FIRST_Best_Source": "HIFLD_AUTO",
                "FIRST_Node_Type": "SUBSTATION",
                "FIRST_Keep_Topo": "YES",
                "FIRST_TDG": "TD",
                "COUNT_OBJECTID": 2,
                "TDG_Basis": "ISO_EXACT_GPT",
                "FROM_DEG": 1,
                "TO_DEG": 1,
                "DEGREE": 2
            }
        },
        {
            "type": "Feature",
            "id": 230,
            "geometry": {
                "type": "Point",
                "coordinates": [
                    -70.734646411765596,
                    43.429105522016059
                ]
            },
            "properties": {
                "OBJECTID": 230,
                "ClusterID": "-7874145_5377516",
                "FIRST_Best_Sub": "SANFORD",
                "FIRST_Best_Source": "MANUAL",
                "FIRST_Node_Type": "SUBSTATION",
                "FIRST_Keep_Topo": "YES",
                "FIRST_TDG": "T",
                "COUNT_OBJECTID": 2,
                "TDG_Basis": "ISO_OSM",
                "FROM_DEG": 1,
                "TO_DEG": 1,
                "DEGREE": 2
            }
        },
        {
            "type": "Feature",
            "id": 231,
            "geometry": {
                "type": "Point",
                "coordinates": [
                    -70.742748076564581,
                    43.288224337314205
                ]
            },
            "properties": {
                "OBJECTID": 231,
                "ClusterID": "-7875047_5355946",
                "FIRST_Best_Sub": "QUAKER HILL",
                "FIRST_Best_Source": "HIFLD_AUTO",
                "FIRST_Node_Type": "SUBSTATION",
                "FIRST_Keep_Topo": "YES",
                "FIRST_TDG": "T",
                "COUNT_OBJECTID": 2,
                "TDG_Basis": "ISO_EXACT",
                "FROM_DEG": 1,
                "TO_DEG": 1,
                "DEGREE": 2
            }
        },
        {
            "type": "Feature",
            "id": 232,
            "geometry": {
                "type": "Point",
                "coordinates": [
                    -70.778675399547268,
                    43.092895943784164
                ]
            },
            "properties": {
                "OBJECTID": 232,
                "ClusterID": "-7879046_5326122",
                "FIRST_Best_Sub": "RESISTANCE",
                "FIRST_Best_Source": "MANUAL",
                "FIRST_Node_Type": "SUBSTATION",
                "FIRST_Keep_Topo": "YES",
                "FIRST_TDG": "D?",
                "COUNT_OBJECTID": 1,
                "TDG_Basis": "OSM",
                "FROM_DEG": null,
                "TO_DEG": 1,
                "DEGREE": 1
            }
        },
        {
            "type": "Feature",
            "id": 233,
            "geometry": {
                "type": "Point",
                "coordinates": [
                    -70.783800250513877,
                    43.097590606964793
                ]
            },
            "properties": {
                "OBJECTID": 233,
                "ClusterID": "-7879617_5326838",
                "FIRST_Best_Sub": "NEWINGTON_GEN",
                "FIRST_Best_Source": "MANUAL",
                "FIRST_Node_Type": "GENERATOR",
                "FIRST_Keep_Topo": "YES",
                "FIRST_TDG": "G",
                "COUNT_OBJECTID": 1,
                "TDG_Basis": "ISO_IMAGERY_REVIEWED",
                "FROM_DEG": null,
                "TO_DEG": 1,
                "DEGREE": 1
            }
        },
        {
            "type": "Feature",
            "id": 234,
            "geometry": {
                "type": "Point",
                "coordinates": [
                    -70.786019567169419,
                    43.097347519063653
                ]
            },
            "properties": {
                "OBJECTID": 234,
                "ClusterID": "-7879864_5326801",
                "FIRST_Best_Sub": "NEWINGTON 115KV",
                "FIRST_Best_Source": "HIFLD_AUTO",
                "FIRST_Node_Type": "SUBSTATION",
                "FIRST_Keep_Topo": "YES",
                "FIRST_TDG": "TG",
                "COUNT_OBJECTID": 6,
                "TDG_Basis": "GENERATOR_INTERFACE",
                "FROM_DEG": 2,
                "TO_DEG": 3,
                "DEGREE": 5
            }
        },
        {
            "type": "Feature",
            "id": 235,
            "geometry": {
                "type": "Point",
                "coordinates": [
                    -70.786721115473711,
                    43.093882597707641
                ]
            },
            "properties": {
                "OBJECTID": 235,
                "ClusterID": "-7879942_5326273",
                "FIRST_Best_Sub": "TAP136661",
                "FIRST_Best_Source": "HIFLD_AUTO",
                "FIRST_Node_Type": "TAP",
                "FIRST_Keep_Topo": "YES",
                "FIRST_TDG": "UNKNOWN",
                "COUNT_OBJECTID": 3,
                "TDG_Basis": "HIFLD_TAP",
                "FROM_DEG": 2,
                "TO_DEG": 1,
                "DEGREE": 3
            }
        },
        {
            "type": "Feature",
            "id": 236,
            "geometry": {
                "type": "Point",
                "coordinates": [
                    -70.787287075662263,
                    43.094871394535495
                ]
            },
            "properties": {
                "OBJECTID": 236,
                "ClusterID": "-7880005_5326423",
                "FIRST_Best_Sub": "PORTSMOUTH",
                "FIRST_Best_Source": "MANUAL",
                "FIRST_Node_Type": "SUBSTATION",
                "FIRST_Keep_Topo": "YES",
                "FIRST_TDG": "T",
                "COUNT_OBJECTID": 3,
                "TDG_Basis": "ISO_OSM",
                "FROM_DEG": 2,
                "TO_DEG": null,
                "DEGREE": 2
            }
        },
        {
            "type": "Feature",
            "id": 237,
            "geometry": {
                "type": "Point",
                "coordinates": [
                    -70.791091880166661,
                    43.099735683211989
                ]
            },
            "properties": {
                "OBJECTID": 237,
                "ClusterID": "-7880428_5327165",
                "FIRST_Best_Sub": "NA_GRANITE_SHORE_POWER_GENERATOR",
                "FIRST_Best_Source": "MANUAL",
                "FIRST_Node_Type": "GENERATOR",
                "FIRST_Keep_Topo": "YES",
                "FIRST_TDG": "G",
                "COUNT_OBJECTID": 1,
                "TDG_Basis": "IMAGERY_REVIEWED",
                "FROM_DEG": null,
                "TO_DEG": 1,
                "DEGREE": 1
            }
        },
        {
            "type": "Feature",
            "id": 238,
            "geometry": {
                "type": "Point",
                "coordinates": [
                    -70.792265832715984,
                    43.09810052411391
                ]
            },
            "properties": {
                "OBJECTID": 238,
                "ClusterID": "-7880559_5326916",
                "FIRST_Best_Sub": "NEWINGTON 345KV",
                "FIRST_Best_Source": "HIFLD_AUTO",
                "FIRST_Node_Type": "SUBSTATION",
                "FIRST_Keep_Topo": "YES",
                "FIRST_TDG": "TG",
                "COUNT_OBJECTID": 4,
                "TDG_Basis": "GENERATOR_INTERFACE",
                "FROM_DEG": 3,
                "TO_DEG": null,
                "DEGREE": 3
            }
        },
        {
            "type": "Feature",
            "id": 239,
            "geometry": {
                "type": "Point",
                "coordinates": [
                    -70.805101972998486,
                    43.10491011131429
                ]
            },
            "properties": {
                "OBJECTID": 239,
                "ClusterID": "-7881988_5327954",
                "FIRST_Best_Sub": "NA_ESSENTIAL_POWER_GENERATOR_NEWINGTON",
                "FIRST_Best_Source": "MANUAL",
                "FIRST_Node_Type": "GENERATOR",
                "FIRST_Keep_Topo": "YES",
                "FIRST_TDG": "G",
                "COUNT_OBJECTID": 1,
                "TDG_Basis": "IMAGERY_REVIEWED",
                "FROM_DEG": null,
                "TO_DEG": 1,
                "DEGREE": 1
            }
        },
        {
            "type": "Feature",
            "id": 240,
            "geometry": {
                "type": "Point",
                "coordinates": [
                    -70.805959769771704,
                    43.105326516870228
                ]
            },
            "properties": {
                "OBJECTID": 240,
                "ClusterID": "-7882083_5328017",
                "FIRST_Best_Sub": "NEWINGTON_ENERGY_SUBSTATION",
                "FIRST_Best_Source": "MANUAL",
                "FIRST_Node_Type": "SUBSTATION",
                "FIRST_Keep_Topo": "YES",
                "FIRST_TDG": "TG",
                "COUNT_OBJECTID": 2,
                "TDG_Basis": "ISO_OSM",
                "FROM_DEG": 1,
                "TO_DEG": 1,
                "DEGREE": 2
            }
        },
        {
            "type": "Feature",
            "id": 241,
            "geometry": {
                "type": "Point",
                "coordinates": [
                    -70.812274761827368,
                    43.042427449047025
                ]
            },
            "properties": {
                "OBJECTID": 241,
                "ClusterID": "-7882786_5318432",
                "FIRST_Best_Sub": "TAP136927",
                "FIRST_Best_Source": "HIFLD_AUTO",
                "FIRST_Node_Type": "TAP",
                "FIRST_Keep_Topo": "YES",
                "FIRST_TDG": "UNKNOWN",
                "COUNT_OBJECTID": 3,
                "TDG_Basis": "HIFLD_TAP",
                "FROM_DEG": 1,
                "TO_DEG": 2,
                "DEGREE": 3
            }
        },
        {
            "type": "Feature",
            "id": 242,
            "geometry": {
                "type": "Point",
                "coordinates": [
                    -70.812474011750624,
                    43.04226166783635
                ]
            },
            "properties": {
                "OBJECTID": 242,
                "ClusterID": "-7882809_5318407",
                "FIRST_Best_Sub": "TAP136926",
                "FIRST_Best_Source": "HIFLD_AUTO",
                "FIRST_Node_Type": "TAP",
                "FIRST_Keep_Topo": "YES",
                "FIRST_TDG": "UNKNOWN",
                "COUNT_OBJECTID": 3,
                "TDG_Basis": "HIFLD_TAP",
                "FROM_DEG": 1,
                "TO_DEG": 2,
                "DEGREE": 3
            }
        },
        {
            "type": "Feature",
            "id": 243,
            "geometry": {
                "type": "Point",
                "coordinates": [
                    -70.813193274832329,
                    43.042304106188233
                ]
            },
            "properties": {
                "OBJECTID": 243,
                "ClusterID": "-7882889_5318413",
                "FIRST_Best_Sub": "OCEAN_ROAD",
                "FIRST_Best_Source": "MANUAL",
                "FIRST_Node_Type": "SUBSTATION",
                "FIRST_Keep_Topo": "YES",
                "FIRST_TDG": "T",
                "COUNT_OBJECTID": 4,
                "TDG_Basis": "ISO_OSM",
                "FROM_DEG": 1,
                "TO_DEG": 3,
                "DEGREE": 4
            }
        },
        {
            "type": "Feature",
            "id": 244,
            "geometry": {
                "type": "Point",
                "coordinates": [
                    -70.815046483992148,
                    43.042662743885636
                ]
            },
            "properties": {
                "OBJECTID": 244,
                "ClusterID": "-7883095_5318468",
                "FIRST_Best_Sub": "OCEAN_ROAD",
                "FIRST_Best_Source": "MANUAL",
                "FIRST_Node_Type": "SUBSTATION",
                "FIRST_Keep_Topo": "YES",
                "FIRST_TDG": "T",
                "COUNT_OBJECTID": 2,
                "TDG_Basis": "ISO_OSM",
                "FROM_DEG": 2,
                "TO_DEG": null,
                "DEGREE": 2
            }
        },
        {
            "type": "Feature",
            "id": 245,
            "geometry": {
                "type": "Point",
                "coordinates": [
                    -70.817731685818586,
                    43.167643457032504
                ]
            },
            "properties": {
                "OBJECTID": 245,
                "ClusterID": "-7883394_5337524",
                "FIRST_Best_Sub": "ELIOT",
                "FIRST_Best_Source": "HIFLD_AUTO",
                "FIRST_Node_Type": "SUBSTATION",
                "FIRST_Keep_Topo": "YES",
                "FIRST_TDG": "TD",
                "COUNT_OBJECTID": 3,
                "TDG_Basis": "ISO_EXACT_GPT",
                "FROM_DEG": 1,
                "TO_DEG": null,
                "DEGREE": 1
            }
        },
        {
            "type": "Feature",
            "id": 246,
            "geometry": {
                "type": "Point",
                "coordinates": [
                    -70.82087140643273,
                    43.168251885171927
                ]
            },
            "properties": {
                "OBJECTID": 246,
                "ClusterID": "-7883743_5337617",
                "FIRST_Best_Sub": "THREE RIVERS",
                "FIRST_Best_Source": "HIFLD_AUTO",
                "FIRST_Node_Type": "SUBSTATION",
                "FIRST_Keep_Topo": "YES",
                "FIRST_TDG": "T",
                "COUNT_OBJECTID": 4,
                "TDG_Basis": "ISO_EXACT",
                "FROM_DEG": 2,
                "TO_DEG": 1,
                "DEGREE": 3
            }
        },
        {
            "type": "Feature",
            "id": 247,
            "geometry": {
                "type": "Point",
                "coordinates": [
                    -70.849681472640754,
                    42.899519966521076
                ]
            },
            "properties": {
                "OBJECTID": 247,
                "ClusterID": "-7886950_5296690",
                "FIRST_Best_Sub": "NA_NEXTERA_ENERGY_SEABROOK_STATION_GENERATOR",
                "FIRST_Best_Source": "MANUAL",
                "FIRST_Node_Type": "GENERATOR",
                "FIRST_Keep_Topo": "YES",
                "FIRST_TDG": "G",
                "COUNT_OBJECTID": 1,
                "TDG_Basis": "IMAGERY_REVIEWED",
                "FROM_DEG": null,
                "TO_DEG": 1,
                "DEGREE": 1
            }
        },
        {
            "type": "Feature",
            "id": 248,
            "geometry": {
                "type": "Point",
                "coordinates": [
                    -70.853872393715562,
                    42.900774265383561
                ]
            },
            "properties": {
                "OBJECTID": 248,
                "ClusterID": "-7887417_5296881",
                "FIRST_Best_Sub": "SEABROOK_TRANSITION_STATION",
                "FIRST_Best_Source": "MANUAL",
                "FIRST_Node_Type": "SUBSTATION",
                "FIRST_Keep_Topo": "YES",
                "FIRST_TDG": "TG",
                "COUNT_OBJECTID": 4,
                "TDG_Basis": "ISO_OSM",
                "FROM_DEG": 1,
                "TO_DEG": 2,
                "DEGREE": 3
            }
        },
        {
            "type": "Feature",
            "id": 249,
            "geometry": {
                "type": "Point",
                "coordinates": [
                    -70.863480639247243,
                    43.198206142330456
                ]
            },
            "properties": {
                "OBJECTID": 249,
                "ClusterID": "-7888487_5342190",
                "FIRST_Best_Sub": "DOVER",
                "FIRST_Best_Source": "HIFLD_AUTO",
                "FIRST_Node_Type": "SUBSTATION",
                "FIRST_Keep_Topo": "YES",
                "FIRST_TDG": "TD",
                "COUNT_OBJECTID": 2,
                "TDG_Basis": "ISO_EXACT_GPT",
                "FROM_DEG": 1,
                "TO_DEG": 1,
                "DEGREE": 2
            }
        },
        {
            "type": "Feature",
            "id": 250,
            "geometry": {
                "type": "Point",
                "coordinates": [
                    -70.868826296110697,
                    42.949840692553472
                ]
            },
            "properties": {
                "OBJECTID": 250,
                "ClusterID": "-7889082_5304340",
                "FIRST_Best_Sub": "TIMBER SWAMP",
                "FIRST_Best_Source": "HIFLD_AUTO",
                "FIRST_Node_Type": "SUBSTATION",
                "FIRST_Keep_Topo": "YES",
                "FIRST_TDG": "T",
                "COUNT_OBJECTID": 2,
                "TDG_Basis": "ISO_EXACT",
                "FROM_DEG": 1,
                "TO_DEG": 1,
                "DEGREE": 2
            }
        },
        {
            "type": "Feature",
            "id": 251,
            "geometry": {
                "type": "Point",
                "coordinates": [
                    -70.886900827225233,
                    43.00880775322009
                ]
            },
            "properties": {
                "OBJECTID": 251,
                "ClusterID": "-7891094_5313313",
                "FIRST_Best_Sub": "GREAT_BAY",
                "FIRST_Best_Source": "MANUAL",
                "FIRST_Node_Type": "SUBSTATION",
                "FIRST_Keep_Topo": "YES",
                "FIRST_TDG": "T",
                "COUNT_OBJECTID": 2,
                "TDG_Basis": "ISO_OSM",
                "FROM_DEG": 1,
                "TO_DEG": 1,
                "DEGREE": 2
            }
        },
        {
            "type": "Feature",
            "id": 252,
            "geometry": {
                "type": "Point",
                "coordinates": [
                    -70.888466059861159,
                    44.121936699774125
                ]
            },
            "properties": {
                "OBJECTID": 252,
                "ClusterID": "-7891268_5484332",
                "FIRST_Best_Sub": "LOVELL",
                "FIRST_Best_Source": "MANUAL",
                "FIRST_Node_Type": "SUBSTATION",
                "FIRST_Keep_Topo": "YES",
                "FIRST_TDG": "TD",
                "COUNT_OBJECTID": 2,
                "TDG_Basis": "ISO_GPT",
                "FROM_DEG": 1,
                "TO_DEG": 1,
                "DEGREE": 2
            }
        },
        {
            "type": "Feature",
            "id": 253,
            "geometry": {
                "type": "Point",
                "coordinates": [
                    -70.931372366438396,
                    43.160167978597435
                ]
            },
            "properties": {
                "OBJECTID": 253,
                "ClusterID": "-7896044_5336383",
                "FIRST_Best_Sub": "MADBURY",
                "FIRST_Best_Source": "HIFLD_AUTO",
                "FIRST_Node_Type": "SUBSTATION",
                "FIRST_Keep_Topo": "YES",
                "FIRST_TDG": "T",
                "COUNT_OBJECTID": 3,
                "TDG_Basis": "ISO_EXACT",
                "FROM_DEG": 3,
                "TO_DEG": null,
                "DEGREE": 3
            }
        },
        {
            "type": "Feature",
            "id": 254,
            "geometry": {
                "type": "Point",
                "coordinates": [
                    -70.994898947898733,
                    43.385948496794406
                ]
            },
            "properties": {
                "OBJECTID": 254,
                "ClusterID": "-7903116_5370903",
                "FIRST_Best_Sub": "UNKNOWN136930",
                "FIRST_Best_Source": "HIFLD_AUTO",
                "FIRST_Node_Type": "SUBSTATION",
                "FIRST_Keep_Topo": "YES",
                "FIRST_TDG": "UNKNOWN",
                "COUNT_OBJECTID": 2,
                "TDG_Basis": "HIFLD_UNKNOWN",
                "FROM_DEG": 1,
                "TO_DEG": 1,
                "DEGREE": 2
            }
        },
        {
            "type": "Feature",
            "id": 255,
            "geometry": {
                "type": "Point",
                "coordinates": [
                    -70.995982767085636,
                    43.387596338740622
                ]
            },
            "properties": {
                "OBJECTID": 255,
                "ClusterID": "-7903237_5371155",
                "FIRST_Best_Sub": "TASKER_FARM",
                "FIRST_Best_Source": "MANUAL",
                "FIRST_Node_Type": "SUBSTATION",
                "FIRST_Keep_Topo": "YES",
                "FIRST_TDG": "D?",
                "COUNT_OBJECTID": 1,
                "TDG_Basis": "OSM",
                "FROM_DEG": null,
                "TO_DEG": 1,
                "DEGREE": 1
            }
        },
        {
            "type": "Feature",
            "id": 256,
            "geometry": {
                "type": "Point",
                "coordinates": [
                    -70.997797451096119,
                    43.30794091245118
                ]
            },
            "properties": {
                "OBJECTID": 256,
                "ClusterID": "-7903439_5358962",
                "FIRST_Best_Sub": "ROCHESTER",
                "FIRST_Best_Source": "MANUAL",
                "FIRST_Node_Type": "SUBSTATION",
                "FIRST_Keep_Topo": "YES",
                "FIRST_TDG": "D?",
                "COUNT_OBJECTID": 2,
                "TDG_Basis": "OSM",
                "FROM_DEG": 1,
                "TO_DEG": 1,
                "DEGREE": 2
            }
        },
        {
            "type": "Feature",
            "id": 257,
            "geometry": {
                "type": "Point",
                "coordinates": [
                    -70.998444138387697,
                    43.308804358820673
                ]
            },
            "properties": {
                "OBJECTID": 257,
                "ClusterID": "-7903511_5359094",
                "FIRST_Best_Sub": "EASTPORT",
                "FIRST_Best_Source": "MANUAL",
                "FIRST_Node_Type": "SUBSTATION",
                "FIRST_Keep_Topo": "YES",
                "FIRST_TDG": "T",
                "COUNT_OBJECTID": 5,
                "TDG_Basis": "ISO_OSM",
                "FROM_DEG": 2,
                "TO_DEG": 3,
                "DEGREE": 5
            }
        },
        {
            "type": "Feature",
            "id": 258,
            "geometry": {
                "type": "Point",
                "coordinates": [
                    -71.083813859649283,
                    42.98368755441097
                ]
            },
            "properties": {
                "OBJECTID": 258,
                "ClusterID": "-7913014_5309489",
                "FIRST_Best_Sub": "BRENTWOOD",
                "FIRST_Best_Source": "MANUAL",
                "FIRST_Node_Type": "SUBSTATION",
                "FIRST_Keep_Topo": "YES",
                "FIRST_TDG": "T",
                "COUNT_OBJECTID": 2,
                "TDG_Basis": "ISO_OSM",
                "FROM_DEG": 1,
                "TO_DEG": 1,
                "DEGREE": 2
            }
        },
        {
            "type": "Feature",
            "id": 259,
            "geometry": {
                "type": "Point",
                "coordinates": [
                    -71.084396444060459,
                    42.894021304985642
                ]
            },
            "properties": {
                "OBJECTID": 259,
                "ClusterID": "-7913079_5295855",
                "FIRST_Best_Sub": "KINGSTON",
                "FIRST_Best_Source": "MANUAL",
                "FIRST_Node_Type": "SUBSTATION",
                "FIRST_Keep_Topo": "YES",
                "FIRST_TDG": "T",
                "COUNT_OBJECTID": 1,
                "TDG_Basis": "ISO_OSM",
                "FROM_DEG": null,
                "TO_DEG": 1,
                "DEGREE": 1
            }
        },
        {
            "type": "Feature",
            "id": 260,
            "geometry": {
                "type": "Point",
                "coordinates": [
                    -71.087576473878073,
                    44.007634222154934
                ]
            },
            "properties": {
                "OBJECTID": 260,
                "ClusterID": "-7913433_5466624",
                "FIRST_Best_Sub": "SACO_VALLEY",
                "FIRST_Best_Source": "MANUAL",
                "FIRST_Node_Type": "SUBSTATION",
                "FIRST_Keep_Topo": "YES",
                "FIRST_TDG": "T",
                "COUNT_OBJECTID": 3,
                "TDG_Basis": "ISO_OSM",
                "FROM_DEG": 2,
                "TO_DEG": 1,
                "DEGREE": 3
            }
        },
        {
            "type": "Feature",
            "id": 261,
            "geometry": {
                "type": "Point",
                "coordinates": [
                    -71.088209999952426,
                    42.895990000196726
                ]
            },
            "properties": {
                "OBJECTID": 261,
                "ClusterID": "-7913503_5296154",
                "FIRST_Best_Sub": "PEASELEE",
                "FIRST_Best_Source": "MANUAL",
                "FIRST_Node_Type": "SUBSTATION",
                "FIRST_Keep_Topo": "YES",
                "FIRST_TDG": "T",
                "COUNT_OBJECTID": 2,
                "TDG_Basis": "ISO_OSM",
                "FROM_DEG": 1,
                "TO_DEG": 1,
                "DEGREE": 2
            }
        },
        {
            "type": "Feature",
            "id": 262,
            "geometry": {
                "type": "Point",
                "coordinates": [
                    -71.145942951785045,
                    42.954572699929024
                ]
            },
            "properties": {
                "OBJECTID": 262,
                "ClusterID": "-7919930_5305060",
                "FIRST_Best_Sub": "TAP137039",
                "FIRST_Best_Source": "HIFLD_AUTO",
                "FIRST_Node_Type": "SUBSTATION",
                "FIRST_Keep_Topo": "YES",
                "FIRST_TDG": "UNKNOWN",
                "COUNT_OBJECTID": 3,
                "TDG_Basis": "UNRESOLVED",
                "FROM_DEG": 3,
                "TO_DEG": null,
                "DEGREE": 3
            }
        },
        {
            "type": "Feature",
            "id": 263,
            "geometry": {
                "type": "Point",
                "coordinates": [
                    -71.150813014485934,
                    43.759043700236248
                ]
            },
            "properties": {
                "OBJECTID": 263,
                "ClusterID": "-7920472_5428229",
                "FIRST_Best_Sub": "UNKNOWN132706",
                "FIRST_Best_Source": "MANUAL",
                "FIRST_Node_Type": "SUBSTATION",
                "FIRST_Keep_Topo": "YES",
                "FIRST_TDG": "UNKNOWN",
                "COUNT_OBJECTID": 1,
                "TDG_Basis": "HIFLD_UNKNOWN",
                "FROM_DEG": 1,
                "TO_DEG": null,
                "DEGREE": 1
            }
        },
        {
            "type": "Feature",
            "id": 264,
            "geometry": {
                "type": "Point",
                "coordinates": [
                    -71.152500615629847,
                    44.092666555855004
                ]
            },
            "properties": {
                "OBJECTID": 264,
                "ClusterID": "-7920660_5479794",
                "FIRST_Best_Sub": "INTERVALE",
                "FIRST_Best_Source": "MANUAL",
                "FIRST_Node_Type": "SUBSTATION",
                "FIRST_Keep_Topo": "YES",
                "FIRST_TDG": "T",
                "COUNT_OBJECTID": 1,
                "TDG_Basis": "ISO_OSM",
                "FROM_DEG": null,
                "TO_DEG": 1,
                "DEGREE": 1
            }
        },
        {
            "type": "Feature",
            "id": 265,
            "geometry": {
                "type": "Point",
                "coordinates": [
                    -71.179471928367661,
                    44.463094979751169
                ]
            },
            "properties": {
                "OBJECTID": 265,
                "ClusterID": "-7923663_5537389",
                "FIRST_Best_Sub": "BERLIN_EASTSIDE",
                "FIRST_Best_Source": "MANUAL",
                "FIRST_Node_Type": "SUBSTATION",
                "FIRST_Keep_Topo": "YES",
                "FIRST_TDG": "UNKNOWN",
                "COUNT_OBJECTID": 3,
                "TDG_Basis": "OSM",
                "FROM_DEG": 2,
                "TO_DEG": 1,
                "DEGREE": 3
            }
        },
        {
            "type": "Feature",
            "id": 266,
            "geometry": {
                "type": "Point",
                "coordinates": [
                    -71.184050336841921,
                    44.465356487161849
                ]
            },
            "properties": {
                "OBJECTID": 266,
                "ClusterID": "-7924172_5537742",
                "FIRST_Best_Sub": "NA_SMITH_POWER_PLANT",
                "FIRST_Best_Source": "MANUAL",
                "FIRST_Node_Type": "GENERATOR",
                "FIRST_Keep_Topo": "YES",
                "FIRST_TDG": "G",
                "COUNT_OBJECTID": 1,
                "TDG_Basis": "IMAGERY_REVIEWED",
                "FROM_DEG": null,
                "TO_DEG": 1,
                "DEGREE": 1
            }
        },
        {
            "type": "Feature",
            "id": 267,
            "geometry": {
                "type": "Point",
                "coordinates": [
                    -71.184802807944735,
                    43.141714233513646
                ]
            },
            "properties": {
                "OBJECTID": 267,
                "ClusterID": "-7924256_5333567",
                "FIRST_Best_Sub": "DEERFIELD",
                "FIRST_Best_Source": "HIFLD_AUTO",
                "FIRST_Node_Type": "SUBSTATION",
                "FIRST_Keep_Topo": "YES",
                "FIRST_TDG": "T",
                "COUNT_OBJECTID": 7,
                "TDG_Basis": "ISO_EXACT",
                "FROM_DEG": 3,
                "TO_DEG": 3,
                "DEGREE": 6
            }
        },
        {
            "type": "Feature",
            "id": 268,
            "geometry": {
                "type": "Point",
                "coordinates": [
                    -71.196871320748954,
                    43.835651539877112
                ]
            },
            "properties": {
                "OBJECTID": 268,
                "ClusterID": "-7925599_5440044",
                "FIRST_Best_Sub": "NA_PINETREE_POWER_GENERATOR",
                "FIRST_Best_Source": "MANUAL",
                "FIRST_Node_Type": "GENERATOR",
                "FIRST_Keep_Topo": "YES",
                "FIRST_TDG": "G",
                "COUNT_OBJECTID": 1,
                "TDG_Basis": "IMAGERY_REVIEWED",
                "FROM_DEG": 1,
                "TO_DEG": null,
                "DEGREE": 1
            }
        },
        {
            "type": "Feature",
            "id": 269,
            "geometry": {
                "type": "Point",
                "coordinates": [
                    -71.197181492846937,
                    43.835939567489056
                ]
            },
            "properties": {
                "OBJECTID": 269,
                "ClusterID": "-7925634_5440088",
                "FIRST_Best_Sub": "UNKNOWN137042",
                "FIRST_Best_Source": "HIFLD_AUTO",
                "FIRST_Node_Type": "SUBSTATION",
                "FIRST_Keep_Topo": "YES",
                "FIRST_TDG": "UNKNOWN",
                "COUNT_OBJECTID": 2,
                "TDG_Basis": "HIFLD_UNKNOWN",
                "FROM_DEG": 1,
                "TO_DEG": 1,
                "DEGREE": 2
            }
        },
        {
            "type": "Feature",
            "id": 270,
            "geometry": {
                "type": "Point",
                "coordinates": [
                    -71.203570483624077,
                    42.742623579608129
                ]
            },
            "properties": {
                "OBJECTID": 270,
                "ClusterID": "-7926345_5272878",
                "FIRST_Best_Sub": "NA_MA_NH_BORDER_MANUAL",
                "FIRST_Best_Source": "MANUAL",
                "FIRST_Node_Type": "SUBSTATION",
                "FIRST_Keep_Topo": "YES",
                "FIRST_TDG": "T?",
                "COUNT_OBJECTID": 1,
                "TDG_Basis": "UNRESOLVED",
                "FROM_DEG": null,
                "TO_DEG": null,
                "DEGREE": 0
            }
        },
        {
            "type": "Feature",
            "id": 271,
            "geometry": {
                "type": "Point",
                "coordinates": [
                    -71.206332633341191,
                    43.847694442992626
                ]
            },
            "properties": {
                "OBJECTID": 271,
                "ClusterID": "-7926653_5441903",
                "FIRST_Best_Sub": "NA_WHITE_LAKE_GRANITE_SHORE_POWER_GENERATOR",
                "FIRST_Best_Source": "MANUAL",
                "FIRST_Node_Type": "GENERATOR",
                "FIRST_Keep_Topo": "YES",
                "FIRST_TDG": "G",
                "COUNT_OBJECTID": 1,
                "TDG_Basis": "IMAGERY_REVIEWED",
                "FROM_DEG": 1,
                "TO_DEG": null,
                "DEGREE": 1
            }
        },
        {
            "type": "Feature",
            "id": 272,
            "geometry": {
                "type": "Point",
                "coordinates": [
                    -71.206708969054731,
                    43.848065014241811
                ]
            },
            "properties": {
                "OBJECTID": 272,
                "ClusterID": "-7926695_5441960",
                "FIRST_Best_Sub": "WHITE_LAKE_HVDC",
                "FIRST_Best_Source": "MANUAL",
                "FIRST_Node_Type": "SUBSTATION",
                "FIRST_Keep_Topo": "YES",
                "FIRST_TDG": "T",
                "COUNT_OBJECTID": 5,
                "TDG_Basis": "ISO_OSM",
                "FROM_DEG": 1,
                "TO_DEG": 4,
                "DEGREE": 5
            }
        },
        {
            "type": "Feature",
            "id": 273,
            "geometry": {
                "type": "Point",
                "coordinates": [
                    -71.212008038389314,
                    43.846857531602424
                ]
            },
            "properties": {
                "OBJECTID": 273,
                "ClusterID": "-7927284_5441774",
                "FIRST_Best_Sub": "TAMWORTH_HVDC_SUB",
                "FIRST_Best_Source": "MANUAL",
                "FIRST_Node_Type": "SUBSTATION",
                "FIRST_Keep_Topo": "YES",
                "FIRST_TDG": "T",
                "COUNT_OBJECTID": 1,
                "TDG_Basis": "ISO_OSM",
                "FROM_DEG": 1,
                "TO_DEG": null,
                "DEGREE": 1
            }
        },
        {
            "type": "Feature",
            "id": 274,
            "geometry": {
                "type": "Point",
                "coordinates": [
                    -71.212508363171608,
                    43.847545450808163
                ]
            },
            "properties": {
                "OBJECTID": 274,
                "ClusterID": "-7927340_5441880",
                "FIRST_Best_Sub": "TAP137031",
                "FIRST_Best_Source": "HIFLD_AUTO",
                "FIRST_Node_Type": "TAP",
                "FIRST_Keep_Topo": "YES",
                "FIRST_TDG": "UNKNOWN",
                "COUNT_OBJECTID": 3,
                "TDG_Basis": "HIFLD_TAP",
                "FROM_DEG": 2,
                "TO_DEG": 1,
                "DEGREE": 3
            }
        },
        {
            "type": "Feature",
            "id": 275,
            "geometry": {
                "type": "Point",
                "coordinates": [
                    -71.226028824766217,
                    44.61797505346663
                ]
            },
            "properties": {
                "OBJECTID": 275,
                "ClusterID": "-7928845_5561579",
                "FIRST_Best_Sub": "NA_DUMMER_HYDRO",
                "FIRST_Best_Source": "MANUAL",
                "FIRST_Node_Type": "GENERATOR",
                "FIRST_Keep_Topo": "YES",
                "FIRST_TDG": "G",
                "COUNT_OBJECTID": 1,
                "TDG_Basis": "IMAGERY_REVIEWED",
                "FROM_DEG": 1,
                "TO_DEG": null,
                "DEGREE": 1
            }
        },
        {
            "type": "Feature",
            "id": 276,
            "geometry": {
                "type": "Point",
                "coordinates": [
                    -71.226170244744765,
                    44.617800795562182
                ]
            },
            "properties": {
                "OBJECTID": 276,
                "ClusterID": "-7928861_5561551",
                "FIRST_Best_Sub": "UNKNOWN137022",
                "FIRST_Best_Source": "HIFLD_AUTO",
                "FIRST_Node_Type": "SUBSTATION",
                "FIRST_Keep_Topo": "YES",
                "FIRST_TDG": "UNKNOWN",
                "COUNT_OBJECTID": 2,
                "TDG_Basis": "HIFLD_UNKNOWN",
                "FROM_DEG": 1,
                "TO_DEG": 1,
                "DEGREE": 2
            }
        },
        {
            "type": "Feature",
            "id": 277,
            "geometry": {
                "type": "Point",
                "coordinates": [
                    -71.237154055318157,
                    42.93642468374037
                ]
            },
            "properties": {
                "OBJECTID": 277,
                "ClusterID": "-7930084_5302300",
                "FIRST_Best_Sub": "CHESTER",
                "FIRST_Best_Source": "HIFLD_AUTO",
                "FIRST_Node_Type": "SUBSTATION",
                "FIRST_Keep_Topo": "YES",
                "FIRST_TDG": "T?",
                "COUNT_OBJECTID": 2,
                "TDG_Basis": "UNRESOLVED",
                "FROM_DEG": 1,
                "TO_DEG": 1,
                "DEGREE": 2
            }
        },
        {
            "type": "Feature",
            "id": 278,
            "geometry": {
                "type": "Point",
                "coordinates": [
                    -71.237995221580505,
                    44.610819383618107
                ]
            },
            "properties": {
                "OBJECTID": 278,
                "ClusterID": "-7930177_5560460",
                "FIRST_Best_Sub": "TAP137037",
                "FIRST_Best_Source": "HIFLD_AUTO",
                "FIRST_Node_Type": "TAP",
                "FIRST_Keep_Topo": "YES",
                "FIRST_TDG": "UNKNOWN",
                "COUNT_OBJECTID": 3,
                "TDG_Basis": "HIFLD_TAP",
                "FROM_DEG": 2,
                "TO_DEG": 1,
                "DEGREE": 3
            }
        },
        {
            "type": "Feature",
            "id": 279,
            "geometry": {
                "type": "Point",
                "coordinates": [
                    -71.238785505468556,
                    44.610624800539142
                ]
            },
            "properties": {
                "OBJECTID": 279,
                "ClusterID": "-7930265_5560429",
                "FIRST_Best_Sub": "PONTOOK_HYDRO_SUBSTATION",
                "FIRST_Best_Source": "MANUAL",
                "FIRST_Node_Type": "SUBSTATION",
                "FIRST_Keep_Topo": "YES",
                "FIRST_TDG": "UNKNOWN",
                "COUNT_OBJECTID": 2,
                "TDG_Basis": "ISO_OSM",
                "FROM_DEG": null,
                "TO_DEG": 2,
                "DEGREE": 2
            }
        },
        {
            "type": "Feature",
            "id": 280,
            "geometry": {
                "type": "Point",
                "coordinates": [
                    -71.25342773018933,
                    44.626675734332714
                ]
            },
            "properties": {
                "OBJECTID": 280,
                "ClusterID": "-7931895_5562939",
                "FIRST_Best_Sub": "TAP137033",
                "FIRST_Best_Source": "HIFLD_AUTO",
                "FIRST_Node_Type": "TAP",
                "FIRST_Keep_Topo": "YES",
                "FIRST_TDG": "UNKNOWN",
                "COUNT_OBJECTID": 3,
                "TDG_Basis": "HIFLD_TAP",
                "FROM_DEG": 1,
                "TO_DEG": 2,
                "DEGREE": 3
            }
        },
        {
            "type": "Feature",
            "id": 281,
            "geometry": {
                "type": "Point",
                "coordinates": [
                    -71.253784285000336,
                    44.62667827375197
                ]
            },
            "properties": {
                "OBJECTID": 281,
                "ClusterID": "-7931935_5562940",
                "FIRST_Best_Sub": "TAP137032",
                "FIRST_Best_Source": "HIFLD_AUTO",
                "FIRST_Node_Type": "TAP",
                "FIRST_Keep_Topo": "YES",
                "FIRST_TDG": "UNKNOWN",
                "COUNT_OBJECTID": 3,
                "TDG_Basis": "HIFLD_TAP",
                "FROM_DEG": 1,
                "TO_DEG": 2,
                "DEGREE": 3
            }
        },
        {
            "type": "Feature",
            "id": 282,
            "geometry": {
                "type": "Point",
                "coordinates": [
                    -71.254497323655428,
                    44.627825142652092
                ]
            },
            "properties": {
                "OBJECTID": 282,
                "ClusterID": "-7932014_5563119",
                "FIRST_Best_Sub": "UNKNOWN137034",
                "FIRST_Best_Source": "HIFLD_AUTO",
                "FIRST_Node_Type": "SUBSTATION",
                "FIRST_Keep_Topo": "YES",
                "FIRST_TDG": "UNKNOWN",
                "COUNT_OBJECTID": 3,
                "TDG_Basis": "HIFLD_UNKNOWN",
                "FROM_DEG": 3,
                "TO_DEG": null,
                "DEGREE": 3
            }
        },
        {
            "type": "Feature",
            "id": 283,
            "geometry": {
                "type": "Point",
                "coordinates": [
                    -71.280386379376608,
                    44.722287495132107
                ]
            },
            "properties": {
                "OBJECTID": 283,
                "ClusterID": "-7934896_5577907",
                "FIRST_Best_Sub": "GRANITE_RELIABLE_WIND_GEN",
                "FIRST_Best_Source": "MANUAL",
                "FIRST_Node_Type": "GENERATOR",
                "FIRST_Keep_Topo": "YES",
                "FIRST_TDG": "G",
                "COUNT_OBJECTID": 1,
                "TDG_Basis": "ISO_IMAGERY_REVIEWED",
                "FROM_DEG": 1,
                "TO_DEG": null,
                "DEGREE": 1
            }
        },
        {
            "type": "Feature",
            "id": 284,
            "geometry": {
                "type": "Point",
                "coordinates": [
                    -71.292267009539188,
                    44.703828239188802
                ]
            },
            "properties": {
                "OBJECTID": 284,
                "ClusterID": "-7936219_5575015",
                "FIRST_Best_Sub": "UNKNOWN137035",
                "FIRST_Best_Source": "HIFLD_AUTO",
                "FIRST_Node_Type": "SUBSTATION",
                "FIRST_Keep_Topo": "YES",
                "FIRST_TDG": "UNKNOWN",
                "COUNT_OBJECTID": 2,
                "TDG_Basis": "HIFLD_UNKNOWN",
                "FROM_DEG": null,
                "TO_DEG": 2,
                "DEGREE": 2
            }
        },
        {
            "type": "Feature",
            "id": 285,
            "geometry": {
                "type": "Point",
                "coordinates": [
                    -71.309859741827538,
                    42.736635249465955
                ]
            },
            "properties": {
                "OBJECTID": 285,
                "ClusterID": "-7938177_5271971",
                "FIRST_Best_Sub": "PELHAM",
                "FIRST_Best_Source": "MANUAL",
                "FIRST_Node_Type": "SUBSTATION",
                "FIRST_Keep_Topo": "YES",
                "FIRST_TDG": "T?",
                "COUNT_OBJECTID": 1,
                "TDG_Basis": "UNRESOLVED",
                "FROM_DEG": null,
                "TO_DEG": 1,
                "DEGREE": 1
            }
        },
        {
            "type": "Feature",
            "id": 286,
            "geometry": {
                "type": "Point",
                "coordinates": [
                    -71.310643585693299,
                    42.73649002833902
                ]
            },
            "properties": {
                "OBJECTID": 286,
                "ClusterID": "-7938265_5271949",
                "FIRST_Best_Sub": "TAP137043",
                "FIRST_Best_Source": "HIFLD_AUTO",
                "FIRST_Node_Type": "TAP",
                "FIRST_Keep_Topo": "YES",
                "FIRST_TDG": "UNKNOWN",
                "COUNT_OBJECTID": 3,
                "TDG_Basis": "HIFLD_TAP",
                "FROM_DEG": 2,
                "TO_DEG": null,
                "DEGREE": 2
            }
        },
        {
            "type": "Feature",
            "id": 287,
            "geometry": {
                "type": "Point",
                "coordinates": [
                    -71.339046673755163,
                    42.901505514907633
                ]
            },
            "properties": {
                "OBJECTID": 287,
                "ClusterID": "-7941426_5296992",
                "FIRST_Best_Sub": "UNKNOWN137023",
                "FIRST_Best_Source": "MANUAL",
                "FIRST_Node_Type": "SUBSTATION",
                "FIRST_Keep_Topo": "YES",
                "FIRST_TDG": "UNKNOWN",
                "COUNT_OBJECTID": 1,
                "TDG_Basis": "HIFLD_UNKNOWN",
                "FROM_DEG": null,
                "TO_DEG": 1,
                "DEGREE": 1
            }
        },
        {
            "type": "Feature",
            "id": 288,
            "geometry": {
                "type": "Point",
                "coordinates": [
                    -71.340375980949602,
                    42.902773208273167
                ]
            },
            "properties": {
                "OBJECTID": 288,
                "ClusterID": "-7941574_5297185",
                "FIRST_Best_Sub": "SCOBIE POND 115KV",
                "FIRST_Best_Source": "HIFLD_AUTO",
                "FIRST_Node_Type": "SUBSTATION",
                "FIRST_Keep_Topo": "YES",
                "FIRST_TDG": "T",
                "COUNT_OBJECTID": 10,
                "TDG_Basis": "ISO_EXACT",
                "FROM_DEG": 5,
                "TO_DEG": 5,
                "DEGREE": 10
            }
        },
        {
            "type": "Feature",
            "id": 289,
            "geometry": {
                "type": "Point",
                "coordinates": [
                    -71.342105503772913,
                    42.904856708840924
                ]
            },
            "properties": {
                "OBJECTID": 289,
                "ClusterID": "-7941767_5297501",
                "FIRST_Best_Sub": "SCOBIE POND 345KV",
                "FIRST_Best_Source": "HIFLD_AUTO",
                "FIRST_Node_Type": "SUBSTATION",
                "FIRST_Keep_Topo": "YES",
                "FIRST_TDG": "T",
                "COUNT_OBJECTID": 9,
                "TDG_Basis": "ISO_EXACT",
                "FROM_DEG": 4,
                "TO_DEG": 4,
                "DEGREE": 8
            }
        },
        {
            "type": "Feature",
            "id": 290,
            "geometry": {
                "type": "Point",
                "coordinates": [
                    -71.376838067427727,
                    42.79156391395319
                ]
            },
            "properties": {
                "OBJECTID": 290,
                "ClusterID": "-7945633_5280299",
                "FIRST_Best_Sub": "LAWRENCE ROAD",
                "FIRST_Best_Source": "HIFLD_AUTO",
                "FIRST_Node_Type": "SUBSTATION",
                "FIRST_Keep_Topo": "YES",
                "FIRST_TDG": "T",
                "COUNT_OBJECTID": 3,
                "TDG_Basis": "ISO_EXACT",
                "FROM_DEG": 1,
                "TO_DEG": 1,
                "DEGREE": 2
            }
        },
        {
            "type": "Feature",
            "id": 291,
            "geometry": {
                "type": "Point",
                "coordinates": [
                    -71.377807107972501,
                    42.790771201524507
                ]
            },
            "properties": {
                "OBJECTID": 291,
                "ClusterID": "-7945741_5280179",
                "FIRST_Best_Sub": "LAWRENCE_RD",
                "FIRST_Best_Source": "MANUAL",
                "FIRST_Node_Type": "SUBSTATION",
                "FIRST_Keep_Topo": "YES",
                "FIRST_TDG": "T",
                "COUNT_OBJECTID": 1,
                "TDG_Basis": "ISO_OSM",
                "FROM_DEG": null,
                "TO_DEG": 1,
                "DEGREE": 1
            }
        },
        {
            "type": "Feature",
            "id": 292,
            "geometry": {
                "type": "Point",
                "coordinates": [
                    -71.383480198960399,
                    42.878562565633956
                ]
            },
            "properties": {
                "OBJECTID": 292,
                "ClusterID": "-7946373_5293506",
                "FIRST_Best_Sub": "MAMMOTH ROAD",
                "FIRST_Best_Source": "HIFLD_AUTO",
                "FIRST_Node_Type": "SUBSTATION",
                "FIRST_Keep_Topo": "YES",
                "FIRST_TDG": "T",
                "COUNT_OBJECTID": 2,
                "TDG_Basis": "ISO_EXACT",
                "FROM_DEG": 2,
                "TO_DEG": null,
                "DEGREE": 2
            }
        },
        {
            "type": "Feature",
            "id": 293,
            "geometry": {
                "type": "Point",
                "coordinates": [
                    -71.423961456715773,
                    42.904706791967904
                ]
            },
            "properties": {
                "OBJECTID": 293,
                "ClusterID": "-7950879_5297478",
                "FIRST_Best_Sub": "GRANITE_RIDGE",
                "FIRST_Best_Source": "MANUAL",
                "FIRST_Node_Type": "SUBSTATION",
                "FIRST_Keep_Topo": "YES",
                "FIRST_TDG": "TG",
                "COUNT_OBJECTID": 3,
                "TDG_Basis": "ISO_OSM",
                "FROM_DEG": 2,
                "TO_DEG": 1,
                "DEGREE": 3
            }
        },
        {
            "type": "Feature",
            "id": 294,
            "geometry": {
                "type": "Point",
                "coordinates": [
                    -71.42502924366984,
                    42.904349905882107
                ]
            },
            "properties": {
                "OBJECTID": 294,
                "ClusterID": "-7950998_5297424",
                "FIRST_Best_Sub": "NA_CALPINE_GRANITE_RIDGE",
                "FIRST_Best_Source": "MANUAL",
                "FIRST_Node_Type": "GENERATOR",
                "FIRST_Keep_Topo": "YES",
                "FIRST_TDG": "G",
                "COUNT_OBJECTID": 1,
                "TDG_Basis": "IMAGERY_REVIEWED",
                "FROM_DEG": null,
                "TO_DEG": 1,
                "DEGREE": 1
            }
        },
        {
            "type": "Feature",
            "id": 295,
            "geometry": {
                "type": "Point",
                "coordinates": [
                    -71.428904591975225,
                    42.774711342001154
                ]
            },
            "properties": {
                "OBJECTID": 295,
                "ClusterID": "-7951429_5277743",
                "FIRST_Best_Sub": "HUDSON",
                "FIRST_Best_Source": "HIFLD_AUTO",
                "FIRST_Node_Type": "SUBSTATION",
                "FIRST_Keep_Topo": "YES",
                "FIRST_TDG": "T?",
                "COUNT_OBJECTID": 4,
                "TDG_Basis": "UNRESOLVED",
                "FROM_DEG": 1,
                "TO_DEG": 3,
                "DEGREE": 4
            }
        },
        {
            "type": "Feature",
            "id": 296,
            "geometry": {
                "type": "Point",
                "coordinates": [
                    -71.429333144959557,
                    42.776739212872585
                ]
            },
            "properties": {
                "OBJECTID": 296,
                "ClusterID": "-7951477_5278051",
                "FIRST_Best_Sub": "POWER STREET",
                "FIRST_Best_Source": "HIFLD_AUTO",
                "FIRST_Node_Type": "SUBSTATION",
                "FIRST_Keep_Topo": "YES",
                "FIRST_TDG": "T",
                "COUNT_OBJECTID": 8,
                "TDG_Basis": "ISO_EXACT",
                "FROM_DEG": 5,
                "TO_DEG": 3,
                "DEGREE": 8
            }
        },
        {
            "type": "Feature",
            "id": 297,
            "geometry": {
                "type": "Point",
                "coordinates": [
                    -71.431368247693058,
                    42.953033587324391
                ]
            },
            "properties": {
                "OBJECTID": 297,
                "ClusterID": "-7951704_5304826",
                "FIRST_Best_Sub": "HUSE_RD",
                "FIRST_Best_Source": "MANUAL",
                "FIRST_Node_Type": "SUBSTATION",
                "FIRST_Keep_Topo": "YES",
                "FIRST_TDG": "T",
                "COUNT_OBJECTID": 2,
                "TDG_Basis": "ISO_OSM",
                "FROM_DEG": 1,
                "TO_DEG": 1,
                "DEGREE": 2
            }
        },
        {
            "type": "Feature",
            "id": 298,
            "geometry": {
                "type": "Point",
                "coordinates": [
                    -71.431977021588025,
                    42.891367039046003
                ]
            },
            "properties": {
                "OBJECTID": 298,
                "ClusterID": "-7951771_5295451",
                "FIRST_Best_Sub": "WATTS BROOK",
                "FIRST_Best_Source": "HIFLD_AUTO",
                "FIRST_Node_Type": "SUBSTATION",
                "FIRST_Keep_Topo": "YES",
                "FIRST_TDG": "T?",
                "COUNT_OBJECTID": 3,
                "TDG_Basis": "UNRESOLVED",
                "FROM_DEG": 2,
                "TO_DEG": 1,
                "DEGREE": 3
            }
        },
        {
            "type": "Feature",
            "id": 299,
            "geometry": {
                "type": "Point",
                "coordinates": [
                    -71.439186995279783,
                    42.873964254994576
                ]
            },
            "properties": {
                "OBJECTID": 299,
                "ClusterID": "-7952574_5292808",
                "FIRST_Best_Sub": "LITCHFIELD",
                "FIRST_Best_Source": "HIFLD_AUTO",
                "FIRST_Node_Type": "SUBSTATION",
                "FIRST_Keep_Topo": "YES",
                "FIRST_TDG": "T?",
                "COUNT_OBJECTID": 5,
                "TDG_Basis": "UNRESOLVED",
                "FROM_DEG": 2,
                "TO_DEG": 2,
                "DEGREE": 4
            }
        },
        {
            "type": "Feature",
            "id": 300,
            "geometry": {
                "type": "Point",
                "coordinates": [
                    -71.440179622888948,
                    42.872908968283447
                ]
            },
            "properties": {
                "OBJECTID": 300,
                "ClusterID": "-7952684_5292647",
                "FIRST_Best_Sub": "TAP137062",
                "FIRST_Best_Source": "HIFLD_AUTO",
                "FIRST_Node_Type": "TAP",
                "FIRST_Keep_Topo": "YES",
                "FIRST_TDG": "UNKNOWN",
                "COUNT_OBJECTID": 3,
                "TDG_Basis": "HIFLD_TAP",
                "FROM_DEG": null,
                "TO_DEG": 2,
                "DEGREE": 2
            }
        },
        {
            "type": "Feature",
            "id": 301,
            "geometry": {
                "type": "Point",
                "coordinates": [
                    -71.440375929033067,
                    42.873129069254567
                ]
            },
            "properties": {
                "OBJECTID": 301,
                "ClusterID": "-7952706_5292681",
                "FIRST_Best_Sub": "TAP137061",
                "FIRST_Best_Source": "HIFLD_AUTO",
                "FIRST_Node_Type": "TAP",
                "FIRST_Keep_Topo": "YES",
                "FIRST_TDG": "UNKNOWN",
                "COUNT_OBJECTID": 3,
                "TDG_Basis": "HIFLD_TAP",
                "FROM_DEG": 1,
                "TO_DEG": 2,
                "DEGREE": 3
            }
        },
        {
            "type": "Feature",
            "id": 302,
            "geometry": {
                "type": "Point",
                "coordinates": [
                    -71.444186780097652,
                    43.056585560963491
                ]
            },
            "properties": {
                "OBJECTID": 302,
                "ClusterID": "-7953130_5320589",
                "FIRST_Best_Sub": "PINE_HILL",
                "FIRST_Best_Source": "MANUAL",
                "FIRST_Node_Type": "SUBSTATION",
                "FIRST_Keep_Topo": "YES",
                "FIRST_TDG": "T",
                "COUNT_OBJECTID": 2,
                "TDG_Basis": "ISO_OSM",
                "FROM_DEG": 1,
                "TO_DEG": 1,
                "DEGREE": 2
            }
        },
        {
            "type": "Feature",
            "id": 303,
            "geometry": {
                "type": "Point",
                "coordinates": [
                    -71.447068152422631,
                    42.780980283325952
                ]
            },
            "properties": {
                "OBJECTID": 303,
                "ClusterID": "-7953451_5278694",
                "FIRST_Best_Sub": "TAP137092",
                "FIRST_Best_Source": "HIFLD_AUTO",
                "FIRST_Node_Type": "TAP",
                "FIRST_Keep_Topo": "YES",
                "FIRST_TDG": "UNKNOWN",
                "COUNT_OBJECTID": 3,
                "TDG_Basis": "HIFLD_TAP",
                "FROM_DEG": 2,
                "TO_DEG": 1,
                "DEGREE": 3
            }
        },
        {
            "type": "Feature",
            "id": 304,
            "geometry": {
                "type": "Point",
                "coordinates": [
                    -71.450404510659169,
                    43.530697744192153
                ]
            },
            "properties": {
                "OBJECTID": 304,
                "ClusterID": "-7953823_5393101",
                "FIRST_Best_Sub": "UNKNOWN137075",
                "FIRST_Best_Source": "HIFLD_AUTO",
                "FIRST_Node_Type": "SUBSTATION",
                "FIRST_Keep_Topo": "YES",
                "FIRST_TDG": "UNKNOWN",
                "COUNT_OBJECTID": 2,
                "TDG_Basis": "HIFLD_UNKNOWN",
                "FROM_DEG": 1,
                "TO_DEG": 1,
                "DEGREE": 2
            }
        },
        {
            "type": "Feature",
            "id": 305,
            "geometry": {
                "type": "Point",
                "coordinates": [
                    -71.452053217446192,
                    43.525163416617936
                ]
            },
            "properties": {
                "OBJECTID": 305,
                "ClusterID": "-7954006_5392252",
                "FIRST_Best_Sub": "LACONIA",
                "FIRST_Best_Source": "MANUAL",
                "FIRST_Node_Type": "SUBSTATION",
                "FIRST_Keep_Topo": "YES",
                "FIRST_TDG": "T",
                "COUNT_OBJECTID": 2,
                "TDG_Basis": "ISO_OSM",
                "FROM_DEG": 1,
                "TO_DEG": 1,
                "DEGREE": 2
            }
        },
        {
            "type": "Feature",
            "id": 306,
            "geometry": {
                "type": "Point",
                "coordinates": [
                    -71.452444649348138,
                    42.732396702663891
                ]
            },
            "properties": {
                "OBJECTID": 306,
                "ClusterID": "-7954050_5271328",
                "FIRST_Best_Sub": "LONG_HILL",
                "FIRST_Best_Source": "MANUAL",
                "FIRST_Node_Type": "SUBSTATION",
                "FIRST_Keep_Topo": "YES",
                "FIRST_TDG": "T",
                "COUNT_OBJECTID": 2,
                "TDG_Basis": "ISO_OSM",
                "FROM_DEG": 1,
                "TO_DEG": 1,
                "DEGREE": 2
            }
        },
        {
            "type": "Feature",
            "id": 307,
            "geometry": {
                "type": "Point",
                "coordinates": [
                    -71.454369388659075,
                    42.76497083075057
                ]
            },
            "properties": {
                "OBJECTID": 307,
                "ClusterID": "-7954264_5276266",
                "FIRST_Best_Sub": "BRIDGE STREET LOWER",
                "FIRST_Best_Source": "HIFLD_AUTO",
                "FIRST_Node_Type": "SUBSTATION",
                "FIRST_Keep_Topo": "YES",
                "FIRST_TDG": "T",
                "COUNT_OBJECTID": 2,
                "TDG_Basis": "ISO_EXACT",
                "FROM_DEG": 1,
                "TO_DEG": 1,
                "DEGREE": 2
            }
        },
        {
            "type": "Feature",
            "id": 308,
            "geometry": {
                "type": "Point",
                "coordinates": [
                    -71.45829787770333,
                    42.933917318113899
                ]
            },
            "properties": {
                "OBJECTID": 308,
                "ClusterID": "-7954701_5301919",
                "FIRST_Best_Sub": "UNKNOWN137065",
                "FIRST_Best_Source": "HIFLD_AUTO",
                "FIRST_Node_Type": "SUBSTATION",
                "FIRST_Keep_Topo": "YES",
                "FIRST_TDG": "UNKNOWN",
                "COUNT_OBJECTID": 2,
                "TDG_Basis": "HIFLD_UNKNOWN",
                "FROM_DEG": 1,
                "TO_DEG": 1,
                "DEGREE": 2
            }
        },
        {
            "type": "Feature",
            "id": 309,
            "geometry": {
                "type": "Point",
                "coordinates": [
                    -71.461554213116145,
                    42.905726649316456
                ]
            },
            "properties": {
                "OBJECTID": 309,
                "ClusterID": "-7955064_5297633",
                "FIRST_Best_Sub": "NORTH_MERRIMACK",
                "FIRST_Best_Source": "MANUAL",
                "FIRST_Node_Type": "SUBSTATION",
                "FIRST_Keep_Topo": "YES",
                "FIRST_TDG": "T",
                "COUNT_OBJECTID": 3,
                "TDG_Basis": "ISO_OSM",
                "FROM_DEG": 2,
                "TO_DEG": 1,
                "DEGREE": 3
            }
        },
        {
            "type": "Feature",
            "id": 310,
            "geometry": {
                "type": "Point",
                "coordinates": [
                    -71.463039419334919,
                    42.944552673072913
                ]
            },
            "properties": {
                "OBJECTID": 310,
                "ClusterID": "-7955229_5303536",
                "FIRST_Best_Sub": "BEDFORD",
                "FIRST_Best_Source": "HIFLD_AUTO",
                "FIRST_Node_Type": "SUBSTATION",
                "FIRST_Keep_Topo": "YES",
                "FIRST_TDG": "T",
                "COUNT_OBJECTID": 2,
                "TDG_Basis": "ISO_EXACT",
                "FROM_DEG": null,
                "TO_DEG": 2,
                "DEGREE": 2
            }
        },
        {
            "type": "Feature",
            "id": 311,
            "geometry": {
                "type": "Point",
                "coordinates": [
                    -71.466944047328681,
                    43.000741162396046
                ]
            },
            "properties": {
                "OBJECTID": 311,
                "ClusterID": "-7955664_5312085",
                "FIRST_Best_Sub": "UNKNOWN137071",
                "FIRST_Best_Source": "MANUAL",
                "FIRST_Node_Type": "SUBSTATION",
                "FIRST_Keep_Topo": "YES",
                "FIRST_TDG": "UNKNOWN",
                "COUNT_OBJECTID": 2,
                "TDG_Basis": "HIFLD_UNKNOWN",
                "FROM_DEG": null,
                "TO_DEG": 2,
                "DEGREE": 2
            }
        },
        {
            "type": "Feature",
            "id": 312,
            "geometry": {
                "type": "Point",
                "coordinates": [
                    -71.467939955585209,
                    42.831858979390312
                ]
            },
            "properties": {
                "OBJECTID": 312,
                "ClusterID": "-7955775_5286414",
                "FIRST_Best_Sub": "TAP137094",
                "FIRST_Best_Source": "HIFLD_AUTO",
                "FIRST_Node_Type": "TAP",
                "FIRST_Keep_Topo": "YES",
                "FIRST_TDG": "UNKNOWN",
                "COUNT_OBJECTID": 3,
                "TDG_Basis": "HIFLD_TAP",
                "FROM_DEG": 1,
                "TO_DEG": 2,
                "DEGREE": 3
            }
        },
        {
            "type": "Feature",
            "id": 313,
            "geometry": {
                "type": "Point",
                "coordinates": [
                    -71.467956144124955,
                    42.831959909209431
                ]
            },
            "properties": {
                "OBJECTID": 313,
                "ClusterID": "-7955776_5286429",
                "FIRST_Best_Sub": "TAP137093",
                "FIRST_Best_Source": "HIFLD_AUTO",
                "FIRST_Node_Type": "TAP",
                "FIRST_Keep_Topo": "YES",
                "FIRST_TDG": "UNKNOWN",
                "COUNT_OBJECTID": 3,
                "TDG_Basis": "HIFLD_TAP",
                "FROM_DEG": 1,
                "TO_DEG": 2,
                "DEGREE": 3
            }
        },
        {
            "type": "Feature",
            "id": 314,
            "geometry": {
                "type": "Point",
                "coordinates": [
                    -71.46829942093774,
                    43.536422321432688
                ]
            },
            "properties": {
                "OBJECTID": 314,
                "ClusterID": "-7955815_5393981",
                "FIRST_Best_Sub": "MESSER_ST",
                "FIRST_Best_Source": "MANUAL",
                "FIRST_Node_Type": "SUBSTATION",
                "FIRST_Keep_Topo": "YES",
                "FIRST_TDG": "D?",
                "COUNT_OBJECTID": 2,
                "TDG_Basis": "OSM",
                "FROM_DEG": 2,
                "TO_DEG": null,
                "DEGREE": 2
            }
        },
        {
            "type": "Feature",
            "id": 315,
            "geometry": {
                "type": "Point",
                "coordinates": [
                    -71.468524154268991,
                    43.000971461759796
                ]
            },
            "properties": {
                "OBJECTID": 315,
                "ClusterID": "-7955840_5312120",
                "FIRST_Best_Sub": "UNKNOWN132714",
                "FIRST_Best_Source": "MANUAL",
                "FIRST_Node_Type": "SUBSTATION",
                "FIRST_Keep_Topo": "YES",
                "FIRST_TDG": "UNKNOWN",
                "COUNT_OBJECTID": 1,
                "TDG_Basis": "HIFLD_UNKNOWN",
                "FROM_DEG": null,
                "TO_DEG": 1,
                "DEGREE": 1
            }
        },
        {
            "type": "Feature",
            "id": 316,
            "geometry": {
                "type": "Point",
                "coordinates": [
                    -71.468695553723563,
                    43.141594928228123
                ]
            },
            "properties": {
                "OBJECTID": 316,
                "ClusterID": "-7955859_5333549",
                "FIRST_Best_Sub": "MERRIMACK_STATION_GENERATOR",
                "FIRST_Best_Source": "MANUAL",
                "FIRST_Node_Type": "GENERATOR",
                "FIRST_Keep_Topo": "YES",
                "FIRST_TDG": "G",
                "COUNT_OBJECTID": 1,
                "TDG_Basis": "ISO_IMAGERY_REVIEWED",
                "FROM_DEG": null,
                "TO_DEG": 1,
                "DEGREE": 1
            }
        },
        {
            "type": "Feature",
            "id": 317,
            "geometry": {
                "type": "Point",
                "coordinates": [
                    -71.470074344615483,
                    43.140607973592161
                ]
            },
            "properties": {
                "OBJECTID": 317,
                "ClusterID": "-7956012_5333398",
                "FIRST_Best_Sub": "MERRIMACK",
                "FIRST_Best_Source": "HIFLD_AUTO",
                "FIRST_Node_Type": "SUBSTATION",
                "FIRST_Keep_Topo": "YES",
                "FIRST_TDG": "TG",
                "COUNT_OBJECTID": 7,
                "TDG_Basis": "GENERATOR_INTERFACE",
                "FROM_DEG": 5,
                "TO_DEG": 2,
                "DEGREE": 7
            }
        },
        {
            "type": "Feature",
            "id": 318,
            "geometry": {
                "type": "Point",
                "coordinates": [
                    -71.472441677578672,
                    43.002201446805771
                ]
            },
            "properties": {
                "OBJECTID": 318,
                "ClusterID": "-7956276_5312307",
                "FIRST_Best_Sub": "AMOSKEAG_HYDRO",
                "FIRST_Best_Source": "MANUAL",
                "FIRST_Node_Type": "GENERATOR",
                "FIRST_Keep_Topo": "YES",
                "FIRST_TDG": "G",
                "COUNT_OBJECTID": 1,
                "TDG_Basis": "IMAGERY_REVIEWED",
                "FROM_DEG": null,
                "TO_DEG": 1,
                "DEGREE": 1
            }
        },
        {
            "type": "Feature",
            "id": 319,
            "geometry": {
                "type": "Point",
                "coordinates": [
                    -71.473160775370317,
                    43.003212289866518
                ]
            },
            "properties": {
                "OBJECTID": 319,
                "ClusterID": "-7956356_5312461",
                "FIRST_Best_Sub": "EDDY",
                "FIRST_Best_Source": "MANUAL",
                "FIRST_Node_Type": "SUBSTATION",
                "FIRST_Keep_Topo": "YES",
                "FIRST_TDG": "TG",
                "COUNT_OBJECTID": 7,
                "TDG_Basis": "ISO_OSM",
                "FROM_DEG": 5,
                "TO_DEG": 2,
                "DEGREE": 7
            }
        },
        {
            "type": "Feature",
            "id": 320,
            "geometry": {
                "type": "Point",
                "coordinates": [
                    -71.475824883855623,
                    42.860538378528695
                ]
            },
            "properties": {
                "OBJECTID": 320,
                "ClusterID": "-7956652_5290768_B",
                "FIRST_Best_Sub": "TAP137091",
                "FIRST_Best_Source": "HIFLD_AUTO",
                "FIRST_Node_Type": "TAP",
                "FIRST_Keep_Topo": "YES",
                "FIRST_TDG": "UNKNOWN",
                "COUNT_OBJECTID": 1,
                "TDG_Basis": "HIFLD_TAP",
                "FROM_DEG": 2,
                "TO_DEG": 1,
                "DEGREE": 3
            }
        },
        {
            "type": "Feature",
            "id": 321,
            "geometry": {
                "type": "Point",
                "coordinates": [
                    -71.483422472507598,
                    42.830541134023996
                ]
            },
            "properties": {
                "OBJECTID": 321,
                "ClusterID": "-7957498_5286214",
                "FIRST_Best_Sub": "EAGLE",
                "FIRST_Best_Source": "HIFLD_AUTO",
                "FIRST_Node_Type": "SUBSTATION",
                "FIRST_Keep_Topo": "YES",
                "FIRST_TDG": "T",
                "COUNT_OBJECTID": 6,
                "TDG_Basis": "ISO_EXACT",
                "FROM_DEG": 3,
                "TO_DEG": 3,
                "DEGREE": 6
            }
        },
        {
            "type": "Feature",
            "id": 322,
            "geometry": {
                "type": "Point",
                "coordinates": [
                    -71.48633255319244,
                    42.828989726033967
                ]
            },
            "properties": {
                "OBJECTID": 322,
                "ClusterID": "-7957822_5285978",
                "FIRST_Best_Sub": "ANHEUSER_BUSCH",
                "FIRST_Best_Source": "MANUAL",
                "FIRST_Node_Type": "SUBSTATION",
                "FIRST_Keep_Topo": "YES",
                "FIRST_TDG": "D?",
                "COUNT_OBJECTID": 1,
                "TDG_Basis": "OSM",
                "FROM_DEG": 1,
                "TO_DEG": null,
                "DEGREE": 1
            }
        },
        {
            "type": "Feature",
            "id": 323,
            "geometry": {
                "type": "Point",
                "coordinates": [
                    -71.487174380614874,
                    42.828683014098772
                ]
            },
            "properties": {
                "OBJECTID": 323,
                "ClusterID": "-7957916_5285932",
                "FIRST_Best_Sub": "THORNTON",
                "FIRST_Best_Source": "MANUAL",
                "FIRST_Node_Type": "SUBSTATION",
                "FIRST_Keep_Topo": "YES",
                "FIRST_TDG": "D?",
                "COUNT_OBJECTID": 1,
                "TDG_Basis": "OSM",
                "FROM_DEG": 1,
                "TO_DEG": null,
                "DEGREE": 1
            }
        },
        {
            "type": "Feature",
            "id": 324,
            "geometry": {
                "type": "Point",
                "coordinates": [
                    -71.487716390819642,
                    42.871464207249481
                ]
            },
            "properties": {
                "OBJECTID": 324,
                "ClusterID": "-7957976_5292428",
                "FIRST_Best_Sub": "REEDS_FERRY",
                "FIRST_Best_Source": "MANUAL",
                "FIRST_Node_Type": "SUBSTATION",
                "FIRST_Keep_Topo": "YES",
                "FIRST_TDG": "T",
                "COUNT_OBJECTID": 2,
                "TDG_Basis": "ISO_OSM",
                "FROM_DEG": 2,
                "TO_DEG": null,
                "DEGREE": 2
            }
        },
        {
            "type": "Feature",
            "id": 325,
            "geometry": {
                "type": "Point",
                "coordinates": [
                    -71.489817298740917,
                    43.554899336569136
                ]
            },
            "properties": {
                "OBJECTID": 325,
                "ClusterID": "-7958210_5396818",
                "FIRST_Best_Sub": "UNKNOWN132700",
                "FIRST_Best_Source": "HIFLD_AUTO",
                "FIRST_Node_Type": "SUBSTATION",
                "FIRST_Keep_Topo": "YES",
                "FIRST_TDG": "UNKNOWN",
                "COUNT_OBJECTID": 2,
                "TDG_Basis": "HIFLD_UNKNOWN",
                "FROM_DEG": 1,
                "TO_DEG": 1,
                "DEGREE": 2
            }
        },
        {
            "type": "Feature",
            "id": 326,
            "geometry": {
                "type": "Point",
                "coordinates": [
                    -71.493990733210396,
                    44.595053375229618
                ]
            },
            "properties": {
                "OBJECTID": 326,
                "ClusterID": "-7958675_5557995",
                "FIRST_Best_Sub": "NA_LOST_NATION_PLANT_GROVETON",
                "FIRST_Best_Source": "MANUAL",
                "FIRST_Node_Type": "GENERATOR",
                "FIRST_Keep_Topo": "YES",
                "FIRST_TDG": "G",
                "COUNT_OBJECTID": 1,
                "TDG_Basis": "IMAGERY_REVIEWED",
                "FROM_DEG": null,
                "TO_DEG": 1,
                "DEGREE": 1
            }
        },
        {
            "type": "Feature",
            "id": 327,
            "geometry": {
                "type": "Point",
                "coordinates": [
                    -71.494283404329963,
                    44.594185143576382
                ]
            },
            "properties": {
                "OBJECTID": 327,
                "ClusterID": "-7958707_5557859",
                "FIRST_Best_Sub": "LOST_NATION",
                "FIRST_Best_Source": "MANUAL",
                "FIRST_Node_Type": "SUBSTATION",
                "FIRST_Keep_Topo": "YES",
                "FIRST_TDG": "T",
                "COUNT_OBJECTID": 3,
                "TDG_Basis": "OSM",
                "FROM_DEG": 3,
                "TO_DEG": null,
                "DEGREE": 3
            }
        },
        {
            "type": "Feature",
            "id": 328,
            "geometry": {
                "type": "Point",
                "coordinates": [
                    -71.502004567927372,
                    43.003097428953048
                ]
            },
            "properties": {
                "OBJECTID": 328,
                "ClusterID": "-7959567_5312443",
                "FIRST_Best_Sub": "RIMMON",
                "FIRST_Best_Source": "MANUAL",
                "FIRST_Node_Type": "SUBSTATION",
                "FIRST_Keep_Topo": "YES",
                "FIRST_TDG": "T",
                "COUNT_OBJECTID": 3,
                "TDG_Basis": "ISO_OSM",
                "FROM_DEG": 1,
                "TO_DEG": 2,
                "DEGREE": 3
            }
        },
        {
            "type": "Feature",
            "id": 329,
            "geometry": {
                "type": "Point",
                "coordinates": [
                    -71.502516152193493,
                    43.002609639349281
                ]
            },
            "properties": {
                "OBJECTID": 329,
                "ClusterID": "-7959624_5312369",
                "FIRST_Best_Sub": "RIMMON",
                "FIRST_Best_Source": "MANUAL",
                "FIRST_Node_Type": "SUBSTATION",
                "FIRST_Keep_Topo": "YES",
                "FIRST_TDG": "T",
                "COUNT_OBJECTID": 2,
                "TDG_Basis": "ISO_OSM",
                "FROM_DEG": 2,
                "TO_DEG": null,
                "DEGREE": 2
            }
        },
        {
            "type": "Feature",
            "id": 330,
            "geometry": {
                "type": "Point",
                "coordinates": [
                    -71.50740355327774,
                    43.162753744497756
                ]
            },
            "properties": {
                "OBJECTID": 330,
                "ClusterID": "-7960168_5336778",
                "FIRST_Best_Sub": "GARVINS",
                "FIRST_Best_Source": "MANUAL",
                "FIRST_Node_Type": "SUBSTATION",
                "FIRST_Keep_Topo": "YES",
                "FIRST_TDG": "T?",
                "COUNT_OBJECTID": 4,
                "TDG_Basis": "OSM",
                "FROM_DEG": 1,
                "TO_DEG": 3,
                "DEGREE": 4
            }
        },
        {
            "type": "Feature",
            "id": 331,
            "geometry": {
                "type": "Point",
                "coordinates": [
                    -71.507469805826545,
                    43.164282679851155
                ]
            },
            "properties": {
                "OBJECTID": 331,
                "ClusterID": "-7960175_5337011",
                "FIRST_Best_Sub": "GARVINS_FALLS_HYDRO_12.1MW",
                "FIRST_Best_Source": "MANUAL",
                "FIRST_Node_Type": "GENERATOR",
                "FIRST_Keep_Topo": "YES",
                "FIRST_TDG": "G",
                "COUNT_OBJECTID": 1,
                "TDG_Basis": "IMAGERY_REVIEWED",
                "FROM_DEG": null,
                "TO_DEG": 1,
                "DEGREE": 1
            }
        },
        {
            "type": "Feature",
            "id": 332,
            "geometry": {
                "type": "Point",
                "coordinates": [
                    -71.50752261239225,
                    42.762083646103292
                ]
            },
            "properties": {
                "OBJECTID": 332,
                "ClusterID": "-7960181_5275828",
                "FIRST_Best_Sub": "BROAD STREET",
                "FIRST_Best_Source": "MANUAL",
                "FIRST_Node_Type": "SUBSTATION",
                "FIRST_Keep_Topo": "YES",
                "FIRST_TDG": "T?",
                "COUNT_OBJECTID": 1,
                "TDG_Basis": "UNRESOLVED",
                "FROM_DEG": null,
                "TO_DEG": 1,
                "DEGREE": 1
            }
        },
        {
            "type": "Feature",
            "id": 333,
            "geometry": {
                "type": "Point",
                "coordinates": [
                    -71.50784028991437,
                    43.163512218607686
                ]
            },
            "properties": {
                "OBJECTID": 333,
                "ClusterID": "-7960216_5336893",
                "FIRST_Best_Sub": "UNKNOWN137073",
                "FIRST_Best_Source": "HIFLD_AUTO",
                "FIRST_Node_Type": "SUBSTATION",
                "FIRST_Keep_Topo": "YES",
                "FIRST_TDG": "UNKNOWN",
                "COUNT_OBJECTID": 2,
                "TDG_Basis": "HIFLD_UNKNOWN",
                "FROM_DEG": 1,
                "TO_DEG": 1,
                "DEGREE": 2
            }
        },
        {
            "type": "Feature",
            "id": 334,
            "geometry": {
                "type": "Point",
                "coordinates": [
                    -71.5435524196741,
                    43.276664174952678
                ]
            },
            "properties": {
                "OBJECTID": 334,
                "ClusterID": "-7964192_5354178",
                "FIRST_Best_Sub": "OAK_HILL",
                "FIRST_Best_Source": "MANUAL",
                "FIRST_Node_Type": "SUBSTATION",
                "FIRST_Keep_Topo": "YES",
                "FIRST_TDG": "D?",
                "COUNT_OBJECTID": 2,
                "TDG_Basis": "OSM",
                "FROM_DEG": 1,
                "TO_DEG": 1,
                "DEGREE": 2
            }
        },
        {
            "type": "Feature",
            "id": 335,
            "geometry": {
                "type": "Point",
                "coordinates": [
                    -71.568057043981668,
                    43.016821414871572
                ]
            },
            "properties": {
                "OBJECTID": 335,
                "ClusterID": "-7966920_5314533",
                "FIRST_Best_Sub": "NA_GREGGS_FALLS_HYDRO",
                "FIRST_Best_Source": "MANUAL",
                "FIRST_Node_Type": "GENERATOR",
                "FIRST_Keep_Topo": "YES",
                "FIRST_TDG": "G",
                "COUNT_OBJECTID": 1,
                "TDG_Basis": "IMAGERY_REVIEWED",
                "FROM_DEG": null,
                "TO_DEG": 1,
                "DEGREE": 1
            }
        },
        {
            "type": "Feature",
            "id": 336,
            "geometry": {
                "type": "Point",
                "coordinates": [
                    -71.569006509338067,
                    43.015955811612791
                ]
            },
            "properties": {
                "OBJECTID": 336,
                "ClusterID": "-7967025_5314401",
                "FIRST_Best_Sub": "GREGGS",
                "FIRST_Best_Source": "HIFLD_AUTO",
                "FIRST_Node_Type": "SUBSTATION",
                "FIRST_Keep_Topo": "YES",
                "FIRST_TDG": "T",
                "COUNT_OBJECTID": 8,
                "TDG_Basis": "ISO_EXACT",
                "FROM_DEG": 4,
                "TO_DEG": 4,
                "DEGREE": 8
            }
        },
        {
            "type": "Feature",
            "id": 337,
            "geometry": {
                "type": "Point",
                "coordinates": [
                    -71.579831283071897,
                    43.064410794240537
                ]
            },
            "properties": {
                "OBJECTID": 337,
                "ClusterID": "-7968230_5321781",
                "FIRST_Best_Sub": "TAP137063",
                "FIRST_Best_Source": "HIFLD_AUTO",
                "FIRST_Node_Type": "TAP",
                "FIRST_Keep_Topo": "YES",
                "FIRST_TDG": "UNKNOWN",
                "COUNT_OBJECTID": 3,
                "TDG_Basis": "HIFLD_TAP",
                "FROM_DEG": 2,
                "TO_DEG": 1,
                "DEGREE": 3
            }
        },
        {
            "type": "Feature",
            "id": 338,
            "geometry": {
                "type": "Point",
                "coordinates": [
                    -71.592696063442332,
                    42.809036194759585
                ]
            },
            "properties": {
                "OBJECTID": 338,
                "ClusterID": "-7969662_5282950",
                "FIRST_Best_Sub": "AMHERST",
                "FIRST_Best_Source": "HIFLD_AUTO",
                "FIRST_Node_Type": "SUBSTATION",
                "FIRST_Keep_Topo": "YES",
                "FIRST_TDG": "T",
                "COUNT_OBJECTID": 2,
                "TDG_Basis": "ISO_EXACT",
                "FROM_DEG": null,
                "TO_DEG": 2,
                "DEGREE": 2
            }
        },
        {
            "type": "Feature",
            "id": 339,
            "geometry": {
                "type": "Point",
                "coordinates": [
                    -71.608397035370444,
                    44.379314291260691
                ]
            },
            "properties": {
                "OBJECTID": 339,
                "ClusterID": "-7971410_5524331",
                "FIRST_Best_Sub": "WHITEFIELD",
                "FIRST_Best_Source": "MANUAL",
                "FIRST_Node_Type": "SUBSTATION",
                "FIRST_Keep_Topo": "YES",
                "FIRST_TDG": "T",
                "COUNT_OBJECTID": 4,
                "TDG_Basis": "ISO_OSM",
                "FROM_DEG": null,
                "TO_DEG": 3,
                "DEGREE": 3
            }
        },
        {
            "type": "Feature",
            "id": 340,
            "geometry": {
                "type": "Point",
                "coordinates": [
                    -71.63719506325539,
                    43.69143362444111
                ]
            },
            "properties": {
                "OBJECTID": 340,
                "ClusterID": "-7974616_5417814",
                "FIRST_Best_Sub": "ASHLAND_NH",
                "FIRST_Best_Source": "MANUAL",
                "FIRST_Node_Type": "SUBSTATION",
                "FIRST_Keep_Topo": "YES",
                "FIRST_TDG": "T",
                "COUNT_OBJECTID": 2,
                "TDG_Basis": "ISO_OSM",
                "FROM_DEG": null,
                "TO_DEG": 2,
                "DEGREE": 2
            }
        },
        {
            "type": "Feature",
            "id": 341,
            "geometry": {
                "type": "Point",
                "coordinates": [
                    -71.640299541164268,
                    43.828164919114172
                ]
            },
            "properties": {
                "OBJECTID": 341,
                "ClusterID": "-7974962_5438889",
                "FIRST_Best_Sub": "BEEBE",
                "FIRST_Best_Source": "MANUAL",
                "FIRST_Node_Type": "SUBSTATION",
                "FIRST_Keep_Topo": "YES",
                "FIRST_TDG": "T",
                "COUNT_OBJECTID": 3,
                "TDG_Basis": "ISO_OSM",
                "FROM_DEG": null,
                "TO_DEG": 3,
                "DEGREE": 3
            }
        },
        {
            "type": "Feature",
            "id": 342,
            "geometry": {
                "type": "Point",
                "coordinates": [
                    -71.644099465121784,
                    42.820228285813698
                ]
            },
            "properties": {
                "OBJECTID": 342,
                "ClusterID": "-7975385_5284649",
                "FIRST_Best_Sub": "SOUTH MILFORD",
                "FIRST_Best_Source": "MANUAL",
                "FIRST_Node_Type": "SUBSTATION",
                "FIRST_Keep_Topo": "YES",
                "FIRST_TDG": "T",
                "COUNT_OBJECTID": 1,
                "TDG_Basis": "ISO_EXACT",
                "FROM_DEG": null,
                "TO_DEG": 1,
                "DEGREE": 1
            }
        },
        {
            "type": "Feature",
            "id": 343,
            "geometry": {
                "type": "Point",
                "coordinates": [
                    -71.645549505890472,
                    43.688391639988815
                ]
            },
            "properties": {
                "OBJECTID": 343,
                "ClusterID": "-7975546_5417346",
                "FIRST_Best_Sub": "TAP137082",
                "FIRST_Best_Source": "HIFLD_AUTO",
                "FIRST_Node_Type": "TAP",
                "FIRST_Keep_Topo": "YES",
                "FIRST_TDG": "UNKNOWN",
                "COUNT_OBJECTID": 3,
                "TDG_Basis": "HIFLD_TAP",
                "FROM_DEG": 2,
                "TO_DEG": 1,
                "DEGREE": 3
            }
        },
        {
            "type": "Feature",
            "id": 344,
            "geometry": {
                "type": "Point",
                "coordinates": [
                    -71.66005113887941,
                    43.032514276733345
                ]
            },
            "properties": {
                "OBJECTID": 344,
                "ClusterID": "-7977160_5316922",
                "FIRST_Best_Sub": "WEARE",
                "FIRST_Best_Source": "MANUAL",
                "FIRST_Node_Type": "SUBSTATION",
                "FIRST_Keep_Topo": "YES",
                "FIRST_TDG": "T",
                "COUNT_OBJECTID": 2,
                "TDG_Basis": "ISO_OSM",
                "FROM_DEG": 1,
                "TO_DEG": 1,
                "DEGREE": 2
            }
        },
        {
            "type": "Feature",
            "id": 345,
            "geometry": {
                "type": "Point",
                "coordinates": [
                    -71.673866273040005,
                    43.455796473533034
                ]
            },
            "properties": {
                "OBJECTID": 345,
                "ClusterID": "-7978698_5381608",
                "FIRST_Best_Sub": "WEBSTER",
                "FIRST_Best_Source": "MANUAL",
                "FIRST_Node_Type": "SUBSTATION",
                "FIRST_Keep_Topo": "YES",
                "FIRST_TDG": "T",
                "COUNT_OBJECTID": 5,
                "TDG_Basis": "ISO_OSM",
                "FROM_DEG": 2,
                "TO_DEG": 3,
                "DEGREE": 5
            }
        },
        {
            "type": "Feature",
            "id": 346,
            "geometry": {
                "type": "Point",
                "coordinates": [
                    -71.676985406962828,
                    44.011587533752667
                ]
            },
            "properties": {
                "OBJECTID": 346,
                "ClusterID": "-7979046_5467236",
                "FIRST_Best_Sub": "NORTH_WOODSTOCK",
                "FIRST_Best_Source": "MANUAL",
                "FIRST_Node_Type": "SUBSTATION",
                "FIRST_Keep_Topo": "YES",
                "FIRST_TDG": "T",
                "COUNT_OBJECTID": 2,
                "TDG_Basis": "ISO_OSM",
                "FROM_DEG": 2,
                "TO_DEG": null,
                "DEGREE": 2
            }
        },
        {
            "type": "Feature",
            "id": 347,
            "geometry": {
                "type": "Point",
                "coordinates": [
                    -71.709460133304432,
                    43.596742393837246
                ]
            },
            "properties": {
                "OBJECTID": 347,
                "ClusterID": "-7982661_5403248",
                "FIRST_Best_Sub": "PEMIGEWASSETT",
                "FIRST_Best_Source": "MANUAL",
                "FIRST_Node_Type": "SUBSTATION",
                "FIRST_Keep_Topo": "YES",
                "FIRST_TDG": "T",
                "COUNT_OBJECTID": 3,
                "TDG_Basis": "ISO_OSM",
                "FROM_DEG": 2,
                "TO_DEG": 1,
                "DEGREE": 3
            }
        },
        {
            "type": "Feature",
            "id": 348,
            "geometry": {
                "type": "Point",
                "coordinates": [
                    -71.71589991123453,
                    43.59720893780348
                ]
            },
            "properties": {
                "OBJECTID": 348,
                "ClusterID": "-7983377_5403319",
                "FIRST_Best_Sub": "UNKNOWN137081",
                "FIRST_Best_Source": "HIFLD_AUTO",
                "FIRST_Node_Type": "SUBSTATION",
                "FIRST_Keep_Topo": "YES",
                "FIRST_TDG": "UNKNOWN",
                "COUNT_OBJECTID": 2,
                "TDG_Basis": "HIFLD_UNKNOWN",
                "FROM_DEG": 1,
                "TO_DEG": 1,
                "DEGREE": 2
            }
        },
        {
            "type": "Feature",
            "id": 349,
            "geometry": {
                "type": "Point",
                "coordinates": [
                    -71.717099411870436,
                    43.597621572744565
                ]
            },
            "properties": {
                "OBJECTID": 349,
                "ClusterID": "-7983511_5403383",
                "FIRST_Best_Sub": "NA_AYERS_ISLAND_HYDRO_8.4MW",
                "FIRST_Best_Source": "MANUAL",
                "FIRST_Node_Type": "GENERATOR",
                "FIRST_Keep_Topo": "YES",
                "FIRST_TDG": "G",
                "COUNT_OBJECTID": 1,
                "TDG_Basis": "IMAGERY_REVIEWED",
                "FROM_DEG": null,
                "TO_DEG": 1,
                "DEGREE": 1
            }
        },
        {
            "type": "Feature",
            "id": 350,
            "geometry": {
                "type": "Point",
                "coordinates": [
                    -71.781840195794658,
                    44.252624071685176
                ]
            },
            "properties": {
                "OBJECTID": 350,
                "ClusterID": "-7990718_5504620",
                "FIRST_Best_Sub": "TAP137086",
                "FIRST_Best_Source": "HIFLD_AUTO",
                "FIRST_Node_Type": "TAP",
                "FIRST_Keep_Topo": "YES",
                "FIRST_TDG": "UNKNOWN",
                "COUNT_OBJECTID": 3,
                "TDG_Basis": "HIFLD_TAP",
                "FROM_DEG": 2,
                "TO_DEG": 1,
                "DEGREE": 3
            }
        },
        {
            "type": "Feature",
            "id": 351,
            "geometry": {
                "type": "Point",
                "coordinates": [
                    -71.875501160169918,
                    44.335219207917518
                ]
            },
            "properties": {
                "OBJECTID": 351,
                "ClusterID": "-8001144_5517466",
                "FIRST_Best_Sub": "MOORE_DAM",
                "FIRST_Best_Source": "MANUAL",
                "FIRST_Node_Type": "GENERATOR",
                "FIRST_Keep_Topo": "YES",
                "FIRST_TDG": "G",
                "COUNT_OBJECTID": 1,
                "TDG_Basis": "ISO_OSM",
                "FROM_DEG": null,
                "TO_DEG": 1,
                "DEGREE": 1
            }
        },
        {
            "type": "Feature",
            "id": 352,
            "geometry": {
                "type": "Point",
                "coordinates": [
                    -71.875681247990002,
                    44.335376726826794
                ]
            },
            "properties": {
                "OBJECTID": 352,
                "ClusterID": "-8001164_5517490",
                "FIRST_Best_Sub": "MOORE_DAM",
                "FIRST_Best_Source": "MANUAL",
                "FIRST_Node_Type": "GENERATOR",
                "FIRST_Keep_Topo": "YES",
                "FIRST_TDG": "G",
                "COUNT_OBJECTID": 1,
                "TDG_Basis": "ISO_OSM",
                "FROM_DEG": 1,
                "TO_DEG": null,
                "DEGREE": 1
            }
        },
        {
            "type": "Feature",
            "id": 353,
            "geometry": {
                "type": "Point",
                "coordinates": [
                    -71.880867485817703,
                    44.333966457460974
                ]
            },
            "properties": {
                "OBJECTID": 353,
                "ClusterID": "-8001742_5517271",
                "FIRST_Best_Sub": "FIFTEEN_MILES?",
                "FIRST_Best_Source": "MANUAL",
                "FIRST_Node_Type": "SUBSTATION",
                "FIRST_Keep_Topo": "YES",
                "FIRST_TDG": "T?",
                "COUNT_OBJECTID": 1,
                "TDG_Basis": "ISO_ROUGH",
                "FROM_DEG": null,
                "TO_DEG": null,
                "DEGREE": 0
            }
        },
        {
            "type": "Feature",
            "id": 354,
            "geometry": {
                "type": "Point",
                "coordinates": [
                    -71.88407603804383,
                    44.332430026462269
                ]
            },
            "properties": {
                "OBJECTID": 354,
                "ClusterID": "-8002099_5517031",
                "FIRST_Best_Sub": "TAP136714",
                "FIRST_Best_Source": "HIFLD_AUTO",
                "FIRST_Node_Type": "TAP",
                "FIRST_Keep_Topo": "YES",
                "FIRST_TDG": "UNKNOWN",
                "COUNT_OBJECTID": 3,
                "TDG_Basis": "HIFLD_TAP",
                "FROM_DEG": 1,
                "TO_DEG": 2,
                "DEGREE": 3
            }
        },
        {
            "type": "Feature",
            "id": 355,
            "geometry": {
                "type": "Point",
                "coordinates": [
                    -71.88446448574237,
                    44.33229240290612
                ]
            },
            "properties": {
                "OBJECTID": 355,
                "ClusterID": "-8002142_5517010",
                "FIRST_Best_Sub": "TAP136713",
                "FIRST_Best_Source": "HIFLD_AUTO",
                "FIRST_Node_Type": "TAP",
                "FIRST_Keep_Topo": "YES",
                "FIRST_TDG": "UNKNOWN",
                "COUNT_OBJECTID": 3,
                "TDG_Basis": "HIFLD_TAP",
                "FROM_DEG": 1,
                "TO_DEG": 2,
                "DEGREE": 3
            }
        },
        {
            "type": "Feature",
            "id": 356,
            "geometry": {
                "type": "Point",
                "coordinates": [
                    -71.88466655727396,
                    44.329005213536007
                ]
            },
            "properties": {
                "OBJECTID": 356,
                "ClusterID": "-8002164_5516498",
                "FIRST_Best_Sub": "LITTLETON",
                "FIRST_Best_Source": "HIFLD_AUTO",
                "FIRST_Node_Type": "SUBSTATION",
                "FIRST_Keep_Topo": "YES",
                "FIRST_TDG": "T",
                "COUNT_OBJECTID": 5,
                "TDG_Basis": "ISO_EXACT",
                "FROM_DEG": 2,
                "TO_DEG": 1,
                "DEGREE": 3
            }
        },
        {
            "type": "Feature",
            "id": 357,
            "geometry": {
                "type": "Point",
                "coordinates": [
                    -71.926006586474614,
                    43.112093564819673
                ]
            },
            "properties": {
                "OBJECTID": 357,
                "ClusterID": "-8006766_5329049",
                "FIRST_Best_Sub": "JACKMAN_SUB",
                "FIRST_Best_Source": "MANUAL",
                "FIRST_Node_Type": "SUBSTATION",
                "FIRST_Keep_Topo": "YES",
                "FIRST_TDG": "T",
                "COUNT_OBJECTID": 2,
                "TDG_Basis": "ISO_OSM",
                "FROM_DEG": null,
                "TO_DEG": 2,
                "DEGREE": 2
            }
        },
        {
            "type": "Feature",
            "id": 358,
            "geometry": {
                "type": "Point",
                "coordinates": [
                    -71.993298701688417,
                    44.319419123627803
                ]
            },
            "properties": {
                "OBJECTID": 358,
                "ClusterID": "-8014257_5515007",
                "FIRST_Best_Sub": "MONROE",
                "FIRST_Best_Source": "HIFLD_AUTO",
                "FIRST_Node_Type": "SUBSTATION",
                "FIRST_Keep_Topo": "YES",
                "FIRST_TDG": "T?",
                "COUNT_OBJECTID": 4,
                "TDG_Basis": "UNRESOLVED",
                "FROM_DEG": 2,
                "TO_DEG": null,
                "DEGREE": 2
            }
        },
        {
            "type": "Feature",
            "id": 359,
            "geometry": {
                "type": "Point",
                "coordinates": [
                    -71.999294767563683,
                    44.323231506791743
                ]
            },
            "properties": {
                "OBJECTID": 359,
                "ClusterID": "-8014925_5515600",
                "FIRST_Best_Sub": "UNKNOWN136715",
                "FIRST_Best_Source": "MANUAL",
                "FIRST_Node_Type": "SUBSTATION",
                "FIRST_Keep_Topo": "YES",
                "FIRST_TDG": "UNKNOWN",
                "COUNT_OBJECTID": 1,
                "TDG_Basis": "HIFLD_UNKNOWN",
                "FROM_DEG": 1,
                "TO_DEG": null,
                "DEGREE": 1
            }
        },
        {
            "type": "Feature",
            "id": 360,
            "geometry": {
                "type": "Point",
                "coordinates": [
                    -72.000969998906172,
                    44.325050000397162
                ]
            },
            "properties": {
                "OBJECTID": 360,
                "ClusterID": "-8015111_5515883",
                "FIRST_Best_Sub": "COMERFORD_DAM",
                "FIRST_Best_Source": "MANUAL",
                "FIRST_Node_Type": "GENERATOR",
                "FIRST_Keep_Topo": "YES",
                "FIRST_TDG": "G",
                "COUNT_OBJECTID": 4,
                "TDG_Basis": "ISO_IMAGERY_REVIEWED",
                "FROM_DEG": null,
                "TO_DEG": 4,
                "DEGREE": 4
            }
        },
        {
            "type": "Feature",
            "id": 361,
            "geometry": {
                "type": "Point",
                "coordinates": [
                    -72.003041740326793,
                    44.320973472329335
                ]
            },
            "properties": {
                "OBJECTID": 361,
                "ClusterID": "-8015342_5515249",
                "FIRST_Best_Sub": "COMERFORD",
                "FIRST_Best_Source": "MANUAL",
                "FIRST_Node_Type": "SUBSTATION",
                "FIRST_Keep_Topo": "YES",
                "FIRST_TDG": "T?",
                "COUNT_OBJECTID": 14,
                "TDG_Basis": "OSM_ISO_ROUGH",
                "FROM_DEG": 7,
                "TO_DEG": 4,
                "DEGREE": 11
            }
        },
        {
            "type": "Feature",
            "id": 362,
            "geometry": {
                "type": "Point",
                "coordinates": [
                    -72.099012649139496,
                    43.391696079287229
                ]
            },
            "properties": {
                "OBJECTID": 362,
                "ClusterID": "-8026025_5371783",
                "FIRST_Best_Sub": "NORTH_RD",
                "FIRST_Best_Source": "MANUAL",
                "FIRST_Node_Type": "SUBSTATION",
                "FIRST_Keep_Topo": "YES",
                "FIRST_TDG": "T",
                "COUNT_OBJECTID": 3,
                "TDG_Basis": "ISO_OSM",
                "FROM_DEG": 2,
                "TO_DEG": null,
                "DEGREE": 2
            }
        },
        {
            "type": "Feature",
            "id": 363,
            "geometry": {
                "type": "Point",
                "coordinates": [
                    -72.146506956401652,
                    42.801213279189817
                ]
            },
            "properties": {
                "OBJECTID": 363,
                "ClusterID": "-8031312_5281763",
                "FIRST_Best_Sub": "TAP136701",
                "FIRST_Best_Source": "HIFLD_AUTO",
                "FIRST_Node_Type": "TAP",
                "FIRST_Keep_Topo": "YES",
                "FIRST_TDG": "UNKNOWN",
                "COUNT_OBJECTID": 3,
                "TDG_Basis": "HIFLD_TAP",
                "FROM_DEG": 2,
                "TO_DEG": null,
                "DEGREE": 2
            }
        },
        {
            "type": "Feature",
            "id": 364,
            "geometry": {
                "type": "Point",
                "coordinates": [
                    -72.148363125510301,
                    42.800229456706653
                ]
            },
            "properties": {
                "OBJECTID": 364,
                "ClusterID": "-8031519_5281614",
                "FIRST_Best_Sub": "FITZWILLIAM",
                "FIRST_Best_Source": "HIFLD_AUTO",
                "FIRST_Node_Type": "SUBSTATION",
                "FIRST_Keep_Topo": "YES",
                "FIRST_TDG": "T",
                "COUNT_OBJECTID": 5,
                "TDG_Basis": "ISO_EXACT",
                "FROM_DEG": 2,
                "TO_DEG": 2,
                "DEGREE": 4
            }
        },
        {
            "type": "Feature",
            "id": 365,
            "geometry": {
                "type": "Point",
                "coordinates": [
                    -72.149995162260566,
                    42.803303291944076
                ]
            },
            "properties": {
                "OBJECTID": 365,
                "ClusterID": "-8031701_5282080",
                "FIRST_Best_Sub": "TAP156256",
                "FIRST_Best_Source": "HIFLD_AUTO",
                "FIRST_Node_Type": "TAP",
                "FIRST_Keep_Topo": "YES",
                "FIRST_TDG": "UNKNOWN",
                "COUNT_OBJECTID": 3,
                "TDG_Basis": "HIFLD_TAP",
                "FROM_DEG": 1,
                "TO_DEG": 1,
                "DEGREE": 2
            }
        },
        {
            "type": "Feature",
            "id": 366,
            "geometry": {
                "type": "Point",
                "coordinates": [
                    -72.16246928238192,
                    43.368193413968868
                ]
            },
            "properties": {
                "OBJECTID": 366,
                "ClusterID": "-8033089_5368184",
                "FIRST_Best_Sub": "UNKNOWN136703",
                "FIRST_Best_Source": "MANUAL",
                "FIRST_Node_Type": "SUBSTATION",
                "FIRST_Keep_Topo": "YES",
                "FIRST_TDG": "UNKNOWN",
                "COUNT_OBJECTID": 1,
                "TDG_Basis": "HIFLD_UNKNOWN",
                "FROM_DEG": null,
                "TO_DEG": 1,
                "DEGREE": 1
            }
        },
        {
            "type": "Feature",
            "id": 367,
            "geometry": {
                "type": "Point",
                "coordinates": [
                    -72.167283372854129,
                    42.830041956211154
                ]
            },
            "properties": {
                "OBJECTID": 367,
                "ClusterID": "-8033625_5286138",
                "FIRST_Best_Sub": "MONADNOCK",
                "FIRST_Best_Source": "HIFLD_AUTO",
                "FIRST_Node_Type": "SUBSTATION",
                "FIRST_Keep_Topo": "YES",
                "FIRST_TDG": "T",
                "COUNT_OBJECTID": 3,
                "TDG_Basis": "ISO_EXACT",
                "FROM_DEG": null,
                "TO_DEG": 2,
                "DEGREE": 2
            }
        },
        {
            "type": "Feature",
            "id": 368,
            "geometry": {
                "type": "Point",
                "coordinates": [
                    -72.274176624118638,
                    43.683981037613762
                ]
            },
            "properties": {
                "OBJECTID": 368,
                "ClusterID": "-8045525_5416667",
                "FIRST_Best_Sub": "MT_SUPPORT",
                "FIRST_Best_Source": "MANUAL",
                "FIRST_Node_Type": "SUBSTATION",
                "FIRST_Keep_Topo": "YES",
                "FIRST_TDG": "T",
                "COUNT_OBJECTID": 1,
                "TDG_Basis": "ISO_OSM",
                "FROM_DEG": 1,
                "TO_DEG": null,
                "DEGREE": 1
            }
        },
        {
            "type": "Feature",
            "id": 369,
            "geometry": {
                "type": "Point",
                "coordinates": [
                    -72.286042272178847,
                    42.929675936889886
                ]
            },
            "properties": {
                "OBJECTID": 369,
                "ClusterID": "-8046845_5301274",
                "FIRST_Best_Sub": "EMERALD_ST",
                "FIRST_Best_Source": "MANUAL",
                "FIRST_Node_Type": "SUBSTATION",
                "FIRST_Keep_Topo": "YES",
                "FIRST_TDG": "T",
                "COUNT_OBJECTID": 3,
                "TDG_Basis": "ISO_OSM",
                "FROM_DEG": 2,
                "TO_DEG": 1,
                "DEGREE": 3
            }
        },
        {
            "type": "Feature",
            "id": 370,
            "geometry": {
                "type": "Point",
                "coordinates": [
                    -72.286543285969017,
                    43.632585267756895
                ]
            },
            "properties": {
                "OBJECTID": 370,
                "ClusterID": "-8046901_5408759",
                "FIRST_Best_Sub": "SLAYTON_HILL",
                "FIRST_Best_Source": "MANUAL",
                "FIRST_Node_Type": "SUBSTATION",
                "FIRST_Keep_Topo": "YES",
                "FIRST_TDG": "T",
                "COUNT_OBJECTID": 2,
                "TDG_Basis": "ISO_OSM",
                "FROM_DEG": 1,
                "TO_DEG": 1,
                "DEGREE": 2
            }
        },
        {
            "type": "Feature",
            "id": 371,
            "geometry": {
                "type": "Point",
                "coordinates": [
                    -72.29851371891391,
                    43.666695051905215
                ]
            },
            "properties": {
                "OBJECTID": 371,
                "ClusterID": "-8048234_5414007",
                "FIRST_Best_Sub": "TAP136717",
                "FIRST_Best_Source": "HIFLD_AUTO",
                "FIRST_Node_Type": "TAP",
                "FIRST_Keep_Topo": "YES",
                "FIRST_TDG": "UNKNOWN",
                "COUNT_OBJECTID": 3,
                "TDG_Basis": "HIFLD_TAP",
                "FROM_DEG": null,
                "TO_DEG": 2,
                "DEGREE": 2
            }
        },
        {
            "type": "Feature",
            "id": 372,
            "geometry": {
                "type": "Point",
                "coordinates": [
                    -72.317670361517997,
                    42.873423333900739
                ]
            },
            "properties": {
                "OBJECTID": 372,
                "ClusterID": "-8050366_5292725",
                "FIRST_Best_Sub": "SWANZEY",
                "FIRST_Best_Source": "HIFLD_AUTO",
                "FIRST_Node_Type": "SUBSTATION",
                "FIRST_Keep_Topo": "YES",
                "FIRST_TDG": "T",
                "COUNT_OBJECTID": 2,
                "TDG_Basis": "ISO_EXACT",
                "FROM_DEG": 1,
                "TO_DEG": 1,
                "DEGREE": 2
            }
        },
        {
            "type": "Feature",
            "id": 373,
            "geometry": {
                "type": "Point",
                "coordinates": [
                    -72.383086695603893,
                    43.3957414546352
                ]
            },
            "properties": {
                "OBJECTID": 373,
                "ClusterID": "-8057648_5372403",
                "FIRST_Best_Sub": "TAP136051",
                "FIRST_Best_Source": "HIFLD_AUTO",
                "FIRST_Node_Type": "TAP",
                "FIRST_Keep_Topo": "YES",
                "FIRST_TDG": "UNKNOWN",
                "COUNT_OBJECTID": 3,
                "TDG_Basis": "HIFLD_TAP",
                "FROM_DEG": 1,
                "TO_DEG": null,
                "DEGREE": 1
            }
        },
        {
            "type": "Feature",
            "id": 374,
            "geometry": {
                "type": "Point",
                "coordinates": [
                    -72.384537679603611,
                    42.793060373166483
                ]
            },
            "properties": {
                "OBJECTID": 374,
                "ClusterID": "-8057810_5280526",
                "FIRST_Best_Sub": "WESTPORT",
                "FIRST_Best_Source": "HIFLD_AUTO",
                "FIRST_Node_Type": "SUBSTATION",
                "FIRST_Keep_Topo": "YES",
                "FIRST_TDG": "T",
                "COUNT_OBJECTID": 2,
                "TDG_Basis": "ISO_EXACT",
                "FROM_DEG": 1,
                "TO_DEG": 1,
                "DEGREE": 2
            }
        },
        {
            "type": "Feature",
            "id": 375,
            "geometry": {
                "type": "Point",
                "coordinates": [
                    -72.482983018527719,
                    42.797917670743992
                ]
            },
            "properties": {
                "OBJECTID": 375,
                "ClusterID": "-8068769_5281263",
                "FIRST_Best_Sub": "CHESTNUT_HILL",
                "FIRST_Best_Source": "MANUAL",
                "FIRST_Node_Type": "SUBSTATION",
                "FIRST_Keep_Topo": "YES",
                "FIRST_TDG": "T",
                "COUNT_OBJECTID": 2,
                "TDG_Basis": "ISO_OSM",
                "FROM_DEG": 2,
                "TO_DEG": null,
                "DEGREE": 2
            }
        },
        {
            "type": "Feature",
            "id": 376,
            "geometry": {
                "type": "Point",
                "coordinates": [
                    -72.506824374440214,
                    42.796005891390493
                ]
            },
            "properties": {
                "OBJECTID": 376,
                "ClusterID": "-8071423_5280973",
                "FIRST_Best_Sub": "TAP135582",
                "FIRST_Best_Source": "HIFLD_AUTO",
                "FIRST_Node_Type": "TAP",
                "FIRST_Keep_Topo": "YES",
                "FIRST_TDG": "UNKNOWN",
                "COUNT_OBJECTID": 3,
                "TDG_Basis": "HIFLD_TAP",
                "FROM_DEG": null,
                "TO_DEG": 1,
                "DEGREE": 1
            }
        }
    ]
}