v1 overnight fetch — 28 cell(s) planned
  samples_dir     = C:\Users\j.guthrie\Downloads\RESEARCH\infra_fm\data\PIPELINE\03-v1-samples
  datasets_dir    = C:\Users\j.guthrie\Downloads\RESEARCH\infra_fm\data\curated_datasets
  checkpoints_dir = C:\Users\j.guthrie\Downloads\RESEARCH\infra_fm\data\checkpoints\v1
  modalities      = ['sentinel2_ms', 'sentinel1']
  buffer_m        = 300  (=> 600m tile)
  workers         = 8/16
  order           = smallest_per_region

idx  region               sector       n_assets
  0  central-america      telecom             1
  1  central-america      transport         570
  2  central-america      water           2,591
  3  central-america      energy          2,612
  4  australia-oceania    telecom            12
  5  australia-oceania    transport       2,178
  6  australia-oceania    energy          6,492
  7  australia-oceania    water          10,000
  8  south-america        telecom             8
  9  south-america        transport       3,997
 10  south-america        energy          9,999
 11  south-america        water          10,001
 12  africa               telecom             1
 13  africa               energy          1,000
 14  africa               water           1,000
 15  africa               transport       5,297
 16  asia                 telecom            32
 17  asia                 energy          1,000
 18  asia                 water           1,000
 19  asia                 transport       1,000
 20  north-america        telecom           279
 21  north-america        energy            999
 22  north-america        water           1,000
 23  north-america        transport       1,001
 24  europe               telecom           345
 25  europe               water           1,000
 26  europe               transport       1,000
 27  europe               energy          1,001
     TOTAL                               65,416

>>> [1/28] central-america/telecom (n=1)

========================================================================
CELL  central-america/telecom   (2026-06-06 17:37:29)
========================================================================
  [skip] C:\Users\j.guthrie\Downloads\RESEARCH\infra_fm\data\curated_datasets\dataset_central-america_telecom_v1\_SUCCESS already exists

>>> [2/28] central-america/transport (n=570)

========================================================================
CELL  central-america/transport   (2026-06-06 17:37:29)
========================================================================
  [skip] C:\Users\j.guthrie\Downloads\RESEARCH\infra_fm\data\curated_datasets\dataset_central-america_transport_v1\_SUCCESS already exists

>>> [3/28] central-america/water (n=2,591)

========================================================================
CELL  central-america/water   (2026-06-06 17:37:29)
========================================================================
  [skip] C:\Users\j.guthrie\Downloads\RESEARCH\infra_fm\data\curated_datasets\dataset_central-america_water_v1\_SUCCESS already exists

>>> [4/28] central-america/energy (n=2,612)

========================================================================
CELL  central-america/energy   (2026-06-06 17:37:29)
========================================================================
  [skip] C:\Users\j.guthrie\Downloads\RESEARCH\infra_fm\data\curated_datasets\dataset_central-america_energy_v1\_SUCCESS already exists

>>> [5/28] australia-oceania/telecom (n=12)

========================================================================
CELL  australia-oceania/telecom   (2026-06-06 17:37:29)
========================================================================
  [skip] C:\Users\j.guthrie\Downloads\RESEARCH\infra_fm\data\curated_datasets\dataset_australia-oceania_telecom_v1\_SUCCESS already exists

>>> [6/28] australia-oceania/transport (n=2,178)

========================================================================
CELL  australia-oceania/transport   (2026-06-06 17:37:29)
========================================================================
  [skip] C:\Users\j.guthrie\Downloads\RESEARCH\infra_fm\data\curated_datasets\dataset_australia-oceania_transport_v1\_SUCCESS already exists

>>> [7/28] australia-oceania/energy (n=6,492)

========================================================================
CELL  australia-oceania/energy   (2026-06-06 17:37:29)
========================================================================
  [skip] C:\Users\j.guthrie\Downloads\RESEARCH\infra_fm\data\curated_datasets\dataset_australia-oceania_energy_v1\_SUCCESS already exists

>>> [8/28] australia-oceania/water (n=10,000)

========================================================================
CELL  australia-oceania/water   (2026-06-06 17:37:29)
========================================================================
  [skip] C:\Users\j.guthrie\Downloads\RESEARCH\infra_fm\data\curated_datasets\dataset_australia-oceania_water_v1\_SUCCESS already exists

>>> [9/28] south-america/telecom (n=8)

========================================================================
CELL  south-america/telecom   (2026-06-06 17:37:29)
========================================================================
  [skip] C:\Users\j.guthrie\Downloads\RESEARCH\infra_fm\data\curated_datasets\dataset_south-america_telecom_v1\_SUCCESS already exists

>>> [10/28] south-america/transport (n=3,997)

========================================================================
CELL  south-america/transport   (2026-06-06 17:37:29)
========================================================================
  [skip] C:\Users\j.guthrie\Downloads\RESEARCH\infra_fm\data\curated_datasets\dataset_south-america_transport_v1\_SUCCESS already exists

>>> [11/28] south-america/energy (n=9,999)

========================================================================
CELL  south-america/energy   (2026-06-06 17:37:29)
========================================================================
  [skip] C:\Users\j.guthrie\Downloads\RESEARCH\infra_fm\data\curated_datasets\dataset_south-america_energy_v1\_SUCCESS already exists

>>> [12/28] south-america/water (n=10,001)

========================================================================
CELL  south-america/water   (2026-06-06 17:37:29)
========================================================================
  [skip] C:\Users\j.guthrie\Downloads\RESEARCH\infra_fm\data\curated_datasets\dataset_south-america_water_v1\_SUCCESS already exists

>>> [13/28] africa/telecom (n=1)

========================================================================
CELL  africa/telecom   (2026-06-06 17:37:29)
========================================================================
  [skip] C:\Users\j.guthrie\Downloads\RESEARCH\infra_fm\data\curated_datasets\dataset_africa_telecom_v1\_SUCCESS already exists

>>> [14/28] africa/energy (n=1,000)

========================================================================
CELL  africa/energy   (2026-06-06 17:37:29)
========================================================================
  [skip] C:\Users\j.guthrie\Downloads\RESEARCH\infra_fm\data\curated_datasets\dataset_africa_energy_v1\_SUCCESS already exists

>>> [15/28] africa/water (n=1,000)

========================================================================
CELL  africa/water   (2026-06-06 17:37:29)
========================================================================
  [skip] C:\Users\j.guthrie\Downloads\RESEARCH\infra_fm\data\curated_datasets\dataset_africa_water_v1\_SUCCESS already exists

>>> [16/28] africa/transport (n=5,297)

========================================================================
CELL  africa/transport   (2026-06-06 17:37:29)
========================================================================
  [skip] C:\Users\j.guthrie\Downloads\RESEARCH\infra_fm\data\curated_datasets\dataset_africa_transport_v1\_SUCCESS already exists

>>> [17/28] asia/telecom (n=32)

========================================================================
CELL  asia/telecom   (2026-06-06 17:37:29)
========================================================================
  [skip] C:\Users\j.guthrie\Downloads\RESEARCH\infra_fm\data\curated_datasets\dataset_asia_telecom_v1\_SUCCESS already exists

>>> [18/28] asia/energy (n=1,000)

========================================================================
CELL  asia/energy   (2026-06-06 17:37:29)
========================================================================
  [skip] C:\Users\j.guthrie\Downloads\RESEARCH\infra_fm\data\curated_datasets\dataset_asia_energy_v1\_SUCCESS already exists

>>> [19/28] asia/water (n=1,000)

========================================================================
CELL  asia/water   (2026-06-06 17:37:29)
========================================================================
  loaded 1,000 assets from asia_water_v1_sample.parquet
  [1/4] STAC fetch ...
STACImageryFetcher: modalities=['sentinel2_ms', 'sentinel1'], n_bands=9, temporal_stack=False, buffer_m=300, workers=8 (adaptive)
  Resuming from checkpoint: 843 tiles already fetched
  STAC fetch: 200 assets pending (800 already checkpointed)
  [850/1000] (85%) ok=807 fail=43 workers=8
C:\Users\j.guthrie\Downloads\RESEARCH\infra_fm\curation\stac_imagery.py:240: RuntimeWarning: invalid value encountered in log10
  arr = np.where(arr > 0, 10 * np.log10(arr + 1e-10), vmin)
  [860/1000] (86%) ok=817 fail=43 workers=8
  [concurrency] workers=16 | throughput=0.1 tiles/s | fail_rate=5.0% | ^ increase (throughput improving)
  [870/1000] (87%) ok=823 fail=47 workers=16
  [880/1000] (88%) ok=833 fail=47 workers=16
  [concurrency] workers=8 | throughput=0.1 tiles/s | fail_rate=20.0% | v back off (high fail rate)
  [890/1000] (89%) ok=839 fail=51 workers=8
  [900/1000] (90%) ok=849 fail=51 workers=8
  [concurrency] workers=8 | throughput=0.2 tiles/s | fail_rate=15.0% | v back off (high fail rate)
  [910/1000] (91%) ok=859 fail=51 workers=8
  [920/1000] (92%) ok=869 fail=51 workers=8
  [concurrency] workers=16 | throughput=0.3 tiles/s | fail_rate=0.0% | ^ increase (throughput improving)
  [930/1000] (93%) ok=879 fail=51 workers=16
  [940/1000] (94%) ok=889 fail=51 workers=16
  [concurrency] workers=8 | throughput=0.2 tiles/s | fail_rate=0.0% | v decrease (throughput degrading)
  [950/1000] (95%) ok=899 fail=51 workers=8
  [960/1000] (96%) ok=909 fail=51 workers=8
  [concurrency] workers=16 | throughput=0.9 tiles/s | fail_rate=0.0% | ^ increase (throughput improving)
  [970/1000] (97%) ok=919 fail=51 workers=16
  [980/1000] (98%) ok=929 fail=51 workers=16
  [concurrency] workers=8 | throughput=0.5 tiles/s | fail_rate=0.0% | v decrease (throughput degrading)
  [990/1000] (99%) ok=939 fail=51 workers=8
  [1000/1000] (100%) ok=948 fail=52 workers=8
  [concurrency] workers=8 | throughput=0.2 tiles/s | fail_rate=5.0% | v decrease (throughput degrading)
  [1010/1000] (101%) ok=958 fail=52 workers=8
  [1020/1000] (102%) ok=967 fail=53 workers=8
  [concurrency] workers=8 | throughput=0.2 tiles/s | fail_rate=5.0% | v decrease (throughput degrading)
  [1030/1000] (103%) ok=977 fail=53 workers=8
  [1040/1000] (104%) ok=987 fail=53 workers=8
  [concurrency] workers=12 | throughput=0.7 tiles/s | fail_rate=0.0% | -> nudge up

  Concurrency tuning summary:
   workers    tiles/s  fail_rate
         8       0.07       5.0% <- best
        16       0.08      20.0%
         8       0.17      15.0% <- best
         8       0.35       0.0% <- best
        16       0.18       0.0%
         8       0.88       0.0% <- best
        16       0.48       0.0%
         8       0.25       5.0% <- best
         8       0.21       5.0% <- best
         8       0.65       0.0% <- best
  Best: 8 workers @ 0.88 tiles/s
  Checkpoint preserved (some assets failed).

  STAC fetch complete: 990 ok / 53 failed
        fetched ok=990 fail=53
  [2/4] QC (min_valid_ratio=0.8) ...
  QC [1000/1043] passed=918
  QC [1043/1043] passed=958
QC complete: 958 passed, 85 failed (1043 total)
        QC passed 958 / 1043
  [3/4] triage ...
  Triage [958/958] high=958 low=0 contradiction=0
Triage complete: 958 high / 0 low / 0 contradiction (958 total)
        accepted 958
  [4/4] assemble -> C:\Users\j.guthrie\Downloads\RESEARCH\infra_fm\data\curated_datasets\dataset_asia_water_v1
C:\Users\j.guthrie\Downloads\RESEARCH\infra_fm\fetch_v1_overnight.py:221: DeprecationWarning: datetime.datetime.utcnow() is deprecated and scheduled for removal in a future version. Use timezone-aware objects to represent datetimes in UTC: datetime.datetime.now(datetime.UTC).
  "completed_at"   : datetime.utcnow().isoformat() + "Z",
  [958/958] saved=958 failed=0

Dataset assembled: 958 tiles saved, 0 failed
  Images:   C:\Users\j.guthrie\Downloads\RESEARCH\infra_fm\data\curated_datasets\dataset_asia_water_v1\images
  Manifest: C:\Users\j.guthrie\Downloads\RESEARCH\infra_fm\data\curated_datasets\dataset_asia_water_v1\manifest.json
  Summary:  C:\Users\j.guthrie\Downloads\RESEARCH\infra_fm\data\curated_datasets\dataset_asia_water_v1\summary.csv

Tiles by asset type:
asset_type
water.storage_tank        366
water.wastewater.plant    346
water.treatment.plant     246

Tiles by source/modality:
source
stac_sentinel2_ms+sentinel1    958

Temporal tiles: 0 / 958
  [done] asia/water in 1026s — 958 tiles assembled

>>> [20/28] asia/transport (n=1,000)

========================================================================
CELL  asia/transport   (2026-06-06 17:54:35)
========================================================================
  loaded 1,000 assets from asia_transport_v1_sample.parquet
  [1/4] STAC fetch ...
STACImageryFetcher: modalities=['sentinel2_ms', 'sentinel1'], n_bands=9, temporal_stack=False, buffer_m=300, workers=8 (adaptive)
  STAC fetch: 1000 assets pending (0 already checkpointed)
  [10/1000] (1%) ok=10 fail=0 workers=8
  [20/1000] (2%) ok=20 fail=0 workers=8
  [concurrency] workers=16 | throughput=0.2 tiles/s | fail_rate=0.0% | ^ increase (throughput improving)
  [30/1000] (3%) ok=30 fail=0 workers=16
  [40/1000] (4%) ok=40 fail=0 workers=16
  [concurrency] workers=16 | throughput=0.3 tiles/s | fail_rate=0.0% | ^ increase (throughput improving)
  [50/1000] (5%) ok=50 fail=0 workers=16
  [60/1000] (6%) ok=60 fail=0 workers=16
  [concurrency] workers=16 | throughput=0.4 tiles/s | fail_rate=0.0% | ^ increase (throughput improving)
C:\Users\j.guthrie\Downloads\RESEARCH\infra_fm\curation\stac_imagery.py:240: RuntimeWarning: invalid value encountered in log10
  arr = np.where(arr > 0, 10 * np.log10(arr + 1e-10), vmin)
  [70/1000] (7%) ok=70 fail=0 workers=16
  [80/1000] (8%) ok=80 fail=0 workers=16
  [concurrency] workers=16 | throughput=0.5 tiles/s | fail_rate=0.0% | ^ increase (throughput improving)
  [90/1000] (9%) ok=90 fail=0 workers=16
  [100/1000] (10%) ok=99 fail=1 workers=16
  [concurrency] workers=8 | throughput=0.1 tiles/s | fail_rate=5.0% | v decrease (throughput degrading)
  [110/1000] (11%) ok=109 fail=1 workers=8
  [120/1000] (12%) ok=119 fail=1 workers=8
  [concurrency] workers=12 | throughput=0.2 tiles/s | fail_rate=0.0% | -> nudge up
  [130/1000] (13%) ok=124 fail=6 workers=12
  [140/1000] (14%) ok=131 fail=9 workers=12
  [concurrency] workers=8 | throughput=0.2 tiles/s | fail_rate=40.0% | v back off (high fail rate)
  [150/1000] (15%) ok=141 fail=9 workers=8
  [160/1000] (16%) ok=151 fail=9 workers=8
  [concurrency] workers=8 | throughput=0.2 tiles/s | fail_rate=0.0% | v decrease (throughput degrading)
  [170/1000] (17%) ok=161 fail=9 workers=8
  [180/1000] (18%) ok=171 fail=9 workers=8
  [concurrency] workers=12 | throughput=0.2 tiles/s | fail_rate=0.0% | -> nudge up
  [190/1000] (19%) ok=181 fail=9 workers=12
  [200/1000] (20%) ok=191 fail=9 workers=12
  [concurrency] workers=16 | throughput=0.5 tiles/s | fail_rate=0.0% | ^ increase (throughput improving)
  checkpoint saved at 200 ok tiles
  [210/1000] (21%) ok=201 fail=9 workers=16
  [220/1000] (22%) ok=211 fail=9 workers=16
  [concurrency] workers=16 | throughput=0.7 tiles/s | fail_rate=0.0% | ^ increase (throughput improving)
  [230/1000] (23%) ok=221 fail=9 workers=16
  [240/1000] (24%) ok=231 fail=9 workers=16
  [concurrency] workers=16 | throughput=1.0 tiles/s | fail_rate=0.0% | ^ increase (throughput improving)
  [250/1000] (25%) ok=240 fail=10 workers=16
  [260/1000] (26%) ok=250 fail=10 workers=16
  [concurrency] workers=8 | throughput=0.2 tiles/s | fail_rate=5.0% | v decrease (throughput degrading)
  [270/1000] (27%) ok=260 fail=10 workers=8
  [280/1000] (28%) ok=270 fail=10 workers=8
  [concurrency] workers=12 | throughput=0.4 tiles/s | fail_rate=0.0% | -> nudge up
  [290/1000] (29%) ok=280 fail=10 workers=12
  [300/1000] (30%) ok=290 fail=10 workers=12
  [concurrency] workers=16 | throughput=0.4 tiles/s | fail_rate=0.0% | -> nudge up
  [310/1000] (31%) ok=300 fail=10 workers=16
  [320/1000] (32%) ok=310 fail=10 workers=16
  [concurrency] workers=8 | throughput=0.3 tiles/s | fail_rate=0.0% | v decrease (throughput degrading)
  [330/1000] (33%) ok=320 fail=10 workers=8
  [340/1000] (34%) ok=330 fail=10 workers=8
  [concurrency] workers=12 | throughput=0.2 tiles/s | fail_rate=0.0% | -> nudge up
  [350/1000] (35%) ok=340 fail=10 workers=12
  [360/1000] (36%) ok=350 fail=10 workers=12
  [concurrency] workers=16 | throughput=0.2 tiles/s | fail_rate=0.0% | -> nudge up
  [370/1000] (37%) ok=356 fail=14 workers=16
  [380/1000] (38%) ok=364 fail=16 workers=16
  [concurrency] workers=8 | throughput=0.1 tiles/s | fail_rate=30.0% | v back off (high fail rate)
  [390/1000] (39%) ok=374 fail=16 workers=8
  [400/1000] (40%) ok=383 fail=17 workers=8
  [concurrency] workers=12 | throughput=0.2 tiles/s | fail_rate=5.0% | -> nudge up
  [410/1000] (41%) ok=392 fail=18 workers=12
  [420/1000] (42%) ok=400 fail=20 workers=12
  [concurrency] workers=8 | throughput=0.1 tiles/s | fail_rate=15.0% | v back off (high fail rate)
  checkpoint saved at 400 ok tiles
  [430/1000] (43%) ok=406 fail=24 workers=8
  [440/1000] (44%) ok=414 fail=26 workers=8
  [concurrency] workers=8 | throughput=0.2 tiles/s | fail_rate=30.0% | v back off (high fail rate)
  [450/1000] (45%) ok=423 fail=27 workers=8
  [460/1000] (46%) ok=432 fail=28 workers=8
  [concurrency] workers=12 | throughput=0.2 tiles/s | fail_rate=10.0% | -> nudge up
  [470/1000] (47%) ok=442 fail=28 workers=12
  [480/1000] (48%) ok=450 fail=30 workers=12
  [concurrency] workers=8 | throughput=0.1 tiles/s | fail_rate=10.0% | v decrease (throughput degrading)
  [490/1000] (49%) ok=458 fail=32 workers=8
  [500/1000] (50%) ok=467 fail=33 workers=8
  [concurrency] workers=8 | throughput=0.1 tiles/s | fail_rate=15.0% | v back off (high fail rate)
  [510/1000] (51%) ok=476 fail=34 workers=8
  [520/1000] (52%) ok=483 fail=37 workers=8
  [concurrency] workers=8 | throughput=0.2 tiles/s | fail_rate=20.0% | v back off (high fail rate)
  [530/1000] (53%) ok=493 fail=37 workers=8
  [540/1000] (54%) ok=503 fail=37 workers=8
  [concurrency] workers=12 | throughput=0.2 tiles/s | fail_rate=0.0% | -> nudge up
  [550/1000] (55%) ok=512 fail=38 workers=12
  [560/1000] (56%) ok=517 fail=43 workers=12
  [concurrency] workers=8 | throughput=0.2 tiles/s | fail_rate=30.0% | v back off (high fail rate)
  [570/1000] (57%) ok=527 fail=43 workers=8
  [580/1000] (58%) ok=537 fail=43 workers=8
  [concurrency] workers=12 | throughput=0.4 tiles/s | fail_rate=0.0% | -> nudge up
  [590/1000] (59%) ok=545 fail=45 workers=12
  [600/1000] (60%) ok=555 fail=45 workers=12
  [concurrency] workers=8 | throughput=0.3 tiles/s | fail_rate=10.0% | v decrease (throughput degrading)
  [610/1000] (61%) ok=565 fail=45 workers=8
  [620/1000] (62%) ok=575 fail=45 workers=8
  [concurrency] workers=8 | throughput=0.2 tiles/s | fail_rate=0.0% | v decrease (throughput degrading)
  [630/1000] (63%) ok=585 fail=45 workers=8
  [640/1000] (64%) ok=594 fail=46 workers=8
  [concurrency] workers=12 | throughput=0.4 tiles/s | fail_rate=5.0% | -> nudge up
  [650/1000] (65%) ok=599 fail=51 workers=12
  checkpoint saved at 600 ok tiles
  checkpoint saved at 600 ok tiles
  [660/1000] (66%) ok=601 fail=59 workers=12
  [concurrency] workers=8 | throughput=0.2 tiles/s | fail_rate=65.0% | v back off (high fail rate)
  [670/1000] (67%) ok=608 fail=62 workers=8
  [680/1000] (68%) ok=617 fail=63 workers=8
  [concurrency] workers=8 | throughput=0.2 tiles/s | fail_rate=20.0% | v back off (high fail rate)
  [690/1000] (69%) ok=623 fail=67 workers=8
  [700/1000] (70%) ok=633 fail=67 workers=8
  [concurrency] workers=8 | throughput=0.2 tiles/s | fail_rate=20.0% | v back off (high fail rate)
  [710/1000] (71%) ok=643 fail=67 workers=8
  [720/1000] (72%) ok=653 fail=67 workers=8
  [concurrency] workers=12 | throughput=0.4 tiles/s | fail_rate=0.0% | -> nudge up
  [730/1000] (73%) ok=663 fail=67 workers=12
  [740/1000] (74%) ok=673 fail=67 workers=12
  [concurrency] workers=8 | throughput=0.3 tiles/s | fail_rate=0.0% | v decrease (throughput degrading)
  [750/1000] (75%) ok=683 fail=67 workers=8
  [760/1000] (76%) ok=693 fail=67 workers=8
  [concurrency] workers=12 | throughput=0.3 tiles/s | fail_rate=0.0% | -> nudge up
  [770/1000] (77%) ok=702 fail=68 workers=12
  [780/1000] (78%) ok=712 fail=68 workers=12
  [concurrency] workers=8 | throughput=0.2 tiles/s | fail_rate=5.0% | v decrease (throughput degrading)
  [790/1000] (79%) ok=720 fail=70 workers=8
  [800/1000] (80%) ok=730 fail=70 workers=8
  [concurrency] workers=12 | throughput=0.2 tiles/s | fail_rate=10.0% | -> nudge up
  [810/1000] (81%) ok=739 fail=71 workers=12
  [820/1000] (82%) ok=746 fail=74 workers=12
  [concurrency] workers=8 | throughput=0.2 tiles/s | fail_rate=20.0% | v back off (high fail rate)
  [830/1000] (83%) ok=755 fail=75 workers=8
  [840/1000] (84%) ok=764 fail=76 workers=8
  [concurrency] workers=12 | throughput=0.3 tiles/s | fail_rate=10.0% | -> nudge up
  [850/1000] (85%) ok=774 fail=76 workers=12
  [860/1000] (86%) ok=784 fail=76 workers=12
  [concurrency] workers=16 | throughput=0.3 tiles/s | fail_rate=0.0% | -> nudge up
  [870/1000] (87%) ok=794 fail=76 workers=16
  checkpoint saved at 800 ok tiles
  [880/1000] (88%) ok=804 fail=76 workers=16
  [concurrency] workers=16 | throughput=0.5 tiles/s | fail_rate=0.0% | -> nudge up
  [890/1000] (89%) ok=814 fail=76 workers=16
  [900/1000] (90%) ok=824 fail=76 workers=16
  [concurrency] workers=16 | throughput=0.6 tiles/s | fail_rate=0.0% | -> nudge up
  [910/1000] (91%) ok=826 fail=84 workers=16
  [920/1000] (92%) ok=833 fail=87 workers=16
  [concurrency] workers=8 | throughput=0.1 tiles/s | fail_rate=55.0% | v back off (high fail rate)
  [930/1000] (93%) ok=843 fail=87 workers=8
  [940/1000] (94%) ok=853 fail=87 workers=8
  [concurrency] workers=12 | throughput=0.2 tiles/s | fail_rate=0.0% | -> nudge up
  [950/1000] (95%) ok=862 fail=88 workers=12
  [960/1000] (96%) ok=871 fail=89 workers=12
  [concurrency] workers=8 | throughput=0.2 tiles/s | fail_rate=10.0% | v decrease (throughput degrading)
  [970/1000] (97%) ok=880 fail=90 workers=8
  [980/1000] (98%) ok=889 fail=91 workers=8
  [concurrency] workers=12 | throughput=0.3 tiles/s | fail_rate=10.0% | -> nudge up
  [990/1000] (99%) ok=899 fail=91 workers=12
  [1000/1000] (100%) ok=906 fail=94 workers=12
  [concurrency] workers=8 | throughput=0.1 tiles/s | fail_rate=15.0% | v back off (high fail rate)

  Concurrency tuning summary:
   workers    tiles/s  fail_rate
         8       0.23       0.0%
        16       0.33       0.0% <- best
        16       0.43       0.0% <- best
        16       0.46       0.0% <- best
        16       0.15       5.0% <- best
         8       0.24       0.0%
        12       0.20      40.0%
         8       0.18       0.0%
         8       0.22       0.0%
        12       0.54       0.0%
        16       0.71       0.0% <- best
        16       1.00       0.0% <- best
        16       0.19       5.0% <- best
         8       0.38       0.0%
        12       0.39       0.0%
        16       0.25       0.0% <- best
         8       0.24       0.0%
        12       0.25       0.0%
        16       0.14      30.0% <- best
         8       0.19       5.0%
        12       0.14      15.0%
         8       0.17      30.0%
         8       0.21      10.0%
        12       0.11      10.0%
         8       0.10      15.0%
         8       0.18      20.0%
         8       0.18       0.0%
        12       0.16      30.0%
         8       0.36       0.0%
        12       0.27      10.0%
         8       0.19       0.0%
         8       0.40       5.0%
        12       0.18      65.0%
         8       0.16      20.0%
         8       0.15      20.0%
         8       0.44       0.0%
        12       0.25       0.0%
         8       0.28       0.0%
        12       0.15       5.0%
         8       0.19      10.0%
        12       0.17      20.0%
         8       0.29      10.0%
        12       0.30       0.0%
        16       0.50       0.0% <- best
        16       0.57       0.0% <- best
        16       0.13      55.0% <- best
         8       0.25       0.0%
        12       0.18      10.0%
         8       0.26      10.0%
        12       0.07      15.0%
  Best: 16 workers @ 1.00 tiles/s
  Checkpoint preserved (some assets failed).

  STAC fetch complete: 906 ok / 94 failed
        fetched ok=906 fail=94
  [2/4] QC (min_valid_ratio=0.8) ...
  QC [1000/1000] passed=891
QC complete: 891 passed, 109 failed (1000 total)
        QC passed 891 / 1000
  [3/4] triage ...
  Triage [891/891] high=891 low=0 contradiction=0
Triage complete: 891 high / 0 low / 0 contradiction (891 total)
        accepted 891
  [4/4] assemble -> C:\Users\j.guthrie\Downloads\RESEARCH\infra_fm\data\curated_datasets\dataset_asia_transport_v1
C:\Users\j.guthrie\Downloads\RESEARCH\infra_fm\fetch_v1_overnight.py:221: DeprecationWarning: datetime.datetime.utcnow() is deprecated and scheduled for removal in a future version. Use timezone-aware objects to represent datetimes in UTC: datetime.datetime.now(datetime.UTC).
  "completed_at"   : datetime.utcnow().isoformat() + "Z",
  [891/891] saved=891 failed=0

Dataset assembled: 891 tiles saved, 0 failed
  Images:   C:\Users\j.guthrie\Downloads\RESEARCH\infra_fm\data\curated_datasets\dataset_asia_transport_v1\images
  Manifest: C:\Users\j.guthrie\Downloads\RESEARCH\infra_fm\data\curated_datasets\dataset_asia_transport_v1\manifest.json
  Summary:  C:\Users\j.guthrie\Downloads\RESEARCH\infra_fm\data\curated_datasets\dataset_asia_transport_v1\summary.csv

Tiles by asset type:
asset_type
transport.train_station    853
transport.airport           38

Tiles by source/modality:
source
stac_sentinel2_ms+sentinel1    891

Temporal tiles: 0 / 891
  [done] asia/transport in 4170s — 891 tiles assembled

>>> [21/28] north-america/telecom (n=279)

========================================================================
CELL  north-america/telecom   (2026-06-06 19:04:05)
========================================================================
  loaded 279 assets from north-america_telecom_v1_sample.parquet
  [1/4] STAC fetch ...
STACImageryFetcher: modalities=['sentinel2_ms', 'sentinel1'], n_bands=9, temporal_stack=False, buffer_m=300, workers=8 (adaptive)
  STAC fetch: 279 assets pending (0 already checkpointed)
  [10/279] (4%) ok=10 fail=0 workers=8
  [20/279] (7%) ok=20 fail=0 workers=8
  [concurrency] workers=16 | throughput=0.1 tiles/s | fail_rate=0.0% | ^ increase (throughput improving)
  [30/279] (11%) ok=29 fail=1 workers=16
  [40/279] (14%) ok=37 fail=3 workers=16
  [concurrency] workers=8 | throughput=0.2 tiles/s | fail_rate=15.0% | v back off (high fail rate)
  [50/279] (18%) ok=41 fail=9 workers=8
  [60/279] (22%) ok=51 fail=9 workers=8
  [concurrency] workers=8 | throughput=0.2 tiles/s | fail_rate=30.0% | v back off (high fail rate)
  [70/279] (25%) ok=59 fail=11 workers=8
  [80/279] (29%) ok=67 fail=13 workers=8
  [concurrency] workers=8 | throughput=0.2 tiles/s | fail_rate=20.0% | v back off (high fail rate)
C:\Users\j.guthrie\Downloads\RESEARCH\infra_fm\curation\stac_imagery.py:240: RuntimeWarning: invalid value encountered in log10
  arr = np.where(arr > 0, 10 * np.log10(arr + 1e-10), vmin)
  [90/279] (32%) ok=77 fail=13 workers=8
  [100/279] (36%) ok=83 fail=17 workers=8
  [concurrency] workers=8 | throughput=0.3 tiles/s | fail_rate=20.0% | v back off (high fail rate)
  [110/279] (39%) ok=92 fail=18 workers=8
  [120/279] (43%) ok=99 fail=21 workers=8
  [concurrency] workers=8 | throughput=0.1 tiles/s | fail_rate=20.0% | v back off (high fail rate)
  [130/279] (47%) ok=105 fail=25 workers=8
  [140/279] (50%) ok=112 fail=28 workers=8
  [concurrency] workers=8 | throughput=0.1 tiles/s | fail_rate=35.0% | v back off (high fail rate)
  [150/279] (54%) ok=117 fail=33 workers=8
  [160/279] (57%) ok=123 fail=37 workers=8
  [concurrency] workers=8 | throughput=0.1 tiles/s | fail_rate=45.0% | v back off (high fail rate)
  [170/279] (61%) ok=132 fail=38 workers=8
  [180/279] (65%) ok=141 fail=39 workers=8
  [concurrency] workers=16 | throughput=0.3 tiles/s | fail_rate=10.0% | ^ increase (throughput improving)
  [190/279] (68%) ok=150 fail=40 workers=16
  [200/279] (72%) ok=157 fail=43 workers=16
  [concurrency] workers=8 | throughput=0.1 tiles/s | fail_rate=20.0% | v back off (high fail rate)
  [210/279] (75%) ok=167 fail=43 workers=8
  [220/279] (79%) ok=177 fail=43 workers=8
  [concurrency] workers=12 | throughput=0.3 tiles/s | fail_rate=0.0% | -> nudge up
  [230/279] (82%) ok=186 fail=44 workers=12
  [240/279] (86%) ok=195 fail=45 workers=12
  [concurrency] workers=8 | throughput=0.1 tiles/s | fail_rate=10.0% | v decrease (throughput degrading)
  checkpoint saved at 200 ok tiles
  [250/279] (90%) ok=204 fail=46 workers=8
  [260/279] (93%) ok=213 fail=47 workers=8
  [concurrency] workers=12 | throughput=0.1 tiles/s | fail_rate=10.0% | -> nudge up
  [270/279] (97%) ok=222 fail=48 workers=12
  [279/279] (100%) ok=227 fail=52 workers=12

  Concurrency tuning summary:
   workers    tiles/s  fail_rate
         8       0.08       0.0% <- best
        16       0.15      15.0%
         8       0.21      30.0% <- best
         8       0.21      20.0% <- best
         8       0.25      20.0% <- best
         8       0.09      20.0% <- best
         8       0.06      35.0% <- best
         8       0.06      45.0% <- best
         8       0.33      10.0% <- best
        16       0.11      20.0%
         8       0.30       0.0% <- best
        12       0.07      10.0%
         8       0.14      10.0% <- best
  Best: 8 workers @ 0.33 tiles/s
  Checkpoint preserved (some assets failed).

  STAC fetch complete: 227 ok / 52 failed
        fetched ok=227 fail=52
  [2/4] QC (min_valid_ratio=0.8) ...
  QC [279/279] passed=226
QC complete: 226 passed, 53 failed (279 total)
        QC passed 226 / 279
  [3/4] triage ...
  Triage [226/226] high=226 low=0 contradiction=0
Triage complete: 226 high / 0 low / 0 contradiction (226 total)
        accepted 226
  [4/4] assemble -> C:\Users\j.guthrie\Downloads\RESEARCH\infra_fm\data\curated_datasets\dataset_north-america_telecom_v1
C:\Users\j.guthrie\Downloads\RESEARCH\infra_fm\fetch_v1_overnight.py:221: DeprecationWarning: datetime.datetime.utcnow() is deprecated and scheduled for removal in a future version. Use timezone-aware objects to represent datetimes in UTC: datetime.datetime.now(datetime.UTC).
  "completed_at"   : datetime.utcnow().isoformat() + "Z",
  [226/226] saved=226 failed=0

Dataset assembled: 226 tiles saved, 0 failed
  Images:   C:\Users\j.guthrie\Downloads\RESEARCH\infra_fm\data\curated_datasets\dataset_north-america_telecom_v1\images
  Manifest: C:\Users\j.guthrie\Downloads\RESEARCH\infra_fm\data\curated_datasets\dataset_north-america_telecom_v1\manifest.json
  Summary:  C:\Users\j.guthrie\Downloads\RESEARCH\infra_fm\data\curated_datasets\dataset_north-america_telecom_v1\summary.csv

Tiles by asset type:
asset_type
telecom.data_center    226

Tiles by source/modality:
source
stac_sentinel2_ms+sentinel1    226

Temporal tiles: 0 / 226
  [done] north-america/telecom in 2179s — 226 tiles assembled

>>> [22/28] north-america/energy (n=999)

========================================================================
CELL  north-america/energy   (2026-06-06 19:40:24)
========================================================================
  loaded 999 assets from north-america_energy_v1_sample.parquet
  [1/4] STAC fetch ...
STACImageryFetcher: modalities=['sentinel2_ms', 'sentinel1'], n_bands=9, temporal_stack=False, buffer_m=300, workers=8 (adaptive)
  STAC fetch: 999 assets pending (0 already checkpointed)
  [10/999] (1%) ok=9 fail=1 workers=8
  [20/999] (2%) ok=18 fail=2 workers=8
  [concurrency] workers=16 | throughput=0.1 tiles/s | fail_rate=10.0% | ^ increase (throughput improving)
  [30/999] (3%) ok=28 fail=2 workers=16
  [40/999] (4%) ok=38 fail=2 workers=16
  [concurrency] workers=16 | throughput=0.1 tiles/s | fail_rate=0.0% | ^ increase (throughput improving)
  [50/999] (5%) ok=45 fail=5 workers=16
  [60/999] (6%) ok=52 fail=8 workers=16
  [concurrency] workers=8 | throughput=0.3 tiles/s | fail_rate=30.0% | v back off (high fail rate)
  [70/999] (7%) ok=62 fail=8 workers=8
  [80/999] (8%) ok=72 fail=8 workers=8
  [concurrency] workers=16 | throughput=0.5 tiles/s | fail_rate=0.0% | ^ increase (throughput improving)
  [90/999] (9%) ok=81 fail=9 workers=16
  [100/999] (10%) ok=90 fail=10 workers=16
  [concurrency] workers=8 | throughput=0.1 tiles/s | fail_rate=10.0% | v decrease (throughput degrading)
  [110/999] (11%) ok=99 fail=11 workers=8
  [120/999] (12%) ok=109 fail=11 workers=8
  [concurrency] workers=12 | throughput=0.4 tiles/s | fail_rate=5.0% | -> nudge up
  [130/999] (13%) ok=118 fail=12 workers=12
  [140/999] (14%) ok=128 fail=12 workers=12
  [concurrency] workers=8 | throughput=0.2 tiles/s | fail_rate=5.0% | v decrease (throughput degrading)
  [150/999] (15%) ok=132 fail=18 workers=8
  [160/999] (16%) ok=140 fail=20 workers=8
  [concurrency] workers=8 | throughput=0.1 tiles/s | fail_rate=40.0% | v back off (high fail rate)
  [170/999] (17%) ok=146 fail=24 workers=8
  [180/999] (18%) ok=156 fail=24 workers=8
  [concurrency] workers=8 | throughput=0.2 tiles/s | fail_rate=20.0% | v back off (high fail rate)
  [190/999] (19%) ok=166 fail=24 workers=8
  [200/999] (20%) ok=174 fail=26 workers=8
  [concurrency] workers=8 | throughput=0.2 tiles/s | fail_rate=10.0% | v decrease (throughput degrading)
  [210/999] (21%) ok=181 fail=29 workers=8
  [220/999] (22%) ok=191 fail=29 workers=8
  [concurrency] workers=8 | throughput=0.2 tiles/s | fail_rate=15.0% | v back off (high fail rate)
  [230/999] (23%) ok=199 fail=31 workers=8
  checkpoint saved at 200 ok tiles
  [240/999] (24%) ok=207 fail=33 workers=8
  [concurrency] workers=8 | throughput=0.1 tiles/s | fail_rate=20.0% | v back off (high fail rate)
  [250/999] (25%) ok=216 fail=34 workers=8
  [260/999] (26%) ok=223 fail=37 workers=8
  [concurrency] workers=8 | throughput=0.1 tiles/s | fail_rate=20.0% | v back off (high fail rate)
  [270/999] (27%) ok=230 fail=40 workers=8
  [280/999] (28%) ok=236 fail=44 workers=8
  [concurrency] workers=8 | throughput=0.1 tiles/s | fail_rate=35.0% | v back off (high fail rate)
  [290/999] (29%) ok=246 fail=44 workers=8
C:\Users\j.guthrie\Downloads\RESEARCH\infra_fm\curation\stac_imagery.py:240: RuntimeWarning: invalid value encountered in log10
  arr = np.where(arr > 0, 10 * np.log10(arr + 1e-10), vmin)
  [300/999] (30%) ok=251 fail=49 workers=8
  [concurrency] workers=8 | throughput=0.3 tiles/s | fail_rate=25.0% | v back off (high fail rate)
  [310/999] (31%) ok=261 fail=49 workers=8
  [320/999] (32%) ok=271 fail=49 workers=8
  [concurrency] workers=8 | throughput=0.2 tiles/s | fail_rate=0.0% | v decrease (throughput degrading)
  [330/999] (33%) ok=279 fail=51 workers=8
  [340/999] (34%) ok=289 fail=51 workers=8
  [concurrency] workers=12 | throughput=0.3 tiles/s | fail_rate=10.0% | -> nudge up
  [350/999] (35%) ok=299 fail=51 workers=12
  [360/999] (36%) ok=309 fail=51 workers=12
  [concurrency] workers=16 | throughput=0.4 tiles/s | fail_rate=0.0% | -> nudge up
  [370/999] (37%) ok=318 fail=52 workers=16
  [380/999] (38%) ok=328 fail=52 workers=16
  [concurrency] workers=8 | throughput=0.3 tiles/s | fail_rate=5.0% | v decrease (throughput degrading)
  [390/999] (39%) ok=337 fail=53 workers=8
  [400/999] (40%) ok=342 fail=58 workers=8
  [concurrency] workers=8 | throughput=0.4 tiles/s | fail_rate=30.0% | v back off (high fail rate)
  [410/999] (41%) ok=348 fail=62 workers=8
  [420/999] (42%) ok=357 fail=63 workers=8
  [concurrency] workers=8 | throughput=0.1 tiles/s | fail_rate=25.0% | v back off (high fail rate)
  [430/999] (43%) ok=367 fail=63 workers=8
  [440/999] (44%) ok=376 fail=64 workers=8
  [concurrency] workers=12 | throughput=0.2 tiles/s | fail_rate=5.0% | -> nudge up
  [450/999] (45%) ok=385 fail=65 workers=12
  [460/999] (46%) ok=390 fail=70 workers=12
  [concurrency] workers=8 | throughput=0.2 tiles/s | fail_rate=30.0% | v back off (high fail rate)
  [470/999] (47%) ok=397 fail=73 workers=8
  checkpoint saved at 400 ok tiles
  [480/999] (48%) ok=407 fail=73 workers=8
  [concurrency] workers=8 | throughput=0.2 tiles/s | fail_rate=15.0% | v back off (high fail rate)
  [490/999] (49%) ok=415 fail=75 workers=8
  [500/999] (50%) ok=423 fail=77 workers=8
  [concurrency] workers=8 | throughput=0.1 tiles/s | fail_rate=20.0% | v back off (high fail rate)
  [510/999] (51%) ok=433 fail=77 workers=8
  [520/999] (52%) ok=438 fail=82 workers=8
  [concurrency] workers=8 | throughput=0.2 tiles/s | fail_rate=25.0% | v back off (high fail rate)
  [530/999] (53%) ok=447 fail=83 workers=8
  [540/999] (54%) ok=451 fail=89 workers=8
  [concurrency] workers=8 | throughput=0.2 tiles/s | fail_rate=35.0% | v back off (high fail rate)
  [550/999] (55%) ok=454 fail=96 workers=8
  [560/999] (56%) ok=459 fail=101 workers=8
  [concurrency] workers=8 | throughput=0.1 tiles/s | fail_rate=60.0% | v back off (high fail rate)
  [570/999] (57%) ok=469 fail=101 workers=8
  [580/999] (58%) ok=479 fail=101 workers=8
  [concurrency] workers=12 | throughput=0.3 tiles/s | fail_rate=0.0% | -> nudge up
  [590/999] (59%) ok=489 fail=101 workers=12
  [600/999] (60%) ok=499 fail=101 workers=12
  [concurrency] workers=16 | throughput=0.5 tiles/s | fail_rate=0.0% | -> nudge up
  [610/999] (61%) ok=505 fail=105 workers=16
  [620/999] (62%) ok=515 fail=105 workers=16
  [concurrency] workers=8 | throughput=0.1 tiles/s | fail_rate=20.0% | v back off (high fail rate)
  [630/999] (63%) ok=525 fail=105 workers=8
  [640/999] (64%) ok=535 fail=105 workers=8
  [concurrency] workers=12 | throughput=0.2 tiles/s | fail_rate=0.0% | -> nudge up
  [650/999] (65%) ok=545 fail=105 workers=12
  [660/999] (66%) ok=555 fail=105 workers=12
  [concurrency] workers=16 | throughput=0.3 tiles/s | fail_rate=0.0% | -> nudge up
  [670/999] (67%) ok=565 fail=105 workers=16
  [680/999] (68%) ok=575 fail=105 workers=16
  [concurrency] workers=8 | throughput=0.1 tiles/s | fail_rate=0.0% | v decrease (throughput degrading)
  [690/999] (69%) ok=583 fail=107 workers=8
  [700/999] (70%) ok=593 fail=107 workers=8
  [concurrency] workers=8 | throughput=0.1 tiles/s | fail_rate=10.0% | v decrease (throughput degrading)
  checkpoint saved at 600 ok tiles
  [710/999] (71%) ok=603 fail=107 workers=8
  [720/999] (72%) ok=611 fail=109 workers=8
  [concurrency] workers=12 | throughput=0.2 tiles/s | fail_rate=10.0% | -> nudge up
  [730/999] (73%) ok=621 fail=109 workers=12
  [740/999] (74%) ok=631 fail=109 workers=12
  [concurrency] workers=16 | throughput=0.8 tiles/s | fail_rate=0.0% | ^ increase (throughput improving)
  [750/999] (75%) ok=640 fail=110 workers=16
  [760/999] (76%) ok=650 fail=110 workers=16
  [concurrency] workers=8 | throughput=0.6 tiles/s | fail_rate=5.0% | v decrease (throughput degrading)
  [770/999] (77%) ok=660 fail=110 workers=8
  [780/999] (78%) ok=670 fail=110 workers=8
  [concurrency] workers=16 | throughput=0.9 tiles/s | fail_rate=0.0% | ^ increase (throughput improving)
  [790/999] (79%) ok=680 fail=110 workers=16
  [800/999] (80%) ok=686 fail=114 workers=16
  [concurrency] workers=8 | throughput=0.3 tiles/s | fail_rate=20.0% | v back off (high fail rate)
  [810/999] (81%) ok=696 fail=114 workers=8
  [820/999] (82%) ok=706 fail=114 workers=8
  [concurrency] workers=12 | throughput=0.3 tiles/s | fail_rate=0.0% | -> nudge up
  [830/999] (83%) ok=716 fail=114 workers=12
  [840/999] (84%) ok=725 fail=115 workers=12
  [concurrency] workers=16 | throughput=0.3 tiles/s | fail_rate=5.0% | -> nudge up
  [850/999] (85%) ok=735 fail=115 workers=16
  [860/999] (86%) ok=745 fail=115 workers=16
  [concurrency] workers=16 | throughput=0.4 tiles/s | fail_rate=0.0% | -> nudge up
  [870/999] (87%) ok=753 fail=117 workers=16
  [880/999] (88%) ok=763 fail=117 workers=16
  [concurrency] workers=16 | throughput=0.4 tiles/s | fail_rate=10.0% | -> nudge up
  [890/999] (89%) ok=773 fail=117 workers=16
  [900/999] (90%) ok=781 fail=119 workers=16
  [concurrency] workers=8 | throughput=0.2 tiles/s | fail_rate=10.0% | v decrease (throughput degrading)
  [910/999] (91%) ok=791 fail=119 workers=8
  checkpoint saved at 800 ok tiles
  [920/999] (92%) ok=801 fail=119 workers=8
  [concurrency] workers=8 | throughput=0.1 tiles/s | fail_rate=0.0% | v decrease (throughput degrading)
  [930/999] (93%) ok=809 fail=121 workers=8
  [940/999] (94%) ok=818 fail=122 workers=8
  [concurrency] workers=8 | throughput=0.2 tiles/s | fail_rate=15.0% | v back off (high fail rate)
  [950/999] (95%) ok=827 fail=123 workers=8
  [960/999] (96%) ok=837 fail=123 workers=8
  [concurrency] workers=12 | throughput=0.4 tiles/s | fail_rate=5.0% | -> nudge up
  [970/999] (97%) ok=840 fail=130 workers=12
  [980/999] (98%) ok=844 fail=136 workers=12
  [concurrency] workers=8 | throughput=0.3 tiles/s | fail_rate=65.0% | v back off (high fail rate)
  [990/999] (99%) ok=849 fail=141 workers=8
  [999/999] (100%) ok=857 fail=142 workers=8

  Concurrency tuning summary:
   workers    tiles/s  fail_rate
         8       0.10      10.0% <- best
        16       0.14       0.0%
        16       0.29      30.0%
         8       0.50       0.0% <- best
        16       0.11      10.0%
         8       0.42       5.0% <- best
        12       0.16       5.0%
         8       0.09      40.0% <- best
         8       0.23      20.0% <- best
         8       0.18      10.0% <- best
         8       0.15      15.0% <- best
         8       0.12      20.0% <- best
         8       0.14      20.0% <- best
         8       0.12      35.0% <- best
         8       0.32      25.0% <- best
         8       0.24       0.0% <- best
         8       0.28      10.0% <- best
        12       0.38       0.0%
        16       0.29       5.0%
         8       0.38      30.0% <- best
         8       0.10      25.0% <- best
         8       0.25       5.0% <- best
        12       0.23      30.0%
         8       0.24      15.0% <- best
         8       0.13      20.0% <- best
         8       0.18      25.0% <- best
         8       0.15      35.0% <- best
         8       0.11      60.0% <- best
         8       0.26       0.0% <- best
        12       0.48       0.0%
        16       0.15      20.0%
         8       0.22       0.0% <- best
        12       0.30       0.0%
        16       0.15       0.0%
         8       0.12      10.0% <- best
         8       0.15      10.0% <- best
        12       0.79       0.0%
        16       0.60       5.0%
         8       0.90       0.0% <- best
        16       0.26      20.0%
         8       0.32       0.0% <- best
        12       0.32       5.0%
        16       0.38       0.0%
        16       0.37      10.0%
        16       0.24      10.0%
         8       0.11       0.0% <- best
         8       0.18      15.0% <- best
         8       0.41       5.0% <- best
        12       0.31      65.0%
  Best: 8 workers @ 0.90 tiles/s
  Checkpoint preserved (some assets failed).

  STAC fetch complete: 857 ok / 142 failed
        fetched ok=857 fail=142
  [2/4] QC (min_valid_ratio=0.8) ...
  QC [999/999] passed=851
QC complete: 851 passed, 148 failed (999 total)
        QC passed 851 / 999
  [3/4] triage ...
  Triage [851/851] high=851 low=0 contradiction=0
Triage complete: 851 high / 0 low / 0 contradiction (851 total)
        accepted 851
  [4/4] assemble -> C:\Users\j.guthrie\Downloads\RESEARCH\infra_fm\data\curated_datasets\dataset_north-america_energy_v1
C:\Users\j.guthrie\Downloads\RESEARCH\infra_fm\fetch_v1_overnight.py:221: DeprecationWarning: datetime.datetime.utcnow() is deprecated and scheduled for removal in a future version. Use timezone-aware objects to represent datetimes in UTC: datetime.datetime.now(datetime.UTC).
  "completed_at"   : datetime.utcnow().isoformat() + "Z",
  [851/851] saved=851 failed=0

Dataset assembled: 851 tiles saved, 0 failed
  Images:   C:\Users\j.guthrie\Downloads\RESEARCH\infra_fm\data\curated_datasets\dataset_north-america_energy_v1\images
  Manifest: C:\Users\j.guthrie\Downloads\RESEARCH\infra_fm\data\curated_datasets\dataset_north-america_energy_v1\manifest.json
  Summary:  C:\Users\j.guthrie\Downloads\RESEARCH\infra_fm\data\curated_datasets\dataset_north-america_energy_v1\summary.csv

Tiles by asset type:
asset_type
energy.distribution.substation_untyped    392
energy.distribution.substation            230
energy.generation.solar_farm               75
energy.transmission.substation             70
energy.generation.power_plant              49
energy.distribution.substation_minor       35

Tiles by source/modality:
source
stac_sentinel2_ms+sentinel1    851

Temporal tiles: 0 / 851
  [done] north-america/energy in 4446s — 851 tiles assembled

>>> [23/28] north-america/water (n=1,000)

========================================================================
CELL  north-america/water   (2026-06-06 20:54:29)
========================================================================
  loaded 1,000 assets from north-america_water_v1_sample.parquet
  [1/4] STAC fetch ...
STACImageryFetcher: modalities=['sentinel2_ms', 'sentinel1'], n_bands=9, temporal_stack=False, buffer_m=300, workers=8 (adaptive)
  STAC fetch: 1000 assets pending (0 already checkpointed)
  [10/1000] (1%) ok=9 fail=1 workers=8
  [20/1000] (2%) ok=18 fail=2 workers=8
  [concurrency] workers=16 | throughput=0.1 tiles/s | fail_rate=10.0% | ^ increase (throughput improving)
  [30/1000] (3%) ok=23 fail=7 workers=16
  [40/1000] (4%) ok=32 fail=8 workers=16
  [concurrency] workers=8 | throughput=0.1 tiles/s | fail_rate=30.0% | v back off (high fail rate)
  [50/1000] (5%) ok=40 fail=10 workers=8
  [60/1000] (6%) ok=49 fail=11 workers=8
  [concurrency] workers=8 | throughput=0.1 tiles/s | fail_rate=15.0% | v back off (high fail rate)
  [70/1000] (7%) ok=55 fail=15 workers=8
  [80/1000] (8%) ok=65 fail=15 workers=8
  [concurrency] workers=8 | throughput=0.1 tiles/s | fail_rate=20.0% | v back off (high fail rate)
  [90/1000] (9%) ok=73 fail=17 workers=8
  [100/1000] (10%) ok=83 fail=17 workers=8
  [concurrency] workers=16 | throughput=0.1 tiles/s | fail_rate=10.0% | ^ increase (throughput improving)
  [110/1000] (11%) ok=92 fail=18 workers=16
  [120/1000] (12%) ok=100 fail=20 workers=16
  [concurrency] workers=8 | throughput=0.1 tiles/s | fail_rate=15.0% | v back off (high fail rate)
  [130/1000] (13%) ok=110 fail=20 workers=8
  [140/1000] (14%) ok=119 fail=21 workers=8
  [concurrency] workers=16 | throughput=0.2 tiles/s | fail_rate=5.0% | ^ increase (throughput improving)
  [150/1000] (15%) ok=128 fail=22 workers=16
  [160/1000] (16%) ok=137 fail=23 workers=16
  [concurrency] workers=8 | throughput=0.1 tiles/s | fail_rate=10.0% | v decrease (throughput degrading)
  [170/1000] (17%) ok=145 fail=25 workers=8
  [180/1000] (18%) ok=154 fail=26 workers=8
  [concurrency] workers=8 | throughput=0.2 tiles/s | fail_rate=15.0% | v back off (high fail rate)
  [190/1000] (19%) ok=164 fail=26 workers=8
  [200/1000] (20%) ok=174 fail=26 workers=8
  [concurrency] workers=16 | throughput=0.3 tiles/s | fail_rate=0.0% | ^ increase (throughput improving)
C:\Users\j.guthrie\Downloads\RESEARCH\infra_fm\curation\stac_imagery.py:240: RuntimeWarning: invalid value encountered in log10
  arr = np.where(arr > 0, 10 * np.log10(arr + 1e-10), vmin)
  [210/1000] (21%) ok=180 fail=30 workers=16
  [220/1000] (22%) ok=186 fail=34 workers=16
  [concurrency] workers=8 | throughput=0.1 tiles/s | fail_rate=40.0% | v back off (high fail rate)
  [230/1000] (23%) ok=196 fail=34 workers=8
  checkpoint saved at 200 ok tiles
  [240/1000] (24%) ok=206 fail=34 workers=8
  [concurrency] workers=12 | throughput=0.2 tiles/s | fail_rate=0.0% | -> nudge up
  [250/1000] (25%) ok=213 fail=37 workers=12
  [260/1000] (26%) ok=223 fail=37 workers=12
  [concurrency] workers=8 | throughput=0.1 tiles/s | fail_rate=15.0% | v back off (high fail rate)
  [270/1000] (27%) ok=232 fail=38 workers=8
  [280/1000] (28%) ok=242 fail=38 workers=8
  [concurrency] workers=16 | throughput=0.5 tiles/s | fail_rate=5.0% | ^ increase (throughput improving)
  [290/1000] (29%) ok=252 fail=38 workers=16
  [300/1000] (30%) ok=260 fail=40 workers=16
  [concurrency] workers=8 | throughput=0.2 tiles/s | fail_rate=10.0% | v decrease (throughput degrading)
  [310/1000] (31%) ok=269 fail=41 workers=8
  [320/1000] (32%) ok=279 fail=41 workers=8
  [concurrency] workers=12 | throughput=0.3 tiles/s | fail_rate=5.0% | -> nudge up
  [330/1000] (33%) ok=288 fail=42 workers=12
  [340/1000] (34%) ok=296 fail=44 workers=12
  [concurrency] workers=8 | throughput=0.1 tiles/s | fail_rate=15.0% | v back off (high fail rate)
  [350/1000] (35%) ok=304 fail=46 workers=8
  [360/1000] (36%) ok=310 fail=50 workers=8
  [concurrency] workers=8 | throughput=0.1 tiles/s | fail_rate=30.0% | v back off (high fail rate)
  [370/1000] (37%) ok=318 fail=52 workers=8
  [380/1000] (38%) ok=328 fail=52 workers=8
  [concurrency] workers=12 | throughput=0.2 tiles/s | fail_rate=10.0% | -> nudge up
  [390/1000] (39%) ok=335 fail=55 workers=12
  [400/1000] (40%) ok=343 fail=57 workers=12
  [concurrency] workers=8 | throughput=0.2 tiles/s | fail_rate=25.0% | v back off (high fail rate)
  [410/1000] (41%) ok=353 fail=57 workers=8
  [420/1000] (42%) ok=363 fail=57 workers=8
  [concurrency] workers=12 | throughput=0.2 tiles/s | fail_rate=0.0% | -> nudge up
  [430/1000] (43%) ok=370 fail=60 workers=12
  [440/1000] (44%) ok=375 fail=65 workers=12
  [concurrency] workers=8 | throughput=0.1 tiles/s | fail_rate=40.0% | v back off (high fail rate)
  [450/1000] (45%) ok=383 fail=67 workers=8
  [460/1000] (46%) ok=393 fail=67 workers=8
  [concurrency] workers=12 | throughput=0.3 tiles/s | fail_rate=10.0% | -> nudge up
  checkpoint saved at 400 ok tiles
  [470/1000] (47%) ok=403 fail=67 workers=12
  [480/1000] (48%) ok=413 fail=67 workers=12
  [concurrency] workers=16 | throughput=0.4 tiles/s | fail_rate=0.0% | -> nudge up
  [490/1000] (49%) ok=423 fail=67 workers=16
  [500/1000] (50%) ok=427 fail=73 workers=16
  [concurrency] workers=8 | throughput=0.3 tiles/s | fail_rate=30.0% | v back off (high fail rate)
  [510/1000] (51%) ok=437 fail=73 workers=8
  [520/1000] (52%) ok=443 fail=77 workers=8
  [concurrency] workers=8 | throughput=0.1 tiles/s | fail_rate=20.0% | v back off (high fail rate)
  [530/1000] (53%) ok=447 fail=83 workers=8
  [540/1000] (54%) ok=453 fail=87 workers=8
  [concurrency] workers=8 | throughput=0.1 tiles/s | fail_rate=50.0% | v back off (high fail rate)
  [550/1000] (55%) ok=463 fail=87 workers=8
  [560/1000] (56%) ok=471 fail=89 workers=8
  [concurrency] workers=12 | throughput=0.3 tiles/s | fail_rate=10.0% | -> nudge up
  [570/1000] (57%) ok=476 fail=94 workers=12
  [580/1000] (58%) ok=485 fail=95 workers=12
  [concurrency] workers=8 | throughput=0.2 tiles/s | fail_rate=30.0% | v back off (high fail rate)
  [590/1000] (59%) ok=493 fail=97 workers=8
  [600/1000] (60%) ok=502 fail=98 workers=8
  [concurrency] workers=8 | throughput=0.1 tiles/s | fail_rate=15.0% | v back off (high fail rate)
  [610/1000] (61%) ok=512 fail=98 workers=8
  [620/1000] (62%) ok=517 fail=103 workers=8
  [concurrency] workers=8 | throughput=0.4 tiles/s | fail_rate=25.0% | v back off (high fail rate)
  [630/1000] (63%) ok=521 fail=109 workers=8
  [640/1000] (64%) ok=530 fail=110 workers=8
  [concurrency] workers=8 | throughput=0.1 tiles/s | fail_rate=35.0% | v back off (high fail rate)
  [650/1000] (65%) ok=540 fail=110 workers=8
  [660/1000] (66%) ok=550 fail=110 workers=8
  [concurrency] workers=12 | throughput=0.1 tiles/s | fail_rate=0.0% | -> nudge up
  [670/1000] (67%) ok=556 fail=114 workers=12
  [680/1000] (68%) ok=566 fail=114 workers=12
  [concurrency] workers=8 | throughput=0.2 tiles/s | fail_rate=20.0% | v back off (high fail rate)
  [690/1000] (69%) ok=576 fail=114 workers=8
  [700/1000] (70%) ok=582 fail=118 workers=8
  [concurrency] workers=8 | throughput=0.1 tiles/s | fail_rate=20.0% | v back off (high fail rate)
  [710/1000] (71%) ok=589 fail=121 workers=8
  [720/1000] (72%) ok=598 fail=122 workers=8
  [concurrency] workers=8 | throughput=0.1 tiles/s | fail_rate=20.0% | v back off (high fail rate)
  checkpoint saved at 600 ok tiles
  [730/1000] (73%) ok=608 fail=122 workers=8
  [740/1000] (74%) ok=618 fail=122 workers=8
  [concurrency] workers=12 | throughput=0.3 tiles/s | fail_rate=0.0% | -> nudge up
  [750/1000] (75%) ok=628 fail=122 workers=12
  [760/1000] (76%) ok=637 fail=123 workers=12
  [concurrency] workers=16 | throughput=0.4 tiles/s | fail_rate=5.0% | -> nudge up
  [770/1000] (77%) ok=646 fail=124 workers=16
  [780/1000] (78%) ok=656 fail=124 workers=16
  [concurrency] workers=8 | throughput=0.2 tiles/s | fail_rate=5.0% | v decrease (throughput degrading)
  [790/1000] (79%) ok=666 fail=124 workers=8
  [800/1000] (80%) ok=674 fail=126 workers=8
  [concurrency] workers=12 | throughput=0.2 tiles/s | fail_rate=10.0% | -> nudge up
  [810/1000] (81%) ok=684 fail=126 workers=12
  [820/1000] (82%) ok=694 fail=126 workers=12
  [concurrency] workers=16 | throughput=0.3 tiles/s | fail_rate=0.0% | -> nudge up
  [830/1000] (83%) ok=703 fail=127 workers=16
  [840/1000] (84%) ok=713 fail=127 workers=16
  [concurrency] workers=8 | throughput=0.1 tiles/s | fail_rate=5.0% | v decrease (throughput degrading)
  [850/1000] (85%) ok=723 fail=127 workers=8
  [860/1000] (86%) ok=732 fail=128 workers=8
  [concurrency] workers=12 | throughput=0.2 tiles/s | fail_rate=5.0% | -> nudge up
  [870/1000] (87%) ok=741 fail=129 workers=12
  [880/1000] (88%) ok=750 fail=130 workers=12
  [concurrency] workers=8 | throughput=0.1 tiles/s | fail_rate=10.0% | v decrease (throughput degrading)
  [890/1000] (89%) ok=760 fail=130 workers=8
  [900/1000] (90%) ok=770 fail=130 workers=8
  [concurrency] workers=12 | throughput=0.2 tiles/s | fail_rate=0.0% | -> nudge up
  [910/1000] (91%) ok=779 fail=131 workers=12
  [920/1000] (92%) ok=785 fail=135 workers=12
  [concurrency] workers=8 | throughput=0.3 tiles/s | fail_rate=25.0% | v back off (high fail rate)
  [930/1000] (93%) ok=791 fail=139 workers=8
  checkpoint saved at 800 ok tiles
  [940/1000] (94%) ok=801 fail=139 workers=8
  [concurrency] workers=8 | throughput=0.2 tiles/s | fail_rate=20.0% | v back off (high fail rate)
  [950/1000] (95%) ok=810 fail=140 workers=8
  [960/1000] (96%) ok=819 fail=141 workers=8
  [concurrency] workers=8 | throughput=0.1 tiles/s | fail_rate=10.0% | v decrease (throughput degrading)
  [970/1000] (97%) ok=828 fail=142 workers=8
  [980/1000] (98%) ok=837 fail=143 workers=8
  [concurrency] workers=12 | throughput=0.2 tiles/s | fail_rate=10.0% | -> nudge up
  [990/1000] (99%) ok=846 fail=144 workers=12
  [1000/1000] (100%) ok=856 fail=144 workers=12
  [concurrency] workers=8 | throughput=0.0 tiles/s | fail_rate=5.0% | v decrease (throughput degrading)

  Concurrency tuning summary:
   workers    tiles/s  fail_rate
         8       0.08      10.0% <- best
        16       0.08      30.0%
         8       0.13      15.0% <- best
         8       0.14      20.0% <- best
         8       0.13      10.0% <- best
        16       0.15      15.0%
         8       0.19       5.0% <- best
        16       0.11      10.0%
         8       0.21      15.0% <- best
         8       0.34       0.0% <- best
        16       0.09      40.0%
         8       0.22       0.0% <- best
        12       0.14      15.0%
         8       0.46       5.0% <- best
        16       0.16      10.0%
         8       0.25       5.0% <- best
        12       0.14      15.0%
         8       0.08      30.0% <- best
         8       0.24      10.0% <- best
        12       0.17      25.0%
         8       0.19       0.0% <- best
        12       0.13      40.0%
         8       0.26      10.0% <- best
        12       0.41       0.0%
        16       0.29      30.0%
         8       0.08      20.0% <- best
         8       0.10      50.0% <- best
         8       0.25      10.0% <- best
        12       0.22      30.0%
         8       0.12      15.0% <- best
         8       0.41      25.0% <- best
         8       0.12      35.0% <- best
         8       0.13       0.0% <- best
        12       0.24      20.0%
         8       0.12      20.0% <- best
         8       0.14      20.0% <- best
         8       0.27       0.0% <- best
        12       0.39       5.0%
        16       0.15       5.0%
         8       0.22      10.0% <- best
        12       0.30       0.0%
        16       0.15       5.0%
         8       0.21       5.0% <- best
        12       0.12      10.0%
         8       0.24       0.0% <- best
        12       0.25      25.0%
         8       0.18      20.0% <- best
         8       0.12      10.0% <- best
         8       0.24      10.0% <- best
        12       0.00       5.0%
  Best: 8 workers @ 0.46 tiles/s
  Checkpoint preserved (some assets failed).

  STAC fetch complete: 856 ok / 144 failed
        fetched ok=856 fail=144
  [2/4] QC (min_valid_ratio=0.8) ...
  QC [1000/1000] passed=848
QC complete: 848 passed, 152 failed (1000 total)
        QC passed 848 / 1000
  [3/4] triage ...
  Triage [848/848] high=848 low=0 contradiction=0
Triage complete: 848 high / 0 low / 0 contradiction (848 total)
        accepted 848
  [4/4] assemble -> C:\Users\j.guthrie\Downloads\RESEARCH\infra_fm\data\curated_datasets\dataset_north-america_water_v1
C:\Users\j.guthrie\Downloads\RESEARCH\infra_fm\fetch_v1_overnight.py:221: DeprecationWarning: datetime.datetime.utcnow() is deprecated and scheduled for removal in a future version. Use timezone-aware objects to represent datetimes in UTC: datetime.datetime.now(datetime.UTC).
  "completed_at"   : datetime.utcnow().isoformat() + "Z",
  [848/848] saved=848 failed=0

Dataset assembled: 848 tiles saved, 0 failed
  Images:   C:\Users\j.guthrie\Downloads\RESEARCH\infra_fm\data\curated_datasets\dataset_north-america_water_v1\images
  Manifest: C:\Users\j.guthrie\Downloads\RESEARCH\infra_fm\data\curated_datasets\dataset_north-america_water_v1\manifest.json
  Summary:  C:\Users\j.guthrie\Downloads\RESEARCH\infra_fm\data\curated_datasets\dataset_north-america_water_v1\summary.csv

Tiles by asset type:
asset_type
water.storage_tank        408
water.wastewater.plant    339
water.treatment.plant     101

Tiles by source/modality:
source
stac_sentinel2_ms+sentinel1    848

Temporal tiles: 0 / 848
  [done] north-america/water in 13208s — 848 tiles assembled

>>> [24/28] north-america/transport (n=1,001)

========================================================================
CELL  north-america/transport   (2026-06-07 00:34:38)
========================================================================
  loaded 1,001 assets from north-america_transport_v1_sample.parquet
  [1/4] STAC fetch ...
STACImageryFetcher: modalities=['sentinel2_ms', 'sentinel1'], n_bands=9, temporal_stack=False, buffer_m=300, workers=8 (adaptive)
  STAC fetch: 1001 assets pending (0 already checkpointed)
  [10/1001] (1%) ok=2 fail=8 workers=8
  [20/1001] (2%) ok=11 fail=9 workers=8
  [concurrency] workers=8 | throughput=0.0 tiles/s | fail_rate=45.0% | v back off (high fail rate)
  [30/1001] (3%) ok=21 fail=9 workers=8
  [40/1001] (4%) ok=28 fail=12 workers=8
  [concurrency] workers=8 | throughput=0.1 tiles/s | fail_rate=15.0% | v back off (high fail rate)
  [50/1001] (5%) ok=34 fail=16 workers=8
  [60/1001] (6%) ok=44 fail=16 workers=8
  [concurrency] workers=8 | throughput=0.1 tiles/s | fail_rate=20.0% | v back off (high fail rate)
C:\Users\j.guthrie\Downloads\RESEARCH\infra_fm\curation\stac_imagery.py:240: RuntimeWarning: invalid value encountered in log10
  arr = np.where(arr > 0, 10 * np.log10(arr + 1e-10), vmin)
  [70/1001] (7%) ok=53 fail=17 workers=8
  [80/1001] (8%) ok=62 fail=18 workers=8
  [concurrency] workers=16 | throughput=0.1 tiles/s | fail_rate=10.0% | ^ increase (throughput improving)
  [90/1001] (9%) ok=72 fail=18 workers=16
  [100/1001] (10%) ok=81 fail=19 workers=16
  [concurrency] workers=16 | throughput=0.2 tiles/s | fail_rate=5.0% | ^ increase (throughput improving)
  [110/1001] (11%) ok=90 fail=20 workers=16
  [120/1001] (12%) ok=96 fail=24 workers=16
  [concurrency] workers=8 | throughput=0.2 tiles/s | fail_rate=25.0% | v back off (high fail rate)
  [130/1001] (13%) ok=106 fail=24 workers=8
  [140/1001] (14%) ok=109 fail=31 workers=8
  [concurrency] workers=8 | throughput=0.2 tiles/s | fail_rate=35.0% | v back off (high fail rate)
  [150/1001] (15%) ok=119 fail=31 workers=8
  [160/1001] (16%) ok=129 fail=31 workers=8
  [concurrency] workers=16 | throughput=0.3 tiles/s | fail_rate=0.0% | ^ increase (throughput improving)
  [170/1001] (17%) ok=139 fail=31 workers=16
  [180/1001] (18%) ok=149 fail=31 workers=16
  [concurrency] workers=8 | throughput=0.2 tiles/s | fail_rate=0.0% | v decrease (throughput degrading)
  [190/1001] (19%) ok=159 fail=31 workers=8
  [200/1001] (20%) ok=169 fail=31 workers=8
  [concurrency] workers=16 | throughput=0.4 tiles/s | fail_rate=0.0% | ^ increase (throughput improving)
  [210/1001] (21%) ok=178 fail=32 workers=16
  [220/1001] (22%) ok=188 fail=32 workers=16
  [concurrency] workers=8 | throughput=0.3 tiles/s | fail_rate=5.0% | v decrease (throughput degrading)
  [230/1001] (23%) ok=197 fail=33 workers=8
  checkpoint saved at 200 ok tiles
  checkpoint saved at 200 ok tiles
  checkpoint saved at 200 ok tiles
  [240/1001] (24%) ok=204 fail=36 workers=8
  [concurrency] workers=8 | throughput=0.2 tiles/s | fail_rate=20.0% | v back off (high fail rate)
  [250/1001] (25%) ok=214 fail=36 workers=8
  [260/1001] (26%) ok=223 fail=37 workers=8
  [concurrency] workers=12 | throughput=0.2 tiles/s | fail_rate=5.0% | -> nudge up
  [270/1001] (27%) ok=233 fail=37 workers=12
  [280/1001] (28%) ok=243 fail=37 workers=12
  [concurrency] workers=16 | throughput=0.4 tiles/s | fail_rate=0.0% | -> nudge up
  [290/1001] (29%) ok=253 fail=37 workers=16
  [300/1001] (30%) ok=259 fail=41 workers=16
  [concurrency] workers=8 | throughput=0.2 tiles/s | fail_rate=20.0% | v back off (high fail rate)
  [310/1001] (31%) ok=269 fail=41 workers=8
  [320/1001] (32%) ok=278 fail=42 workers=8
  [concurrency] workers=12 | throughput=0.2 tiles/s | fail_rate=5.0% | -> nudge up
  [330/1001] (33%) ok=287 fail=43 workers=12
  [340/1001] (34%) ok=297 fail=43 workers=12
  [concurrency] workers=16 | throughput=0.3 tiles/s | fail_rate=5.0% | -> nudge up
  [350/1001] (35%) ok=307 fail=43 workers=16
  [360/1001] (36%) ok=317 fail=43 workers=16
  [concurrency] workers=16 | throughput=0.5 tiles/s | fail_rate=0.0% | ^ increase (throughput improving)
  [370/1001] (37%) ok=327 fail=43 workers=16
  [380/1001] (38%) ok=337 fail=43 workers=16
  [concurrency] workers=16 | throughput=0.5 tiles/s | fail_rate=0.0% | ^ increase (throughput improving)
  [390/1001] (39%) ok=347 fail=43 workers=16
  [400/1001] (40%) ok=356 fail=44 workers=16
  [concurrency] workers=8 | throughput=0.4 tiles/s | fail_rate=5.0% | v decrease (throughput degrading)
  [410/1001] (41%) ok=366 fail=44 workers=8
  [420/1001] (42%) ok=376 fail=44 workers=8
  [concurrency] workers=12 | throughput=0.3 tiles/s | fail_rate=0.0% | -> nudge up
  [430/1001] (43%) ok=386 fail=44 workers=12
  [440/1001] (44%) ok=396 fail=44 workers=12
  [concurrency] workers=16 | throughput=0.6 tiles/s | fail_rate=0.0% | ^ increase (throughput improving)
  checkpoint saved at 400 ok tiles
  [450/1001] (45%) ok=406 fail=44 workers=16
  [460/1001] (46%) ok=415 fail=45 workers=16
  [concurrency] workers=8 | throughput=0.2 tiles/s | fail_rate=5.0% | v decrease (throughput degrading)
  [470/1001] (47%) ok=418 fail=52 workers=8
  [480/1001] (48%) ok=428 fail=52 workers=8
  [concurrency] workers=8 | throughput=0.3 tiles/s | fail_rate=35.0% | v back off (high fail rate)
  [490/1001] (49%) ok=434 fail=56 workers=8
  [500/1001] (50%) ok=444 fail=56 workers=8
  [concurrency] workers=8 | throughput=0.3 tiles/s | fail_rate=20.0% | v back off (high fail rate)
  [510/1001] (51%) ok=454 fail=56 workers=8
  [520/1001] (52%) ok=464 fail=56 workers=8
  [concurrency] workers=12 | throughput=0.6 tiles/s | fail_rate=0.0% | -> nudge up
  [530/1001] (53%) ok=474 fail=56 workers=12
  [540/1001] (54%) ok=484 fail=56 workers=12
  [concurrency] workers=8 | throughput=0.5 tiles/s | fail_rate=0.0% | v decrease (throughput degrading)
  [550/1001] (55%) ok=494 fail=56 workers=8
  [560/1001] (56%) ok=504 fail=56 workers=8
  [concurrency] workers=8 | throughput=0.3 tiles/s | fail_rate=0.0% | v decrease (throughput degrading)
  [570/1001] (57%) ok=511 fail=59 workers=8
  [580/1001] (58%) ok=521 fail=59 workers=8
  [concurrency] workers=8 | throughput=0.2 tiles/s | fail_rate=15.0% | v back off (high fail rate)
  [590/1001] (59%) ok=531 fail=59 workers=8
  [600/1001] (60%) ok=541 fail=59 workers=8
  [concurrency] workers=16 | throughput=0.7 tiles/s | fail_rate=0.0% | ^ increase (throughput improving)
  [610/1001] (61%) ok=551 fail=59 workers=16
  [620/1001] (62%) ok=558 fail=62 workers=16
  [concurrency] workers=8 | throughput=0.4 tiles/s | fail_rate=15.0% | v back off (high fail rate)
  [630/1001] (63%) ok=561 fail=69 workers=8
  [640/1001] (64%) ok=568 fail=72 workers=8
  [concurrency] workers=8 | throughput=0.2 tiles/s | fail_rate=50.0% | v back off (high fail rate)
  [650/1001] (65%) ok=578 fail=72 workers=8
  [660/1001] (66%) ok=587 fail=73 workers=8
  [concurrency] workers=8 | throughput=0.1 tiles/s | fail_rate=5.0% | v decrease (throughput degrading)
  [670/1001] (67%) ok=595 fail=75 workers=8
  checkpoint saved at 600 ok tiles
  checkpoint saved at 600 ok tiles
  [680/1001] (68%) ok=603 fail=77 workers=8
  [concurrency] workers=8 | throughput=0.2 tiles/s | fail_rate=20.0% | v back off (high fail rate)
  [690/1001] (69%) ok=612 fail=78 workers=8
  [700/1001] (70%) ok=622 fail=78 workers=8
  [concurrency] workers=12 | throughput=0.3 tiles/s | fail_rate=5.0% | -> nudge up
  [710/1001] (71%) ok=632 fail=78 workers=12
  [720/1001] (72%) ok=642 fail=78 workers=12
  [concurrency] workers=16 | throughput=0.3 tiles/s | fail_rate=0.0% | -> nudge up
  [730/1001] (73%) ok=652 fail=78 workers=16
  [740/1001] (74%) ok=662 fail=78 workers=16
  [concurrency] workers=16 | throughput=0.7 tiles/s | fail_rate=0.0% | ^ increase (throughput improving)
  [750/1001] (75%) ok=672 fail=78 workers=16
  [760/1001] (76%) ok=682 fail=78 workers=16
  [concurrency] workers=8 | throughput=0.2 tiles/s | fail_rate=0.0% | v decrease (throughput degrading)
  [770/1001] (77%) ok=692 fail=78 workers=8
  [780/1001] (78%) ok=702 fail=78 workers=8
  [concurrency] workers=12 | throughput=0.5 tiles/s | fail_rate=0.0% | -> nudge up
  [790/1001] (79%) ok=712 fail=78 workers=12
  [800/1001] (80%) ok=722 fail=78 workers=12
  [concurrency] workers=8 | throughput=0.5 tiles/s | fail_rate=0.0% | v decrease (throughput degrading)
  [810/1001] (81%) ok=732 fail=78 workers=8
  [820/1001] (82%) ok=734 fail=86 workers=8
  [concurrency] workers=8 | throughput=0.2 tiles/s | fail_rate=40.0% | v back off (high fail rate)
  [830/1001] (83%) ok=743 fail=87 workers=8
  [840/1001] (84%) ok=750 fail=90 workers=8
  [concurrency] workers=8 | throughput=0.2 tiles/s | fail_rate=20.0% | v back off (high fail rate)
  [850/1001] (85%) ok=758 fail=92 workers=8
  [860/1001] (86%) ok=768 fail=92 workers=8
  [concurrency] workers=12 | throughput=0.3 tiles/s | fail_rate=10.0% | -> nudge up
  [870/1001] (87%) ok=778 fail=92 workers=12
  [880/1001] (88%) ok=788 fail=92 workers=12
  [concurrency] workers=16 | throughput=0.7 tiles/s | fail_rate=0.0% | ^ increase (throughput improving)
  [890/1001] (89%) ok=798 fail=92 workers=16
  checkpoint saved at 800 ok tiles
  [900/1001] (90%) ok=808 fail=92 workers=16
  [concurrency] workers=8 | throughput=0.3 tiles/s | fail_rate=0.0% | v decrease (throughput degrading)
  [910/1001] (91%) ok=818 fail=92 workers=8
  [920/1001] (92%) ok=828 fail=92 workers=8
  [concurrency] workers=12 | throughput=0.6 tiles/s | fail_rate=0.0% | -> nudge up
  [930/1001] (93%) ok=835 fail=95 workers=12
  [940/1001] (94%) ok=845 fail=95 workers=12
  [concurrency] workers=8 | throughput=0.2 tiles/s | fail_rate=15.0% | v back off (high fail rate)
  [950/1001] (95%) ok=855 fail=95 workers=8
  [960/1001] (96%) ok=865 fail=95 workers=8
  [concurrency] workers=12 | throughput=0.4 tiles/s | fail_rate=0.0% | -> nudge up
  [970/1001] (97%) ok=874 fail=96 workers=12
  [980/1001] (98%) ok=884 fail=96 workers=12
  [concurrency] workers=8 | throughput=0.3 tiles/s | fail_rate=5.0% | v decrease (throughput degrading)
  [990/1001] (99%) ok=894 fail=96 workers=8
  [1000/1001] (100%) ok=904 fail=96 workers=8
  [concurrency] workers=12 | throughput=0.4 tiles/s | fail_rate=0.0% | -> nudge up
  [1001/1001] (100%) ok=905 fail=96 workers=12

  Concurrency tuning summary:
   workers    tiles/s  fail_rate
         8       0.04      45.0%
         8       0.13      15.0%
         8       0.12      20.0%
         8       0.13      10.0%
        16       0.16       5.0%
        16       0.18      25.0%
         8       0.16      35.0%
         8       0.28       0.0%
        16       0.19       0.0%
         8       0.41       0.0%
        16       0.31       5.0%
         8       0.17      20.0%
         8       0.20       5.0%
        12       0.40       0.0% <- best
        16       0.20      20.0%
         8       0.22       5.0%
        12       0.25       5.0% <- best
        16       0.46       0.0%
        16       0.49       0.0%
        16       0.37       5.0%
         8       0.34       0.0%
        12       0.65       0.0% <- best
        16       0.15       5.0%
         8       0.32      35.0%
         8       0.32      20.0%
         8       0.63       0.0%
        12       0.47       0.0% <- best
         8       0.28       0.0%
         8       0.19      15.0%
         8       0.66       0.0%
        16       0.39      15.0%
         8       0.21      50.0%
         8       0.12       5.0%
         8       0.16      20.0%
         8       0.26       5.0%
        12       0.30       0.0% <- best
        16       0.71       0.0%
        16       0.19       0.0%
         8       0.50       0.0%
        12       0.45       0.0% <- best
         8       0.15      40.0%
         8       0.18      20.0%
         8       0.31      10.0%
        12       0.73       0.0% <- best
        16       0.31       0.0%
         8       0.64       0.0%
        12       0.24      15.0% <- best
         8       0.37       0.0%
        12       0.29       5.0% <- best
         8       0.38       0.0%
  Best: 12 workers @ 0.73 tiles/s
  Checkpoint preserved (some assets failed).

  STAC fetch complete: 905 ok / 96 failed
        fetched ok=905 fail=96
  [2/4] QC (min_valid_ratio=0.8) ...
  QC [1000/1001] passed=897
  QC [1001/1001] passed=898
QC complete: 898 passed, 103 failed (1001 total)
        QC passed 898 / 1001
  [3/4] triage ...
  Triage [898/898] high=898 low=0 contradiction=0
Triage complete: 898 high / 0 low / 0 contradiction (898 total)
        accepted 898
  [4/4] assemble -> C:\Users\j.guthrie\Downloads\RESEARCH\infra_fm\data\curated_datasets\dataset_north-america_transport_v1
C:\Users\j.guthrie\Downloads\RESEARCH\infra_fm\fetch_v1_overnight.py:221: DeprecationWarning: datetime.datetime.utcnow() is deprecated and scheduled for removal in a future version. Use timezone-aware objects to represent datetimes in UTC: datetime.datetime.now(datetime.UTC).
  "completed_at"   : datetime.utcnow().isoformat() + "Z",
  [898/898] saved=898 failed=0

Dataset assembled: 898 tiles saved, 0 failed
  Images:   C:\Users\j.guthrie\Downloads\RESEARCH\infra_fm\data\curated_datasets\dataset_north-america_transport_v1\images
  Manifest: C:\Users\j.guthrie\Downloads\RESEARCH\infra_fm\data\curated_datasets\dataset_north-america_transport_v1\manifest.json
  Summary:  C:\Users\j.guthrie\Downloads\RESEARCH\infra_fm\data\curated_datasets\dataset_north-america_transport_v1\summary.csv

Tiles by asset type:
asset_type
transport.train_station    645
transport.airport          252
transport.port_terminal      1

Tiles by source/modality:
source
stac_sentinel2_ms+sentinel1    898

Temporal tiles: 0 / 898
  [done] north-america/transport in 3724s — 898 tiles assembled

>>> [25/28] europe/telecom (n=345)

========================================================================
CELL  europe/telecom   (2026-06-07 01:36:43)
========================================================================
  loaded 345 assets from europe_telecom_v1_sample.parquet
  [1/4] STAC fetch ...
STACImageryFetcher: modalities=['sentinel2_ms', 'sentinel1'], n_bands=9, temporal_stack=False, buffer_m=300, workers=8 (adaptive)
  STAC fetch: 345 assets pending (0 already checkpointed)
  [10/345] (3%) ok=10 fail=0 workers=8
  [20/345] (6%) ok=20 fail=0 workers=8
  [concurrency] workers=16 | throughput=0.1 tiles/s | fail_rate=0.0% | ^ increase (throughput improving)
  [30/345] (9%) ok=30 fail=0 workers=16
  [40/345] (12%) ok=40 fail=0 workers=16
  [concurrency] workers=16 | throughput=0.3 tiles/s | fail_rate=0.0% | ^ increase (throughput improving)
  [50/345] (14%) ok=50 fail=0 workers=16
  [60/345] (17%) ok=60 fail=0 workers=16
  [concurrency] workers=8 | throughput=0.2 tiles/s | fail_rate=0.0% | v decrease (throughput degrading)
  [70/345] (20%) ok=70 fail=0 workers=8
  [80/345] (23%) ok=80 fail=0 workers=8
  [concurrency] workers=16 | throughput=0.4 tiles/s | fail_rate=0.0% | ^ increase (throughput improving)
  [90/345] (26%) ok=90 fail=0 workers=16
  [100/345] (29%) ok=100 fail=0 workers=16
  [concurrency] workers=16 | throughput=0.4 tiles/s | fail_rate=0.0% | ^ increase (throughput improving)
  [110/345] (32%) ok=110 fail=0 workers=16
  [120/345] (35%) ok=120 fail=0 workers=16
  [concurrency] workers=16 | throughput=0.6 tiles/s | fail_rate=0.0% | ^ increase (throughput improving)
  [130/345] (38%) ok=130 fail=0 workers=16
  [140/345] (41%) ok=140 fail=0 workers=16
  [concurrency] workers=8 | throughput=0.4 tiles/s | fail_rate=0.0% | v decrease (throughput degrading)
  [150/345] (43%) ok=150 fail=0 workers=8
C:\Users\j.guthrie\Downloads\RESEARCH\infra_fm\curation\stac_imagery.py:240: RuntimeWarning: invalid value encountered in log10
  arr = np.where(arr > 0, 10 * np.log10(arr + 1e-10), vmin)
  [160/345] (46%) ok=160 fail=0 workers=8
  [concurrency] workers=8 | throughput=0.2 tiles/s | fail_rate=0.0% | v decrease (throughput degrading)
  [170/345] (49%) ok=170 fail=0 workers=8
  [180/345] (52%) ok=180 fail=0 workers=8
  [concurrency] workers=12 | throughput=0.4 tiles/s | fail_rate=0.0% | -> nudge up
  [190/345] (55%) ok=190 fail=0 workers=12
  [200/345] (58%) ok=200 fail=0 workers=12
  [concurrency] workers=8 | throughput=0.3 tiles/s | fail_rate=0.0% | v decrease (throughput degrading)
  checkpoint saved at 200 ok tiles
  [210/345] (61%) ok=210 fail=0 workers=8
  [220/345] (64%) ok=220 fail=0 workers=8
  [concurrency] workers=12 | throughput=0.5 tiles/s | fail_rate=0.0% | -> nudge up
  [230/345] (67%) ok=230 fail=0 workers=12
  [240/345] (70%) ok=240 fail=0 workers=12
  [concurrency] workers=16 | throughput=0.6 tiles/s | fail_rate=0.0% | -> nudge up
  [250/345] (72%) ok=250 fail=0 workers=16
  [260/345] (75%) ok=260 fail=0 workers=16
  [concurrency] workers=16 | throughput=0.7 tiles/s | fail_rate=0.0% | ^ increase (throughput improving)
  [270/345] (78%) ok=270 fail=0 workers=16
  [280/345] (81%) ok=280 fail=0 workers=16
  [concurrency] workers=8 | throughput=0.2 tiles/s | fail_rate=0.0% | v decrease (throughput degrading)
  [290/345] (84%) ok=290 fail=0 workers=8
  [300/345] (87%) ok=300 fail=0 workers=8
  [concurrency] workers=12 | throughput=0.3 tiles/s | fail_rate=0.0% | -> nudge up
  [310/345] (90%) ok=308 fail=2 workers=12
  [320/345] (93%) ok=318 fail=2 workers=12
  [concurrency] workers=16 | throughput=0.3 tiles/s | fail_rate=10.0% | -> nudge up
  [330/345] (96%) ok=325 fail=5 workers=16
  [340/345] (99%) ok=332 fail=8 workers=16
  [concurrency] workers=8 | throughput=0.3 tiles/s | fail_rate=30.0% | v back off (high fail rate)
  [345/345] (100%) ok=337 fail=8 workers=8

  Concurrency tuning summary:
   workers    tiles/s  fail_rate
         8       0.14       0.0%
        16       0.28       0.0% <- best
        16       0.19       0.0% <- best
         8       0.44       0.0%
        16       0.45       0.0% <- best
        16       0.61       0.0% <- best
        16       0.45       0.0% <- best
         8       0.21       0.0%
         8       0.40       0.0%
        12       0.28       0.0%
         8       0.50       0.0%
        12       0.55       0.0%
        16       0.67       0.0% <- best
        16       0.19       0.0% <- best
         8       0.27       0.0%
        12       0.26      10.0%
        16       0.31      30.0% <- best
  Best: 16 workers @ 0.67 tiles/s
  Checkpoint preserved (some assets failed).

  STAC fetch complete: 337 ok / 8 failed
        fetched ok=337 fail=8
  [2/4] QC (min_valid_ratio=0.8) ...
  QC [345/345] passed=257
QC complete: 257 passed, 88 failed (345 total)
        QC passed 257 / 345
  [3/4] triage ...
  Triage [257/257] high=257 low=0 contradiction=0
Triage complete: 257 high / 0 low / 0 contradiction (257 total)
        accepted 257
  [4/4] assemble -> C:\Users\j.guthrie\Downloads\RESEARCH\infra_fm\data\curated_datasets\dataset_europe_telecom_v1
C:\Users\j.guthrie\Downloads\RESEARCH\infra_fm\fetch_v1_overnight.py:221: DeprecationWarning: datetime.datetime.utcnow() is deprecated and scheduled for removal in a future version. Use timezone-aware objects to represent datetimes in UTC: datetime.datetime.now(datetime.UTC).
  "completed_at"   : datetime.utcnow().isoformat() + "Z",
  [257/257] saved=257 failed=0

Dataset assembled: 257 tiles saved, 0 failed
  Images:   C:\Users\j.guthrie\Downloads\RESEARCH\infra_fm\data\curated_datasets\dataset_europe_telecom_v1\images
  Manifest: C:\Users\j.guthrie\Downloads\RESEARCH\infra_fm\data\curated_datasets\dataset_europe_telecom_v1\manifest.json
  Summary:  C:\Users\j.guthrie\Downloads\RESEARCH\infra_fm\data\curated_datasets\dataset_europe_telecom_v1\summary.csv

Tiles by asset type:
asset_type
telecom.data_center    257

Tiles by source/modality:
source
stac_sentinel2_ms+sentinel1    257

Temporal tiles: 0 / 257
  [done] europe/telecom in 1117s — 257 tiles assembled

>>> [26/28] europe/water (n=1,000)

========================================================================
CELL  europe/water   (2026-06-07 01:55:20)
========================================================================
  loaded 1,000 assets from europe_water_v1_sample.parquet
  [1/4] STAC fetch ...
STACImageryFetcher: modalities=['sentinel2_ms', 'sentinel1'], n_bands=9, temporal_stack=False, buffer_m=300, workers=8 (adaptive)
  STAC fetch: 1000 assets pending (0 already checkpointed)
  [10/1000] (1%) ok=10 fail=0 workers=8
  [20/1000] (2%) ok=20 fail=0 workers=8
  [concurrency] workers=16 | throughput=0.4 tiles/s | fail_rate=0.0% | ^ increase (throughput improving)
C:\Users\j.guthrie\Downloads\RESEARCH\infra_fm\curation\stac_imagery.py:240: RuntimeWarning: invalid value encountered in log10
  arr = np.where(arr > 0, 10 * np.log10(arr + 1e-10), vmin)
  [30/1000] (3%) ok=30 fail=0 workers=16
  [40/1000] (4%) ok=40 fail=0 workers=16
  [concurrency] workers=16 | throughput=0.4 tiles/s | fail_rate=0.0% | ^ increase (throughput improving)
  [50/1000] (5%) ok=50 fail=0 workers=16
  [60/1000] (6%) ok=60 fail=0 workers=16
  [concurrency] workers=16 | throughput=0.6 tiles/s | fail_rate=0.0% | ^ increase (throughput improving)
  [70/1000] (7%) ok=68 fail=2 workers=16
  [80/1000] (8%) ok=78 fail=2 workers=16
  [concurrency] workers=8 | throughput=0.2 tiles/s | fail_rate=10.0% | v decrease (throughput degrading)
  [90/1000] (9%) ok=88 fail=2 workers=8
  [100/1000] (10%) ok=98 fail=2 workers=8
  [concurrency] workers=12 | throughput=0.5 tiles/s | fail_rate=0.0% | -> nudge up
  [110/1000] (11%) ok=108 fail=2 workers=12
  [120/1000] (12%) ok=118 fail=2 workers=12
  [concurrency] workers=16 | throughput=0.7 tiles/s | fail_rate=0.0% | ^ increase (throughput improving)
  [130/1000] (13%) ok=128 fail=2 workers=16
  [140/1000] (14%) ok=138 fail=2 workers=16
  [concurrency] workers=8 | throughput=0.4 tiles/s | fail_rate=0.0% | v decrease (throughput degrading)
  [150/1000] (15%) ok=148 fail=2 workers=8
  [160/1000] (16%) ok=158 fail=2 workers=8
  [concurrency] workers=12 | throughput=0.6 tiles/s | fail_rate=0.0% | -> nudge up
  [170/1000] (17%) ok=168 fail=2 workers=12
  [180/1000] (18%) ok=178 fail=2 workers=12
  [concurrency] workers=8 | throughput=0.3 tiles/s | fail_rate=0.0% | v decrease (throughput degrading)
  [190/1000] (19%) ok=188 fail=2 workers=8
  [200/1000] (20%) ok=198 fail=2 workers=8
  [concurrency] workers=12 | throughput=0.3 tiles/s | fail_rate=0.0% | -> nudge up
  checkpoint saved at 200 ok tiles
  [210/1000] (21%) ok=208 fail=2 workers=12
  [220/1000] (22%) ok=218 fail=2 workers=12
  [concurrency] workers=16 | throughput=0.5 tiles/s | fail_rate=0.0% | -> nudge up
  [230/1000] (23%) ok=228 fail=2 workers=16
  [240/1000] (24%) ok=238 fail=2 workers=16
  [concurrency] workers=16 | throughput=0.6 tiles/s | fail_rate=0.0% | -> nudge up
  [250/1000] (25%) ok=248 fail=2 workers=16
  [260/1000] (26%) ok=258 fail=2 workers=16
  [concurrency] workers=16 | throughput=0.6 tiles/s | fail_rate=0.0% | -> nudge up
  [270/1000] (27%) ok=268 fail=2 workers=16
  [280/1000] (28%) ok=278 fail=2 workers=16
  [concurrency] workers=8 | throughput=0.5 tiles/s | fail_rate=0.0% | v decrease (throughput degrading)
  [290/1000] (29%) ok=288 fail=2 workers=8
  [300/1000] (30%) ok=298 fail=2 workers=8
  [concurrency] workers=12 | throughput=0.5 tiles/s | fail_rate=0.0% | -> nudge up
  [310/1000] (31%) ok=308 fail=2 workers=12
  [320/1000] (32%) ok=316 fail=4 workers=12
  [concurrency] workers=16 | throughput=0.5 tiles/s | fail_rate=10.0% | -> nudge up
  [330/1000] (33%) ok=325 fail=5 workers=16
  [340/1000] (34%) ok=335 fail=5 workers=16
  [concurrency] workers=16 | throughput=0.5 tiles/s | fail_rate=5.0% | -> nudge up
  [350/1000] (35%) ok=345 fail=5 workers=16
  [360/1000] (36%) ok=355 fail=5 workers=16
  [concurrency] workers=8 | throughput=0.3 tiles/s | fail_rate=0.0% | v decrease (throughput degrading)
  [370/1000] (37%) ok=365 fail=5 workers=8
  [380/1000] (38%) ok=375 fail=5 workers=8
  [concurrency] workers=12 | throughput=0.6 tiles/s | fail_rate=0.0% | -> nudge up
  [390/1000] (39%) ok=385 fail=5 workers=12
  [400/1000] (40%) ok=395 fail=5 workers=12
  [concurrency] workers=8 | throughput=0.4 tiles/s | fail_rate=0.0% | v decrease (throughput degrading)
  checkpoint saved at 400 ok tiles
  [410/1000] (41%) ok=405 fail=5 workers=8
  [420/1000] (42%) ok=415 fail=5 workers=8
  [concurrency] workers=12 | throughput=0.5 tiles/s | fail_rate=0.0% | -> nudge up
  [430/1000] (43%) ok=425 fail=5 workers=12
  [440/1000] (44%) ok=435 fail=5 workers=12
  [concurrency] workers=16 | throughput=0.5 tiles/s | fail_rate=0.0% | -> nudge up
  [450/1000] (45%) ok=445 fail=5 workers=16
  [460/1000] (46%) ok=455 fail=5 workers=16
  [concurrency] workers=16 | throughput=0.6 tiles/s | fail_rate=0.0% | -> nudge up
  [470/1000] (47%) ok=465 fail=5 workers=16
  [480/1000] (48%) ok=475 fail=5 workers=16
  [concurrency] workers=8 | throughput=0.4 tiles/s | fail_rate=0.0% | v decrease (throughput degrading)
  [490/1000] (49%) ok=485 fail=5 workers=8
  [500/1000] (50%) ok=495 fail=5 workers=8
  [concurrency] workers=12 | throughput=0.4 tiles/s | fail_rate=0.0% | -> nudge up
  [510/1000] (51%) ok=505 fail=5 workers=12
  [520/1000] (52%) ok=515 fail=5 workers=12
  [concurrency] workers=16 | throughput=0.5 tiles/s | fail_rate=0.0% | -> nudge up
  [530/1000] (53%) ok=525 fail=5 workers=16
  [540/1000] (54%) ok=535 fail=5 workers=16
  [concurrency] workers=16 | throughput=0.6 tiles/s | fail_rate=0.0% | -> nudge up
  [550/1000] (55%) ok=545 fail=5 workers=16
  [560/1000] (56%) ok=555 fail=5 workers=16
  [concurrency] workers=8 | throughput=0.5 tiles/s | fail_rate=0.0% | v decrease (throughput degrading)
  [570/1000] (57%) ok=565 fail=5 workers=8
  [580/1000] (58%) ok=575 fail=5 workers=8
  [concurrency] workers=12 | throughput=0.6 tiles/s | fail_rate=0.0% | -> nudge up
  [590/1000] (59%) ok=585 fail=5 workers=12
  [600/1000] (60%) ok=595 fail=5 workers=12
  [concurrency] workers=8 | throughput=0.5 tiles/s | fail_rate=0.0% | v decrease (throughput degrading)
  checkpoint saved at 600 ok tiles
  [610/1000] (61%) ok=603 fail=7 workers=8
  [620/1000] (62%) ok=613 fail=7 workers=8
  [concurrency] workers=8 | throughput=0.2 tiles/s | fail_rate=10.0% | v decrease (throughput degrading)
  [630/1000] (63%) ok=623 fail=7 workers=8
  [640/1000] (64%) ok=633 fail=7 workers=8
  [concurrency] workers=12 | throughput=0.4 tiles/s | fail_rate=0.0% | -> nudge up
  [650/1000] (65%) ok=643 fail=7 workers=12
  [660/1000] (66%) ok=652 fail=8 workers=12
  [concurrency] workers=8 | throughput=0.3 tiles/s | fail_rate=5.0% | v decrease (throughput degrading)
  [670/1000] (67%) ok=657 fail=13 workers=8
  [680/1000] (68%) ok=660 fail=20 workers=8
  [concurrency] workers=8 | throughput=0.2 tiles/s | fail_rate=60.0% | v back off (high fail rate)
  [690/1000] (69%) ok=660 fail=30 workers=8
  [700/1000] (70%) ok=660 fail=40 workers=8
  [concurrency] workers=8 | throughput=0.0 tiles/s | fail_rate=100.0% | v back off (high fail rate)
  [710/1000] (71%) ok=660 fail=50 workers=8
  [720/1000] (72%) ok=660 fail=60 workers=8
  [concurrency] workers=8 | throughput=0.0 tiles/s | fail_rate=100.0% | v back off (high fail rate)
  [730/1000] (73%) ok=660 fail=70 workers=8
  [740/1000] (74%) ok=660 fail=80 workers=8
  [concurrency] workers=8 | throughput=0.0 tiles/s | fail_rate=100.0% | v back off (high fail rate)
  [750/1000] (75%) ok=660 fail=90 workers=8
  [760/1000] (76%) ok=660 fail=100 workers=8
  [concurrency] workers=8 | throughput=0.0 tiles/s | fail_rate=100.0% | v back off (high fail rate)
  [770/1000] (77%) ok=660 fail=110 workers=8
  [780/1000] (78%) ok=660 fail=120 workers=8
  [concurrency] workers=8 | throughput=0.0 tiles/s | fail_rate=100.0% | v back off (high fail rate)
  [790/1000] (79%) ok=660 fail=130 workers=8
  [800/1000] (80%) ok=660 fail=140 workers=8
  [concurrency] workers=8 | throughput=0.0 tiles/s | fail_rate=100.0% | v back off (high fail rate)
  [810/1000] (81%) ok=660 fail=150 workers=8
  [820/1000] (82%) ok=660 fail=160 workers=8
  [concurrency] workers=8 | throughput=0.0 tiles/s | fail_rate=100.0% | v back off (high fail rate)
  [830/1000] (83%) ok=660 fail=170 workers=8
  [840/1000] (84%) ok=660 fail=180 workers=8
  [concurrency] workers=8 | throughput=0.0 tiles/s | fail_rate=100.0% | v back off (high fail rate)
  [850/1000] (85%) ok=660 fail=190 workers=8
  [860/1000] (86%) ok=660 fail=200 workers=8
  [concurrency] workers=8 | throughput=0.0 tiles/s | fail_rate=100.0% | v back off (high fail rate)
  [870/1000] (87%) ok=660 fail=210 workers=8
  [880/1000] (88%) ok=660 fail=220 workers=8
  [concurrency] workers=8 | throughput=0.0 tiles/s | fail_rate=100.0% | v back off (high fail rate)
  [890/1000] (89%) ok=660 fail=230 workers=8
  [900/1000] (90%) ok=660 fail=240 workers=8
  [concurrency] workers=8 | throughput=0.0 tiles/s | fail_rate=100.0% | v back off (high fail rate)
  [910/1000] (91%) ok=660 fail=250 workers=8
  [920/1000] (92%) ok=660 fail=260 workers=8
  [concurrency] workers=8 | throughput=0.0 tiles/s | fail_rate=100.0% | v back off (high fail rate)
  [930/1000] (93%) ok=660 fail=270 workers=8
  [940/1000] (94%) ok=660 fail=280 workers=8
  [concurrency] workers=8 | throughput=0.0 tiles/s | fail_rate=100.0% | v back off (high fail rate)
  [950/1000] (95%) ok=660 fail=290 workers=8
  [960/1000] (96%) ok=660 fail=300 workers=8
  [concurrency] workers=8 | throughput=0.0 tiles/s | fail_rate=100.0% | v back off (high fail rate)
  [970/1000] (97%) ok=660 fail=310 workers=8
  [980/1000] (98%) ok=660 fail=320 workers=8
  [concurrency] workers=8 | throughput=0.0 tiles/s | fail_rate=100.0% | v back off (high fail rate)
  [990/1000] (99%) ok=660 fail=330 workers=8
  [1000/1000] (100%) ok=660 fail=340 workers=8
  [concurrency] workers=8 | throughput=0.0 tiles/s | fail_rate=100.0% | v back off (high fail rate)

  Concurrency tuning summary:
   workers    tiles/s  fail_rate
         8       0.40       0.0%
        16       0.42       0.0%
        16       0.60       0.0%
        16       0.23      10.0%
         8       0.52       0.0%
        12       0.67       0.0% <- best
        16       0.37       0.0%
         8       0.65       0.0%
        12       0.30       0.0% <- best
         8       0.34       0.0%
        12       0.49       0.0% <- best
        16       0.57       0.0%
        16       0.57       0.0%
        16       0.51       0.0%
         8       0.52       0.0%
        12       0.50      10.0% <- best
        16       0.52       5.0%
        16       0.32       0.0%
         8       0.60       0.0%
        12       0.35       0.0% <- best
         8       0.54       0.0%
        12       0.50       0.0% <- best
        16       0.58       0.0%
        16       0.41       0.0%
         8       0.37       0.0%
        12       0.50       0.0% <- best
        16       0.60       0.0%
        16       0.49       0.0%
         8       0.57       0.0%
        12       0.46       0.0% <- best
         8       0.22      10.0%
         8       0.37       0.0%
        12       0.29       5.0% <- best
         8       0.24      60.0%
         8       0.00     100.0%
         8       0.00     100.0%
         8       0.00     100.0%
         8       0.00     100.0%
         8       0.00     100.0%
         8       0.00     100.0%
         8       0.00     100.0%
         8       0.00     100.0%
         8       0.00     100.0%
         8       0.00     100.0%
         8       0.00     100.0%
         8       0.00     100.0%
         8       0.00     100.0%
         8       0.00     100.0%
         8       0.00     100.0%
         8       0.00     100.0%
  Best: 12 workers @ 0.67 tiles/s
  Checkpoint preserved (some assets failed).

  STAC fetch complete: 660 ok / 340 failed
        fetched ok=660 fail=340
  [2/4] QC (min_valid_ratio=0.8) ...
  QC [1000/1000] passed=492
QC complete: 492 passed, 508 failed (1000 total)
        QC passed 492 / 1000
  [3/4] triage ...
  Triage [492/492] high=492 low=0 contradiction=0
Triage complete: 492 high / 0 low / 0 contradiction (492 total)
        accepted 492
  [4/4] assemble -> C:\Users\j.guthrie\Downloads\RESEARCH\infra_fm\data\curated_datasets\dataset_europe_water_v1
C:\Users\j.guthrie\Downloads\RESEARCH\infra_fm\fetch_v1_overnight.py:221: DeprecationWarning: datetime.datetime.utcnow() is deprecated and scheduled for removal in a future version. Use timezone-aware objects to represent datetimes in UTC: datetime.datetime.now(datetime.UTC).
  "completed_at"   : datetime.utcnow().isoformat() + "Z",
  [492/492] saved=492 failed=0

Dataset assembled: 492 tiles saved, 0 failed
  Images:   C:\Users\j.guthrie\Downloads\RESEARCH\infra_fm\data\curated_datasets\dataset_europe_water_v1\images
  Manifest: C:\Users\j.guthrie\Downloads\RESEARCH\infra_fm\data\curated_datasets\dataset_europe_water_v1\manifest.json
  Summary:  C:\Users\j.guthrie\Downloads\RESEARCH\infra_fm\data\curated_datasets\dataset_europe_water_v1\summary.csv

Tiles by asset type:
asset_type
water.treatment.plant     171
water.wastewater.plant    166
water.storage_tank        155

Tiles by source/modality:
source
stac_sentinel2_ms+sentinel1    492

Temporal tiles: 0 / 492
  [done] europe/water in 2309s — 492 tiles assembled

>>> [27/28] europe/transport (n=1,000)

========================================================================
CELL  europe/transport   (2026-06-07 02:33:49)
========================================================================
  loaded 1,000 assets from europe_transport_v1_sample.parquet
  [1/4] STAC fetch ...
STACImageryFetcher: modalities=['sentinel2_ms', 'sentinel1'], n_bands=9, temporal_stack=False, buffer_m=300, workers=8 (adaptive)
  STAC fetch: 1000 assets pending (0 already checkpointed)
  [10/1000] (1%) ok=0 fail=10 workers=8
  [20/1000] (2%) ok=0 fail=20 workers=8
  [concurrency] workers=8 | throughput=0.0 tiles/s | fail_rate=100.0% | v back off (high fail rate)
  [30/1000] (3%) ok=0 fail=30 workers=8
  [40/1000] (4%) ok=0 fail=40 workers=8
  [concurrency] workers=8 | throughput=0.0 tiles/s | fail_rate=100.0% | v back off (high fail rate)
  [50/1000] (5%) ok=0 fail=50 workers=8
  [60/1000] (6%) ok=0 fail=60 workers=8
  [concurrency] workers=8 | throughput=0.0 tiles/s | fail_rate=100.0% | v back off (high fail rate)
  [70/1000] (7%) ok=0 fail=70 workers=8
  [80/1000] (8%) ok=0 fail=80 workers=8
  [concurrency] workers=8 | throughput=0.0 tiles/s | fail_rate=100.0% | v back off (high fail rate)
  [90/1000] (9%) ok=0 fail=90 workers=8
  [100/1000] (10%) ok=0 fail=100 workers=8
  [concurrency] workers=8 | throughput=0.0 tiles/s | fail_rate=100.0% | v back off (high fail rate)
  [110/1000] (11%) ok=0 fail=110 workers=8
  [120/1000] (12%) ok=0 fail=120 workers=8
  [concurrency] workers=8 | throughput=0.0 tiles/s | fail_rate=100.0% | v back off (high fail rate)
  [130/1000] (13%) ok=0 fail=130 workers=8
  [140/1000] (14%) ok=0 fail=140 workers=8
  [concurrency] workers=8 | throughput=0.0 tiles/s | fail_rate=100.0% | v back off (high fail rate)
  [150/1000] (15%) ok=0 fail=150 workers=8
  [160/1000] (16%) ok=0 fail=160 workers=8
  [concurrency] workers=8 | throughput=0.0 tiles/s | fail_rate=100.0% | v back off (high fail rate)
  [170/1000] (17%) ok=0 fail=170 workers=8
  [180/1000] (18%) ok=0 fail=180 workers=8
  [concurrency] workers=8 | throughput=0.0 tiles/s | fail_rate=100.0% | v back off (high fail rate)
  [190/1000] (19%) ok=0 fail=190 workers=8
  [200/1000] (20%) ok=7 fail=193 workers=8
  [concurrency] workers=8 | throughput=0.0 tiles/s | fail_rate=65.0% | v back off (high fail rate)
C:\Users\j.guthrie\Downloads\RESEARCH\infra_fm\curation\stac_imagery.py:240: RuntimeWarning: invalid value encountered in log10
  arr = np.where(arr > 0, 10 * np.log10(arr + 1e-10), vmin)
  [210/1000] (21%) ok=16 fail=194 workers=8
  [220/1000] (22%) ok=25 fail=195 workers=8
  [concurrency] workers=16 | throughput=0.3 tiles/s | fail_rate=10.0% | ^ increase (throughput improving)
  [230/1000] (23%) ok=35 fail=195 workers=16
  [240/1000] (24%) ok=45 fail=195 workers=16
  [concurrency] workers=16 | throughput=0.6 tiles/s | fail_rate=0.0% | ^ increase (throughput improving)
  [250/1000] (25%) ok=55 fail=195 workers=16
  [260/1000] (26%) ok=65 fail=195 workers=16
  [concurrency] workers=8 | throughput=0.5 tiles/s | fail_rate=0.0% | v decrease (throughput degrading)
  [270/1000] (27%) ok=75 fail=195 workers=8
  [280/1000] (28%) ok=85 fail=195 workers=8
  [concurrency] workers=8 | throughput=0.3 tiles/s | fail_rate=0.0% | v decrease (throughput degrading)
  [290/1000] (29%) ok=95 fail=195 workers=8
  [300/1000] (30%) ok=105 fail=195 workers=8
  [concurrency] workers=12 | throughput=0.5 tiles/s | fail_rate=0.0% | -> nudge up
  [310/1000] (31%) ok=115 fail=195 workers=12
  [320/1000] (32%) ok=125 fail=195 workers=12
  [concurrency] workers=8 | throughput=0.4 tiles/s | fail_rate=0.0% | v decrease (throughput degrading)
  [330/1000] (33%) ok=135 fail=195 workers=8
  [340/1000] (34%) ok=145 fail=195 workers=8
  [concurrency] workers=8 | throughput=0.3 tiles/s | fail_rate=0.0% | v decrease (throughput degrading)
  [350/1000] (35%) ok=155 fail=195 workers=8
  [360/1000] (36%) ok=165 fail=195 workers=8
  [concurrency] workers=16 | throughput=0.6 tiles/s | fail_rate=0.0% | ^ increase (throughput improving)
  [370/1000] (37%) ok=170 fail=200 workers=16
  [380/1000] (38%) ok=178 fail=202 workers=16
  [concurrency] workers=8 | throughput=0.2 tiles/s | fail_rate=35.0% | v back off (high fail rate)
  [390/1000] (39%) ok=188 fail=202 workers=8
  [400/1000] (40%) ok=198 fail=202 workers=8
  [concurrency] workers=12 | throughput=0.5 tiles/s | fail_rate=0.0% | -> nudge up
  checkpoint saved at 200 ok tiles
  [410/1000] (41%) ok=208 fail=202 workers=12
  [420/1000] (42%) ok=218 fail=202 workers=12
  [concurrency] workers=16 | throughput=0.5 tiles/s | fail_rate=0.0% | -> nudge up
  [430/1000] (43%) ok=228 fail=202 workers=16
  [440/1000] (44%) ok=238 fail=202 workers=16
  [concurrency] workers=8 | throughput=0.4 tiles/s | fail_rate=0.0% | v decrease (throughput degrading)
  [450/1000] (45%) ok=246 fail=204 workers=8
  [460/1000] (46%) ok=256 fail=204 workers=8
  [concurrency] workers=8 | throughput=0.3 tiles/s | fail_rate=10.0% | v decrease (throughput degrading)
  [470/1000] (47%) ok=266 fail=204 workers=8
  [480/1000] (48%) ok=276 fail=204 workers=8
  [concurrency] workers=12 | throughput=0.5 tiles/s | fail_rate=0.0% | -> nudge up
  [490/1000] (49%) ok=286 fail=204 workers=12
  [500/1000] (50%) ok=295 fail=205 workers=12
  [concurrency] workers=16 | throughput=0.5 tiles/s | fail_rate=5.0% | -> nudge up
  [510/1000] (51%) ok=305 fail=205 workers=16
  [520/1000] (52%) ok=314 fail=206 workers=16
  [concurrency] workers=8 | throughput=0.3 tiles/s | fail_rate=5.0% | v decrease (throughput degrading)
  [530/1000] (53%) ok=320 fail=210 workers=8
  [540/1000] (54%) ok=330 fail=210 workers=8
  [concurrency] workers=8 | throughput=0.3 tiles/s | fail_rate=20.0% | v back off (high fail rate)
  [550/1000] (55%) ok=339 fail=211 workers=8
  [560/1000] (56%) ok=340 fail=220 workers=8
  [concurrency] workers=8 | throughput=0.1 tiles/s | fail_rate=50.0% | v back off (high fail rate)
  [570/1000] (57%) ok=349 fail=221 workers=8
  [580/1000] (58%) ok=359 fail=221 workers=8
  [concurrency] workers=12 | throughput=0.2 tiles/s | fail_rate=5.0% | -> nudge up
  [590/1000] (59%) ok=369 fail=221 workers=12
  [600/1000] (60%) ok=379 fail=221 workers=12
  [concurrency] workers=16 | throughput=0.3 tiles/s | fail_rate=0.0% | -> nudge up
  [610/1000] (61%) ok=389 fail=221 workers=16
  [620/1000] (62%) ok=399 fail=221 workers=16
  [concurrency] workers=16 | throughput=0.6 tiles/s | fail_rate=0.0% | -> nudge up
  checkpoint saved at 400 ok tiles
  checkpoint saved at 400 ok tiles
  checkpoint saved at 400 ok tiles
  [630/1000] (63%) ok=406 fail=224 workers=16
  [640/1000] (64%) ok=416 fail=224 workers=16
  [concurrency] workers=8 | throughput=0.2 tiles/s | fail_rate=15.0% | v back off (high fail rate)
  [650/1000] (65%) ok=426 fail=224 workers=8
  [660/1000] (66%) ok=435 fail=225 workers=8
  [concurrency] workers=12 | throughput=0.3 tiles/s | fail_rate=5.0% | -> nudge up
  [670/1000] (67%) ok=444 fail=226 workers=12
  [680/1000] (68%) ok=454 fail=226 workers=12
  [concurrency] workers=16 | throughput=0.3 tiles/s | fail_rate=5.0% | -> nudge up
  [690/1000] (69%) ok=464 fail=226 workers=16
  [700/1000] (70%) ok=474 fail=226 workers=16
  [concurrency] workers=16 | throughput=0.6 tiles/s | fail_rate=0.0% | -> nudge up
  [710/1000] (71%) ok=484 fail=226 workers=16
  [720/1000] (72%) ok=494 fail=226 workers=16
  [concurrency] workers=16 | throughput=0.5 tiles/s | fail_rate=0.0% | -> nudge up
  [730/1000] (73%) ok=503 fail=227 workers=16
  [740/1000] (74%) ok=513 fail=227 workers=16
  [concurrency] workers=16 | throughput=0.5 tiles/s | fail_rate=5.0% | -> nudge up
  [750/1000] (75%) ok=523 fail=227 workers=16
  [760/1000] (76%) ok=532 fail=228 workers=16
  [concurrency] workers=8 | throughput=0.2 tiles/s | fail_rate=5.0% | v decrease (throughput degrading)
  [770/1000] (77%) ok=542 fail=228 workers=8
  [780/1000] (78%) ok=552 fail=228 workers=8
  [concurrency] workers=12 | throughput=0.3 tiles/s | fail_rate=0.0% | -> nudge up
  [790/1000] (79%) ok=562 fail=228 workers=12
  [800/1000] (80%) ok=572 fail=228 workers=12
  [concurrency] workers=16 | throughput=0.2 tiles/s | fail_rate=0.0% | -> nudge up
  [810/1000] (81%) ok=581 fail=229 workers=16
  [820/1000] (82%) ok=590 fail=230 workers=16
  [concurrency] workers=16 | throughput=0.3 tiles/s | fail_rate=10.0% | -> nudge up
  [830/1000] (83%) ok=600 fail=230 workers=16
  checkpoint saved at 600 ok tiles
  [840/1000] (84%) ok=610 fail=230 workers=16
  [concurrency] workers=16 | throughput=0.5 tiles/s | fail_rate=0.0% | -> nudge up
  [850/1000] (85%) ok=620 fail=230 workers=16
  [860/1000] (86%) ok=630 fail=230 workers=16
  [concurrency] workers=8 | throughput=0.5 tiles/s | fail_rate=0.0% | v decrease (throughput degrading)
  [870/1000] (87%) ok=640 fail=230 workers=8
  [880/1000] (88%) ok=650 fail=230 workers=8
  [concurrency] workers=12 | throughput=0.4 tiles/s | fail_rate=0.0% | -> nudge up
  [890/1000] (89%) ok=660 fail=230 workers=12
  [900/1000] (90%) ok=670 fail=230 workers=12
  [concurrency] workers=8 | throughput=0.4 tiles/s | fail_rate=0.0% | v decrease (throughput degrading)
  [910/1000] (91%) ok=680 fail=230 workers=8
  [920/1000] (92%) ok=690 fail=230 workers=8
  [concurrency] workers=12 | throughput=0.5 tiles/s | fail_rate=0.0% | -> nudge up
  [930/1000] (93%) ok=700 fail=230 workers=12
  [940/1000] (94%) ok=710 fail=230 workers=12
  [concurrency] workers=8 | throughput=0.3 tiles/s | fail_rate=0.0% | v decrease (throughput degrading)
  [950/1000] (95%) ok=720 fail=230 workers=8
  [960/1000] (96%) ok=727 fail=233 workers=8
  [concurrency] workers=8 | throughput=0.3 tiles/s | fail_rate=15.0% | v back off (high fail rate)
  [970/1000] (97%) ok=729 fail=241 workers=8
  [980/1000] (98%) ok=729 fail=251 workers=8
  [concurrency] workers=8 | throughput=0.1 tiles/s | fail_rate=90.0% | v back off (high fail rate)
  [990/1000] (99%) ok=729 fail=261 workers=8
  [1000/1000] (100%) ok=729 fail=271 workers=8
  [concurrency] workers=8 | throughput=0.0 tiles/s | fail_rate=100.0% | v back off (high fail rate)

  Concurrency tuning summary:
   workers    tiles/s  fail_rate
         8       0.00     100.0% <- best
         8       0.00     100.0% <- best
         8       0.00     100.0% <- best
         8       0.00     100.0% <- best
         8       0.00     100.0% <- best
         8       0.00     100.0% <- best
         8       0.00     100.0% <- best
         8       0.00     100.0% <- best
         8       0.00     100.0% <- best
         8       0.04      65.0% <- best
         8       0.34      10.0% <- best
        16       0.57       0.0%
        16       0.45       0.0%
         8       0.30       0.0% <- best
         8       0.53       0.0% <- best
        12       0.38       0.0%
         8       0.33       0.0% <- best
         8       0.58       0.0% <- best
        16       0.20      35.0%
         8       0.54       0.0% <- best
        12       0.54       0.0%
        16       0.41       0.0%
         8       0.28      10.0% <- best
         8       0.50       0.0% <- best
        12       0.51       5.0%
        16       0.28       5.0%
         8       0.26      20.0% <- best
         8       0.15      50.0% <- best
         8       0.19       5.0% <- best
        12       0.28       0.0%
        16       0.57       0.0%
        16       0.19      15.0%
         8       0.28       5.0% <- best
        12       0.25       5.0%
        16       0.56       0.0%
        16       0.51       0.0%
        16       0.47       5.0%
        16       0.24       5.0%
         8       0.26       0.0% <- best
        12       0.24       0.0%
        16       0.33      10.0%
        16       0.52       0.0%
        16       0.45       0.0%
         8       0.43       0.0% <- best
        12       0.36       0.0%
         8       0.49       0.0% <- best
        12       0.34       0.0%
         8       0.31      15.0% <- best
         8       0.06      90.0% <- best
         8       0.00     100.0% <- best
  Best: 8 workers @ 0.58 tiles/s
  Checkpoint preserved (some assets failed).

  STAC fetch complete: 729 ok / 271 failed
        fetched ok=729 fail=271
  [2/4] QC (min_valid_ratio=0.8) ...
  QC [1000/1000] passed=577
QC complete: 577 passed, 423 failed (1000 total)
        QC passed 577 / 1000
  [3/4] triage ...
  Triage [577/577] high=577 low=0 contradiction=0
Triage complete: 577 high / 0 low / 0 contradiction (577 total)
        accepted 577
  [4/4] assemble -> C:\Users\j.guthrie\Downloads\RESEARCH\infra_fm\data\curated_datasets\dataset_europe_transport_v1
C:\Users\j.guthrie\Downloads\RESEARCH\infra_fm\fetch_v1_overnight.py:221: DeprecationWarning: datetime.datetime.utcnow() is deprecated and scheduled for removal in a future version. Use timezone-aware objects to represent datetimes in UTC: datetime.datetime.now(datetime.UTC).
  "completed_at"   : datetime.utcnow().isoformat() + "Z",
  [577/577] saved=577 failed=0

Dataset assembled: 577 tiles saved, 0 failed
  Images:   C:\Users\j.guthrie\Downloads\RESEARCH\infra_fm\data\curated_datasets\dataset_europe_transport_v1\images
  Manifest: C:\Users\j.guthrie\Downloads\RESEARCH\infra_fm\data\curated_datasets\dataset_europe_transport_v1\manifest.json
  Summary:  C:\Users\j.guthrie\Downloads\RESEARCH\infra_fm\data\curated_datasets\dataset_europe_transport_v1\summary.csv

Tiles by asset type:
asset_type
transport.train_station    577

Tiles by source/modality:
source
stac_sentinel2_ms+sentinel1    577

Temporal tiles: 0 / 577
  [done] europe/transport in 2902s — 577 tiles assembled

>>> [28/28] europe/energy (n=1,001)

========================================================================
CELL  europe/energy   (2026-06-07 03:22:11)
========================================================================
  loaded 1,001 assets from europe_energy_v1_sample.parquet
  [1/4] STAC fetch ...
STACImageryFetcher: modalities=['sentinel2_ms', 'sentinel1'], n_bands=9, temporal_stack=False, buffer_m=300, workers=8 (adaptive)
  STAC fetch: 1001 assets pending (0 already checkpointed)
  [10/1001] (1%) ok=0 fail=10 workers=8
  [20/1001] (2%) ok=0 fail=20 workers=8
  [concurrency] workers=8 | throughput=0.0 tiles/s | fail_rate=100.0% | v back off (high fail rate)
  [30/1001] (3%) ok=0 fail=30 workers=8
  [40/1001] (4%) ok=0 fail=40 workers=8
  [concurrency] workers=8 | throughput=0.0 tiles/s | fail_rate=100.0% | v back off (high fail rate)
  [50/1001] (5%) ok=0 fail=50 workers=8
  [60/1001] (6%) ok=0 fail=60 workers=8
  [concurrency] workers=8 | throughput=0.0 tiles/s | fail_rate=100.0% | v back off (high fail rate)
  [70/1001] (7%) ok=0 fail=70 workers=8
  [80/1001] (8%) ok=0 fail=80 workers=8
  [concurrency] workers=8 | throughput=0.0 tiles/s | fail_rate=100.0% | v back off (high fail rate)
  [90/1001] (9%) ok=0 fail=90 workers=8
  [100/1001] (10%) ok=0 fail=100 workers=8
  [concurrency] workers=8 | throughput=0.0 tiles/s | fail_rate=100.0% | v back off (high fail rate)
  [110/1001] (11%) ok=0 fail=110 workers=8
  [120/1001] (12%) ok=0 fail=120 workers=8
  [concurrency] workers=8 | throughput=0.0 tiles/s | fail_rate=100.0% | v back off (high fail rate)
  [130/1001] (13%) ok=0 fail=130 workers=8
  [140/1001] (14%) ok=0 fail=140 workers=8
  [concurrency] workers=8 | throughput=0.0 tiles/s | fail_rate=100.0% | v back off (high fail rate)
  [150/1001] (15%) ok=0 fail=150 workers=8
  [160/1001] (16%) ok=0 fail=160 workers=8
  [concurrency] workers=8 | throughput=0.0 tiles/s | fail_rate=100.0% | v back off (high fail rate)
  [170/1001] (17%) ok=0 fail=170 workers=8
  [180/1001] (18%) ok=0 fail=180 workers=8
  [concurrency] workers=8 | throughput=0.0 tiles/s | fail_rate=100.0% | v back off (high fail rate)
  [190/1001] (19%) ok=0 fail=190 workers=8
  [200/1001] (20%) ok=0 fail=200 workers=8
  [concurrency] workers=8 | throughput=0.0 tiles/s | fail_rate=100.0% | v back off (high fail rate)
  [210/1001] (21%) ok=0 fail=210 workers=8
  [220/1001] (22%) ok=0 fail=220 workers=8
  [concurrency] workers=8 | throughput=0.0 tiles/s | fail_rate=100.0% | v back off (high fail rate)
  [230/1001] (23%) ok=0 fail=230 workers=8
  [240/1001] (24%) ok=0 fail=240 workers=8
  [concurrency] workers=8 | throughput=0.0 tiles/s | fail_rate=100.0% | v back off (high fail rate)
  [250/1001] (25%) ok=0 fail=250 workers=8
  [260/1001] (26%) ok=0 fail=260 workers=8
  [concurrency] workers=8 | throughput=0.0 tiles/s | fail_rate=100.0% | v back off (high fail rate)
  [270/1001] (27%) ok=0 fail=270 workers=8
  [280/1001] (28%) ok=0 fail=280 workers=8
  [concurrency] workers=8 | throughput=0.0 tiles/s | fail_rate=100.0% | v back off (high fail rate)
  [290/1001] (29%) ok=0 fail=290 workers=8
  [300/1001] (30%) ok=0 fail=300 workers=8
  [concurrency] workers=8 | throughput=0.0 tiles/s | fail_rate=100.0% | v back off (high fail rate)
  [310/1001] (31%) ok=0 fail=310 workers=8
  [320/1001] (32%) ok=0 fail=320 workers=8
  [concurrency] workers=8 | throughput=0.0 tiles/s | fail_rate=100.0% | v back off (high fail rate)
  [330/1001] (33%) ok=0 fail=330 workers=8
  [340/1001] (34%) ok=0 fail=340 workers=8
  [concurrency] workers=8 | throughput=0.0 tiles/s | fail_rate=100.0% | v back off (high fail rate)
  [350/1001] (35%) ok=0 fail=350 workers=8
  [360/1001] (36%) ok=0 fail=360 workers=8
  [concurrency] workers=8 | throughput=0.0 tiles/s | fail_rate=100.0% | v back off (high fail rate)
  [370/1001] (37%) ok=0 fail=370 workers=8
  [380/1001] (38%) ok=0 fail=380 workers=8
  [concurrency] workers=8 | throughput=0.0 tiles/s | fail_rate=100.0% | v back off (high fail rate)
  [390/1001] (39%) ok=0 fail=390 workers=8
  [400/1001] (40%) ok=3 fail=397 workers=8
  [concurrency] workers=8 | throughput=0.0 tiles/s | fail_rate=85.0% | v back off (high fail rate)
  [410/1001] (41%) ok=12 fail=398 workers=8
  [420/1001] (42%) ok=22 fail=398 workers=8
  [concurrency] workers=16 | throughput=0.3 tiles/s | fail_rate=5.0% | ^ increase (throughput improving)
  [430/1001] (43%) ok=32 fail=398 workers=16
  [440/1001] (44%) ok=41 fail=399 workers=16
  [concurrency] workers=16 | throughput=0.4 tiles/s | fail_rate=5.0% | ^ increase (throughput improving)
C:\Users\j.guthrie\Downloads\RESEARCH\infra_fm\curation\stac_imagery.py:240: RuntimeWarning: invalid value encountered in log10
  arr = np.where(arr > 0, 10 * np.log10(arr + 1e-10), vmin)
  [450/1001] (45%) ok=51 fail=399 workers=16
  [460/1001] (46%) ok=61 fail=399 workers=16
  [concurrency] workers=8 | throughput=0.3 tiles/s | fail_rate=0.0% | v decrease (throughput degrading)
  [470/1001] (47%) ok=70 fail=400 workers=8
  [480/1001] (48%) ok=80 fail=400 workers=8
  [concurrency] workers=8 | throughput=0.1 tiles/s | fail_rate=5.0% | v decrease (throughput degrading)
  [490/1001] (49%) ok=90 fail=400 workers=8
  [500/1001] (50%) ok=100 fail=400 workers=8
  [concurrency] workers=12 | throughput=0.1 tiles/s | fail_rate=0.0% | -> nudge up
  [510/1001] (51%) ok=108 fail=402 workers=12
  [520/1001] (52%) ok=118 fail=402 workers=12
  [concurrency] workers=16 | throughput=0.1 tiles/s | fail_rate=10.0% | -> nudge up
  [530/1001] (53%) ok=128 fail=402 workers=16
  [540/1001] (54%) ok=138 fail=402 workers=16
  [concurrency] workers=16 | throughput=0.4 tiles/s | fail_rate=0.0% | -> nudge up
  [550/1001] (55%) ok=147 fail=403 workers=16
  [560/1001] (56%) ok=157 fail=403 workers=16
  [concurrency] workers=8 | throughput=0.3 tiles/s | fail_rate=5.0% | v decrease (throughput degrading)
  [570/1001] (57%) ok=163 fail=407 workers=8
  [580/1001] (58%) ok=166 fail=414 workers=8
  [concurrency] workers=8 | throughput=0.1 tiles/s | fail_rate=55.0% | v back off (high fail rate)
  [590/1001] (59%) ok=174 fail=416 workers=8
  [600/1001] (60%) ok=183 fail=417 workers=8
  [concurrency] workers=8 | throughput=0.1 tiles/s | fail_rate=15.0% | v back off (high fail rate)
  [610/1001] (61%) ok=193 fail=417 workers=8
  checkpoint saved at 200 ok tiles
  [620/1001] (62%) ok=202 fail=418 workers=8
  [concurrency] workers=12 | throughput=0.4 tiles/s | fail_rate=5.0% | -> nudge up
  [630/1001] (63%) ok=212 fail=418 workers=12
  [640/1001] (64%) ok=222 fail=418 workers=12
  [concurrency] workers=16 | throughput=0.4 tiles/s | fail_rate=0.0% | ^ increase (throughput improving)
  [650/1001] (65%) ok=232 fail=418 workers=16
  [660/1001] (66%) ok=242 fail=418 workers=16
  [concurrency] workers=8 | throughput=0.2 tiles/s | fail_rate=0.0% | v decrease (throughput degrading)
  [670/1001] (67%) ok=252 fail=418 workers=8
  [680/1001] (68%) ok=262 fail=418 workers=8
  [concurrency] workers=12 | throughput=0.2 tiles/s | fail_rate=0.0% | -> nudge up
  [690/1001] (69%) ok=272 fail=418 workers=12
  [700/1001] (70%) ok=279 fail=421 workers=12
  [concurrency] workers=8 | throughput=0.1 tiles/s | fail_rate=15.0% | v back off (high fail rate)
  [710/1001] (71%) ok=286 fail=424 workers=8
  [720/1001] (72%) ok=296 fail=424 workers=8
  [concurrency] workers=8 | throughput=0.2 tiles/s | fail_rate=15.0% | v back off (high fail rate)
  [730/1001] (73%) ok=306 fail=424 workers=8
  [740/1001] (74%) ok=316 fail=424 workers=8
  [concurrency] workers=12 | throughput=0.2 tiles/s | fail_rate=0.0% | -> nudge up
  [750/1001] (75%) ok=324 fail=426 workers=12
  [760/1001] (76%) ok=334 fail=426 workers=12
  [concurrency] workers=16 | throughput=0.2 tiles/s | fail_rate=10.0% | -> nudge up
  [770/1001] (77%) ok=344 fail=426 workers=16
  [780/1001] (78%) ok=354 fail=426 workers=16
  [concurrency] workers=16 | throughput=0.4 tiles/s | fail_rate=0.0% | -> nudge up
  [790/1001] (79%) ok=364 fail=426 workers=16
  [800/1001] (80%) ok=374 fail=426 workers=16
  [concurrency] workers=8 | throughput=0.3 tiles/s | fail_rate=0.0% | v decrease (throughput degrading)
  [810/1001] (81%) ok=384 fail=426 workers=8
  [820/1001] (82%) ok=394 fail=426 workers=8
  [concurrency] workers=8 | throughput=0.2 tiles/s | fail_rate=0.0% | v decrease (throughput degrading)
  checkpoint saved at 400 ok tiles
  [830/1001] (83%) ok=404 fail=426 workers=8
  [840/1001] (84%) ok=413 fail=427 workers=8
  [concurrency] workers=8 | throughput=0.2 tiles/s | fail_rate=5.0% | v decrease (throughput degrading)
  [850/1001] (85%) ok=423 fail=427 workers=8
  [860/1001] (86%) ok=433 fail=427 workers=8
  [concurrency] workers=12 | throughput=0.3 tiles/s | fail_rate=0.0% | -> nudge up
  [870/1001] (87%) ok=443 fail=427 workers=12
  [880/1001] (88%) ok=453 fail=427 workers=12
  [concurrency] workers=8 | throughput=0.1 tiles/s | fail_rate=0.0% | v decrease (throughput degrading)
  [890/1001] (89%) ok=463 fail=427 workers=8
  [900/1001] (90%) ok=471 fail=429 workers=8
  [concurrency] workers=12 | throughput=0.2 tiles/s | fail_rate=10.0% | -> nudge up
  [910/1001] (91%) ok=481 fail=429 workers=12
  [920/1001] (92%) ok=491 fail=429 workers=12
  [concurrency] workers=8 | throughput=0.1 tiles/s | fail_rate=0.0% | v decrease (throughput degrading)
  [930/1001] (93%) ok=501 fail=429 workers=8
  [940/1001] (94%) ok=511 fail=429 workers=8
  [concurrency] workers=12 | throughput=0.2 tiles/s | fail_rate=0.0% | -> nudge up
  [950/1001] (95%) ok=521 fail=429 workers=12
  [960/1001] (96%) ok=531 fail=429 workers=12
  [concurrency] workers=8 | throughput=0.1 tiles/s | fail_rate=0.0% | v decrease (throughput degrading)
  [970/1001] (97%) ok=541 fail=429 workers=8
  [980/1001] (98%) ok=551 fail=429 workers=8
  [concurrency] workers=12 | throughput=0.2 tiles/s | fail_rate=0.0% | -> nudge up
  [990/1001] (99%) ok=561 fail=429 workers=12
  [1000/1001] (100%) ok=571 fail=429 workers=12
  [concurrency] workers=16 | throughput=0.2 tiles/s | fail_rate=0.0% | -> nudge up
  [1001/1001] (100%) ok=572 fail=429 workers=16

  Concurrency tuning summary:
   workers    tiles/s  fail_rate
         8       0.00     100.0%
         8       0.00     100.0%
         8       0.00     100.0%
         8       0.00     100.0%
         8       0.00     100.0%
         8       0.00     100.0%
         8       0.00     100.0%
         8       0.00     100.0%
         8       0.00     100.0%
         8       0.00     100.0%
         8       0.00     100.0%
         8       0.00     100.0%
         8       0.00     100.0%
         8       0.00     100.0%
         8       0.00     100.0%
         8       0.00     100.0%
         8       0.00     100.0%
         8       0.00     100.0%
         8       0.00     100.0%
         8       0.03      85.0%
         8       0.26       5.0%
        16       0.39       5.0%
        16       0.35       0.0%
         8       0.10       5.0%
         8       0.13       0.0%
        12       0.13      10.0% <- best
        16       0.35       0.0%
        16       0.31       5.0%
         8       0.06      55.0%
         8       0.14      15.0%
         8       0.39       5.0%
        12       0.44       0.0% <- best
        16       0.19       0.0%
         8       0.20       0.0%
        12       0.12      15.0% <- best
         8       0.16      15.0%
         8       0.19       0.0%
        12       0.19      10.0% <- best
        16       0.41       0.0%
        16       0.28       0.0%
         8       0.21       0.0%
         8       0.18       5.0%
         8       0.25       0.0%
        12       0.15       0.0% <- best
         8       0.21      10.0%
        12       0.14       0.0% <- best
         8       0.22       0.0%
        12       0.09       0.0% <- best
         8       0.17       0.0%
        12       0.24       0.0% <- best
  Best: 12 workers @ 0.44 tiles/s
  Checkpoint preserved (some assets failed).

  STAC fetch complete: 572 ok / 429 failed
        fetched ok=572 fail=429
  [2/4] QC (min_valid_ratio=0.8) ...
  QC [1000/1001] passed=411
  QC [1001/1001] passed=412
QC complete: 412 passed, 589 failed (1001 total)
        QC passed 412 / 1001
  [3/4] triage ...
  Triage [412/412] high=412 low=0 contradiction=0
Triage complete: 412 high / 0 low / 0 contradiction (412 total)
        accepted 412
  [4/4] assemble -> C:\Users\j.guthrie\Downloads\RESEARCH\infra_fm\data\curated_datasets\dataset_europe_energy_v1
C:\Users\j.guthrie\Downloads\RESEARCH\infra_fm\fetch_v1_overnight.py:221: DeprecationWarning: datetime.datetime.utcnow() is deprecated and scheduled for removal in a future version. Use timezone-aware objects to represent datetimes in UTC: datetime.datetime.now(datetime.UTC).
  "completed_at"   : datetime.utcnow().isoformat() + "Z",
  [412/412] saved=412 failed=0

Dataset assembled: 412 tiles saved, 0 failed
  Images:   C:\Users\j.guthrie\Downloads\RESEARCH\infra_fm\data\curated_datasets\dataset_europe_energy_v1\images
  Manifest: C:\Users\j.guthrie\Downloads\RESEARCH\infra_fm\data\curated_datasets\dataset_europe_energy_v1\manifest.json
  Summary:  C:\Users\j.guthrie\Downloads\RESEARCH\infra_fm\data\curated_datasets\dataset_europe_energy_v1\summary.csv

Tiles by asset type:
asset_type
energy.distribution.substation_untyped    221
energy.distribution.substation_minor      114
energy.generation.solar_farm               38
energy.generation.power_plant              24
energy.transmission.substation             14
energy.generation.wind_farm                 1

Tiles by source/modality:
source
stac_sentinel2_ms+sentinel1    412

Temporal tiles: 0 / 412
  [done] europe/energy in 4029s — 412 tiles assembled

========================================================================
ALL DONE in 651.9 min (10.86 h)
========================================================================
  ok                   10
  skip_done            18
