v1 overnight fetch — 28 cell(s) planned
  samples_dir     = C:\Users\j.guthrie\Downloads\RESEARCH\infra_fm\data\PIPELINE\03-v1-samples
  datasets_dir    = C:\Users\j.guthrie\Downloads\RESEARCH\infra_fm\data\curated_datasets
  checkpoints_dir = C:\Users\j.guthrie\Downloads\RESEARCH\infra_fm\data\checkpoints\v1
  modalities      = ['sentinel2_ms', 'sentinel1']
  buffer_m        = 300  (=> 600m tile)
  workers         = 8/16
  order           = smallest_per_region

idx  region               sector       n_assets
  0  central-america      telecom             1
  1  central-america      transport         570
  2  central-america      water           2,591
  3  central-america      energy          2,612
  4  australia-oceania    telecom            12
  5  australia-oceania    transport       2,178
  6  australia-oceania    energy          6,492
  7  australia-oceania    water          10,000
  8  south-america        telecom             8
  9  south-america        transport       3,997
 10  south-america        energy          9,999
 11  south-america        water          10,001
 12  africa               telecom             1
 13  africa               transport       5,297
 14  africa               energy         10,000
 15  africa               water          10,000
 16  asia                 telecom            32
 17  asia                 energy          9,999
 18  asia                 water          10,000
 19  asia                 transport      10,001
 20  north-america        telecom           279
 21  north-america        transport       7,757
 22  north-america        energy         10,000
 23  north-america        water          10,000
 24  europe               telecom           345
 25  europe               energy         10,000
 26  europe               water          10,000
 27  europe               transport      10,000
     TOTAL                              162,172

>>> [1/28] central-america/telecom (n=1)

========================================================================
CELL  central-america/telecom   (2026-06-02 08:38:44)
========================================================================
  [skip] C:\Users\j.guthrie\Downloads\RESEARCH\infra_fm\data\curated_datasets\dataset_central-america_telecom_v1\_SUCCESS already exists

>>> [2/28] central-america/transport (n=570)

========================================================================
CELL  central-america/transport   (2026-06-02 08:38:44)
========================================================================
  loaded 570 assets from central-america_transport_v1_sample.parquet
  [1/4] STAC fetch ...
STACImageryFetcher: modalities=['sentinel2_ms', 'sentinel1'], n_bands=9, temporal_stack=False, buffer_m=300, workers=8 (adaptive)
  STAC fetch: 570 assets pending (0 already checkpointed)
  [10/570] (2%) ok=10 fail=0 workers=8
  [20/570] (4%) ok=20 fail=0 workers=8
  [concurrency] workers=16 | throughput=0.1 tiles/s | fail_rate=0.0% | ↑ increase (throughput improving)
C:\Users\j.guthrie\Downloads\RESEARCH\infra_fm\curation\stac_imagery.py:240: RuntimeWarning: invalid value encountered in log10
  arr = np.where(arr > 0, 10 * np.log10(arr + 1e-10), vmin)
  [30/570] (5%) ok=30 fail=0 workers=16
  [40/570] (7%) ok=40 fail=0 workers=16
  [concurrency] workers=16 | throughput=0.5 tiles/s | fail_rate=0.0% | ↑ increase (throughput improving)
  [50/570] (9%) ok=50 fail=0 workers=16
  [60/570] (11%) ok=60 fail=0 workers=16
  [concurrency] workers=8 | throughput=0.3 tiles/s | fail_rate=0.0% | ↓ decrease (throughput degrading)
  [70/570] (12%) ok=70 fail=0 workers=8
  [80/570] (14%) ok=80 fail=0 workers=8
  [concurrency] workers=12 | throughput=0.5 tiles/s | fail_rate=0.0% | → nudge up
  [90/570] (16%) ok=90 fail=0 workers=12
  [100/570] (18%) ok=100 fail=0 workers=12
  [concurrency] workers=16 | throughput=0.6 tiles/s | fail_rate=0.0% | ↑ increase (throughput improving)
  [110/570] (19%) ok=110 fail=0 workers=16
  [120/570] (21%) ok=120 fail=0 workers=16
  [concurrency] workers=16 | throughput=0.6 tiles/s | fail_rate=0.0% | → nudge up
  [130/570] (23%) ok=130 fail=0 workers=16
  [140/570] (25%) ok=140 fail=0 workers=16
  [concurrency] workers=8 | throughput=0.4 tiles/s | fail_rate=0.0% | ↓ decrease (throughput degrading)
  [150/570] (26%) ok=150 fail=0 workers=8
  [160/570] (28%) ok=160 fail=0 workers=8
  [concurrency] workers=12 | throughput=0.5 tiles/s | fail_rate=0.0% | → nudge up
  [170/570] (30%) ok=170 fail=0 workers=12
  [180/570] (32%) ok=180 fail=0 workers=12
  [concurrency] workers=16 | throughput=0.5 tiles/s | fail_rate=0.0% | → nudge up
  [190/570] (33%) ok=190 fail=0 workers=16
  [200/570] (35%) ok=200 fail=0 workers=16
  [concurrency] workers=16 | throughput=0.6 tiles/s | fail_rate=0.0% | → nudge up
  checkpoint saved at 200 ok tiles
  [210/570] (37%) ok=210 fail=0 workers=16
  [220/570] (39%) ok=220 fail=0 workers=16
  [concurrency] workers=16 | throughput=0.6 tiles/s | fail_rate=0.0% | → nudge up
  [230/570] (40%) ok=230 fail=0 workers=16
  [240/570] (42%) ok=240 fail=0 workers=16
  [concurrency] workers=8 | throughput=0.5 tiles/s | fail_rate=0.0% | ↓ decrease (throughput degrading)
  [250/570] (44%) ok=250 fail=0 workers=8
  [260/570] (46%) ok=260 fail=0 workers=8
  [concurrency] workers=12 | throughput=0.5 tiles/s | fail_rate=0.0% | → nudge up
  [270/570] (47%) ok=270 fail=0 workers=12
  [280/570] (49%) ok=280 fail=0 workers=12
  [concurrency] workers=16 | throughput=0.5 tiles/s | fail_rate=0.0% | → nudge up
  [290/570] (51%) ok=290 fail=0 workers=16
  [300/570] (53%) ok=300 fail=0 workers=16
  [concurrency] workers=16 | throughput=0.6 tiles/s | fail_rate=0.0% | → nudge up
  [310/570] (54%) ok=310 fail=0 workers=16
  [320/570] (56%) ok=320 fail=0 workers=16
  [concurrency] workers=16 | throughput=0.6 tiles/s | fail_rate=0.0% | ↑ increase (throughput improving)
  [330/570] (58%) ok=330 fail=0 workers=16
  [340/570] (60%) ok=340 fail=0 workers=16
  [concurrency] workers=8 | throughput=0.5 tiles/s | fail_rate=0.0% | ↓ decrease (throughput degrading)
  [350/570] (61%) ok=350 fail=0 workers=8
  [360/570] (63%) ok=360 fail=0 workers=8
  [concurrency] workers=12 | throughput=0.5 tiles/s | fail_rate=0.0% | → nudge up
  [370/570] (65%) ok=370 fail=0 workers=12
  [380/570] (67%) ok=380 fail=0 workers=12
  [concurrency] workers=16 | throughput=0.6 tiles/s | fail_rate=0.0% | ↑ increase (throughput improving)
  [390/570] (68%) ok=390 fail=0 workers=16
  [400/570] (70%) ok=400 fail=0 workers=16
  [concurrency] workers=16 | throughput=0.6 tiles/s | fail_rate=0.0% | → nudge up
  checkpoint saved at 400 ok tiles
  [410/570] (72%) ok=410 fail=0 workers=16
  [420/570] (74%) ok=420 fail=0 workers=16
  [concurrency] workers=8 | throughput=0.5 tiles/s | fail_rate=0.0% | ↓ decrease (throughput degrading)
  [430/570] (75%) ok=430 fail=0 workers=8
  [440/570] (77%) ok=440 fail=0 workers=8
  [concurrency] workers=12 | throughput=0.5 tiles/s | fail_rate=0.0% | → nudge up
  [450/570] (79%) ok=450 fail=0 workers=12
  [460/570] (81%) ok=460 fail=0 workers=12
  [concurrency] workers=16 | throughput=0.6 tiles/s | fail_rate=0.0% | → nudge up
  [470/570] (82%) ok=470 fail=0 workers=16
  [480/570] (84%) ok=480 fail=0 workers=16
  [concurrency] workers=16 | throughput=0.5 tiles/s | fail_rate=0.0% | → nudge up
  [490/570] (86%) ok=490 fail=0 workers=16
  [500/570] (88%) ok=500 fail=0 workers=16
  [concurrency] workers=16 | throughput=0.5 tiles/s | fail_rate=0.0% | → nudge up
  [510/570] (89%) ok=510 fail=0 workers=16
  [520/570] (91%) ok=520 fail=0 workers=16
  [concurrency] workers=8 | throughput=0.4 tiles/s | fail_rate=0.0% | ↓ decrease (throughput degrading)
  [530/570] (93%) ok=530 fail=0 workers=8
  [540/570] (95%) ok=540 fail=0 workers=8
  [concurrency] workers=12 | throughput=0.6 tiles/s | fail_rate=0.0% | → nudge up
  [550/570] (96%) ok=550 fail=0 workers=12
  [560/570] (98%) ok=560 fail=0 workers=12
  [concurrency] workers=8 | throughput=0.6 tiles/s | fail_rate=0.0% | ↓ decrease (throughput degrading)
  [570/570] (100%) ok=570 fail=0 workers=8

  Concurrency tuning summary:
   workers    tiles/s  fail_rate
         8       0.15       0.0%
        16       0.54       0.0%
        16       0.34       0.0%
         8       0.54       0.0%
        12       0.60       0.0% ← best
        16       0.60       0.0%
        16       0.44       0.0%
         8       0.53       0.0%
        12       0.54       0.0% ← best
        16       0.58       0.0%
        16       0.58       0.0%
        16       0.48       0.0%
         8       0.53       0.0%
        12       0.52       0.0% ← best
        16       0.58       0.0%
        16       0.63       0.0%
        16       0.51       0.0%
         8       0.46       0.0%
        12       0.63       0.0% ← best
        16       0.59       0.0%
        16       0.46       0.0%
         8       0.52       0.0%
        12       0.60       0.0% ← best
        16       0.55       0.0%
        16       0.52       0.0%
        16       0.43       0.0%
         8       0.62       0.0%
        12       0.56       0.0% ← best
  Best: 12 workers @ 0.63 tiles/s

  STAC fetch complete: 570 ok / 0 failed
        fetched ok=570 fail=0
  [2/4] QC (min_valid_ratio=0.8) ...
  QC [570/570] passed=566
QC complete: 566 passed, 4 failed (570 total)
        QC passed 566 / 570
  [3/4] triage ...
  Triage [566/566] high=566 low=0 contradiction=0
Triage complete: 566 high / 0 low / 0 contradiction (566 total)
        accepted 566
  [4/4] assemble -> C:\Users\j.guthrie\Downloads\RESEARCH\infra_fm\data\curated_datasets\dataset_central-america_transport_v1
C:\Users\j.guthrie\Downloads\RESEARCH\infra_fm\fetch_v1_overnight.py:221: DeprecationWarning: datetime.datetime.utcnow() is deprecated and scheduled for removal in a future version. Use timezone-aware objects to represent datetimes in UTC: datetime.datetime.now(datetime.UTC).
  "completed_at"   : datetime.utcnow().isoformat() + "Z",
  [566/566] saved=566 failed=0

Dataset assembled: 566 tiles saved, 0 failed
  Images:   C:\Users\j.guthrie\Downloads\RESEARCH\infra_fm\data\curated_datasets\dataset_central-america_transport_v1\images
  Manifest: C:\Users\j.guthrie\Downloads\RESEARCH\infra_fm\data\curated_datasets\dataset_central-america_transport_v1\manifest.json
  Summary:  C:\Users\j.guthrie\Downloads\RESEARCH\infra_fm\data\curated_datasets\dataset_central-america_transport_v1\summary.csv

Tiles by asset type:
asset_type
transport.train_station    478
transport.airport           86
transport.port_terminal      2

Tiles by source/modality:
source
stac_sentinel2_ms+sentinel1    566

Temporal tiles: 0 / 566
  [done] central-america/transport in 1186s — 566 tiles assembled

>>> [3/28] central-america/water (n=2,591)

========================================================================
CELL  central-america/water   (2026-06-02 08:58:30)
========================================================================
  loaded 2,591 assets from central-america_water_v1_sample.parquet
  [1/4] STAC fetch ...
STACImageryFetcher: modalities=['sentinel2_ms', 'sentinel1'], n_bands=9, temporal_stack=False, buffer_m=300, workers=8 (adaptive)
  STAC fetch: 2591 assets pending (0 already checkpointed)
  [10/2591] (0%) ok=10 fail=0 workers=8
  [20/2591] (1%) ok=20 fail=0 workers=8
  [concurrency] workers=16 | throughput=0.2 tiles/s | fail_rate=0.0% | ↑ increase (throughput improving)
  [30/2591] (1%) ok=30 fail=0 workers=16
  [40/2591] (2%) ok=40 fail=0 workers=16
  [concurrency] workers=16 | throughput=0.6 tiles/s | fail_rate=0.0% | ↑ increase (throughput improving)
  [50/2591] (2%) ok=50 fail=0 workers=16
  [60/2591] (2%) ok=60 fail=0 workers=16
  [concurrency] workers=8 | throughput=0.4 tiles/s | fail_rate=0.0% | ↓ decrease (throughput degrading)
  [70/2591] (3%) ok=70 fail=0 workers=8
  [80/2591] (3%) ok=80 fail=0 workers=8
  [concurrency] workers=16 | throughput=0.7 tiles/s | fail_rate=0.0% | ↑ increase (throughput improving)
  [90/2591] (3%) ok=90 fail=0 workers=16
  [100/2591] (4%) ok=100 fail=0 workers=16
  [concurrency] workers=16 | throughput=0.7 tiles/s | fail_rate=0.0% | ↑ increase (throughput improving)
  [110/2591] (4%) ok=110 fail=0 workers=16
  [120/2591] (5%) ok=120 fail=0 workers=16
  [concurrency] workers=16 | throughput=0.7 tiles/s | fail_rate=0.0% | ↑ increase (throughput improving)
  [130/2591] (5%) ok=130 fail=0 workers=16
  [140/2591] (5%) ok=140 fail=0 workers=16
  [concurrency] workers=8 | throughput=0.4 tiles/s | fail_rate=0.0% | ↓ decrease (throughput degrading)
  [150/2591] (6%) ok=150 fail=0 workers=8
  [160/2591] (6%) ok=160 fail=0 workers=8
  [concurrency] workers=16 | throughput=0.7 tiles/s | fail_rate=0.0% | ↑ increase (throughput improving)
  [170/2591] (7%) ok=170 fail=0 workers=16
  [180/2591] (7%) ok=180 fail=0 workers=16
  [concurrency] workers=16 | throughput=0.7 tiles/s | fail_rate=0.0% | → nudge up
  [190/2591] (7%) ok=190 fail=0 workers=16
  [200/2591] (8%) ok=200 fail=0 workers=16
  [concurrency] workers=16 | throughput=0.6 tiles/s | fail_rate=0.0% | → nudge up
  checkpoint saved at 200 ok tiles
  [210/2591] (8%) ok=210 fail=0 workers=16
  [220/2591] (8%) ok=220 fail=0 workers=16
  [concurrency] workers=8 | throughput=0.3 tiles/s | fail_rate=0.0% | ↓ decrease (throughput degrading)
  [230/2591] (9%) ok=230 fail=0 workers=8
  [240/2591] (9%) ok=240 fail=0 workers=8
  [concurrency] workers=12 | throughput=0.5 tiles/s | fail_rate=0.0% | → nudge up
  [250/2591] (10%) ok=250 fail=0 workers=12
  [260/2591] (10%) ok=260 fail=0 workers=12
  [concurrency] workers=16 | throughput=0.5 tiles/s | fail_rate=0.0% | → nudge up
  [270/2591] (10%) ok=270 fail=0 workers=16
  [280/2591] (11%) ok=280 fail=0 workers=16
  [concurrency] workers=16 | throughput=0.5 tiles/s | fail_rate=0.0% | → nudge up
  [290/2591] (11%) ok=290 fail=0 workers=16
  [300/2591] (12%) ok=300 fail=0 workers=16
  [concurrency] workers=8 | throughput=0.4 tiles/s | fail_rate=0.0% | ↓ decrease (throughput degrading)
  [310/2591] (12%) ok=310 fail=0 workers=8
  [320/2591] (12%) ok=320 fail=0 workers=8
  [concurrency] workers=12 | throughput=0.5 tiles/s | fail_rate=0.0% | → nudge up
  [330/2591] (13%) ok=330 fail=0 workers=12
  [340/2591] (13%) ok=340 fail=0 workers=12
  [concurrency] workers=8 | throughput=0.3 tiles/s | fail_rate=0.0% | ↓ decrease (throughput degrading)
  [350/2591] (14%) ok=350 fail=0 workers=8
  [360/2591] (14%) ok=360 fail=0 workers=8
  [concurrency] workers=12 | throughput=0.5 tiles/s | fail_rate=0.0% | → nudge up
  [370/2591] (14%) ok=370 fail=0 workers=12
  [380/2591] (15%) ok=380 fail=0 workers=12
  [concurrency] workers=8 | throughput=0.4 tiles/s | fail_rate=0.0% | ↓ decrease (throughput degrading)
  [390/2591] (15%) ok=390 fail=0 workers=8
  [400/2591] (15%) ok=400 fail=0 workers=8
  [concurrency] workers=12 | throughput=0.4 tiles/s | fail_rate=0.0% | → nudge up
  checkpoint saved at 400 ok tiles
  [410/2591] (16%) ok=410 fail=0 workers=12
  [420/2591] (16%) ok=420 fail=0 workers=12
  [concurrency] workers=16 | throughput=0.5 tiles/s | fail_rate=0.0% | → nudge up
  [430/2591] (17%) ok=430 fail=0 workers=16
  [440/2591] (17%) ok=440 fail=0 workers=16
  [concurrency] workers=16 | throughput=0.5 tiles/s | fail_rate=0.0% | → nudge up
  [450/2591] (17%) ok=450 fail=0 workers=16
  [460/2591] (18%) ok=460 fail=0 workers=16
  [concurrency] workers=16 | throughput=0.5 tiles/s | fail_rate=0.0% | → nudge up
  [470/2591] (18%) ok=470 fail=0 workers=16
  [480/2591] (19%) ok=480 fail=0 workers=16
  [concurrency] workers=16 | throughput=0.5 tiles/s | fail_rate=0.0% | → nudge up
  [490/2591] (19%) ok=490 fail=0 workers=16
  [500/2591] (19%) ok=500 fail=0 workers=16
  [concurrency] workers=8 | throughput=0.5 tiles/s | fail_rate=0.0% | ↓ decrease (throughput degrading)
  [510/2591] (20%) ok=510 fail=0 workers=8
  [520/2591] (20%) ok=520 fail=0 workers=8
  [concurrency] workers=16 | throughput=0.7 tiles/s | fail_rate=0.0% | ↑ increase (throughput improving)
  [530/2591] (20%) ok=530 fail=0 workers=16
  [540/2591] (21%) ok=540 fail=0 workers=16
  [concurrency] workers=16 | throughput=0.7 tiles/s | fail_rate=0.0% | → nudge up
  [550/2591] (21%) ok=550 fail=0 workers=16
  [560/2591] (22%) ok=560 fail=0 workers=16
  [concurrency] workers=8 | throughput=0.6 tiles/s | fail_rate=0.0% | ↓ decrease (throughput degrading)
  [570/2591] (22%) ok=570 fail=0 workers=8
  [580/2591] (22%) ok=580 fail=0 workers=8
  [concurrency] workers=8 | throughput=0.4 tiles/s | fail_rate=0.0% | ↓ decrease (throughput degrading)
  [590/2591] (23%) ok=590 fail=0 workers=8
  [600/2591] (23%) ok=600 fail=0 workers=8
  [concurrency] workers=12 | throughput=0.6 tiles/s | fail_rate=0.0% | → nudge up
  checkpoint saved at 600 ok tiles
  [610/2591] (24%) ok=610 fail=0 workers=12
  [620/2591] (24%) ok=620 fail=0 workers=12
  [concurrency] workers=16 | throughput=0.6 tiles/s | fail_rate=0.0% | → nudge up
  [630/2591] (24%) ok=630 fail=0 workers=16
  [640/2591] (25%) ok=640 fail=0 workers=16
  [concurrency] workers=16 | throughput=0.6 tiles/s | fail_rate=0.0% | → nudge up
  [650/2591] (25%) ok=650 fail=0 workers=16
  [660/2591] (25%) ok=660 fail=0 workers=16
  [concurrency] workers=8 | throughput=0.4 tiles/s | fail_rate=0.0% | ↓ decrease (throughput degrading)
  [670/2591] (26%) ok=670 fail=0 workers=8
  [680/2591] (26%) ok=680 fail=0 workers=8
  [concurrency] workers=12 | throughput=0.7 tiles/s | fail_rate=0.0% | → nudge up
  [690/2591] (27%) ok=690 fail=0 workers=12
  [700/2591] (27%) ok=700 fail=0 workers=12
  [concurrency] workers=16 | throughput=0.7 tiles/s | fail_rate=0.0% | → nudge up
  [710/2591] (27%) ok=710 fail=0 workers=16
  [720/2591] (28%) ok=720 fail=0 workers=16
  [concurrency] workers=16 | throughput=0.7 tiles/s | fail_rate=0.0% | → nudge up
  [730/2591] (28%) ok=730 fail=0 workers=16
  [740/2591] (29%) ok=740 fail=0 workers=16
  [concurrency] workers=8 | throughput=0.2 tiles/s | fail_rate=0.0% | ↓ decrease (throughput degrading)
  [750/2591] (29%) ok=750 fail=0 workers=8
  [760/2591] (29%) ok=760 fail=0 workers=8
  [concurrency] workers=12 | throughput=0.7 tiles/s | fail_rate=0.0% | → nudge up
  [770/2591] (30%) ok=770 fail=0 workers=12
  [780/2591] (30%) ok=780 fail=0 workers=12
  [concurrency] workers=16 | throughput=0.6 tiles/s | fail_rate=0.0% | → nudge up
  [790/2591] (30%) ok=790 fail=0 workers=16
  [800/2591] (31%) ok=800 fail=0 workers=16
  [concurrency] workers=16 | throughput=0.6 tiles/s | fail_rate=0.0% | → nudge up
  checkpoint saved at 800 ok tiles
  [810/2591] (31%) ok=810 fail=0 workers=16
  [820/2591] (32%) ok=820 fail=0 workers=16
  [concurrency] workers=8 | throughput=0.3 tiles/s | fail_rate=0.0% | ↓ decrease (throughput degrading)
  [830/2591] (32%) ok=830 fail=0 workers=8
  [840/2591] (32%) ok=840 fail=0 workers=8
  [concurrency] workers=12 | throughput=0.6 tiles/s | fail_rate=0.0% | → nudge up
  [850/2591] (33%) ok=850 fail=0 workers=12
  [860/2591] (33%) ok=860 fail=0 workers=12
  [concurrency] workers=16 | throughput=0.6 tiles/s | fail_rate=0.0% | → nudge up
  [870/2591] (34%) ok=870 fail=0 workers=16
  [880/2591] (34%) ok=880 fail=0 workers=16
  [concurrency] workers=16 | throughput=0.6 tiles/s | fail_rate=0.0% | → nudge up
  [890/2591] (34%) ok=890 fail=0 workers=16
  [900/2591] (35%) ok=900 fail=0 workers=16
  [concurrency] workers=8 | throughput=0.4 tiles/s | fail_rate=0.0% | ↓ decrease (throughput degrading)
  [910/2591] (35%) ok=910 fail=0 workers=8
  [920/2591] (36%) ok=920 fail=0 workers=8
  [concurrency] workers=12 | throughput=0.6 tiles/s | fail_rate=0.0% | → nudge up
  [930/2591] (36%) ok=930 fail=0 workers=12
  [940/2591] (36%) ok=940 fail=0 workers=12
  [concurrency] workers=8 | throughput=0.5 tiles/s | fail_rate=0.0% | ↓ decrease (throughput degrading)
  [950/2591] (37%) ok=950 fail=0 workers=8
  [960/2591] (37%) ok=960 fail=0 workers=8
  [concurrency] workers=12 | throughput=0.5 tiles/s | fail_rate=0.0% | → nudge up
  [970/2591] (37%) ok=970 fail=0 workers=12
  [980/2591] (38%) ok=980 fail=0 workers=12
  [concurrency] workers=8 | throughput=0.5 tiles/s | fail_rate=0.0% | ↓ decrease (throughput degrading)
  [990/2591] (38%) ok=990 fail=0 workers=8
  [1000/2591] (39%) ok=1000 fail=0 workers=8
  [concurrency] workers=12 | throughput=0.6 tiles/s | fail_rate=0.0% | → nudge up
  checkpoint saved at 1000 ok tiles
  [1010/2591] (39%) ok=1010 fail=0 workers=12
  [1020/2591] (39%) ok=1020 fail=0 workers=12
  [concurrency] workers=8 | throughput=0.5 tiles/s | fail_rate=0.0% | ↓ decrease (throughput degrading)
  [1030/2591] (40%) ok=1030 fail=0 workers=8
  [1040/2591] (40%) ok=1040 fail=0 workers=8
  [concurrency] workers=12 | throughput=0.6 tiles/s | fail_rate=0.0% | → nudge up
  [1050/2591] (41%) ok=1050 fail=0 workers=12
  [1060/2591] (41%) ok=1060 fail=0 workers=12
  [concurrency] workers=8 | throughput=0.4 tiles/s | fail_rate=0.0% | ↓ decrease (throughput degrading)
  [1070/2591] (41%) ok=1070 fail=0 workers=8
  [1080/2591] (42%) ok=1080 fail=0 workers=8
  [concurrency] workers=12 | throughput=0.6 tiles/s | fail_rate=0.0% | → nudge up
  [1090/2591] (42%) ok=1090 fail=0 workers=12
  [1100/2591] (42%) ok=1100 fail=0 workers=12
  [concurrency] workers=8 | throughput=0.5 tiles/s | fail_rate=0.0% | ↓ decrease (throughput degrading)
  [1110/2591] (43%) ok=1110 fail=0 workers=8
  [1120/2591] (43%) ok=1120 fail=0 workers=8
  [concurrency] workers=12 | throughput=0.6 tiles/s | fail_rate=0.0% | → nudge up
  [1130/2591] (44%) ok=1130 fail=0 workers=12
  [1140/2591] (44%) ok=1140 fail=0 workers=12
  [concurrency] workers=8 | throughput=0.5 tiles/s | fail_rate=0.0% | ↓ decrease (throughput degrading)
  [1150/2591] (44%) ok=1150 fail=0 workers=8
  [1160/2591] (45%) ok=1160 fail=0 workers=8
  [concurrency] workers=16 | throughput=0.7 tiles/s | fail_rate=0.0% | ↑ increase (throughput improving)
  [1170/2591] (45%) ok=1170 fail=0 workers=16
  [1180/2591] (46%) ok=1180 fail=0 workers=16
  [concurrency] workers=8 | throughput=0.6 tiles/s | fail_rate=0.0% | ↓ decrease (throughput degrading)
  [1190/2591] (46%) ok=1190 fail=0 workers=8
  [1200/2591] (46%) ok=1200 fail=0 workers=8
  [concurrency] workers=12 | throughput=0.6 tiles/s | fail_rate=0.0% | → nudge up
  checkpoint saved at 1200 ok tiles
  [1210/2591] (47%) ok=1210 fail=0 workers=12
  [1220/2591] (47%) ok=1220 fail=0 workers=12
  [concurrency] workers=8 | throughput=0.4 tiles/s | fail_rate=0.0% | ↓ decrease (throughput degrading)
  [1230/2591] (47%) ok=1230 fail=0 workers=8
  [1240/2591] (48%) ok=1240 fail=0 workers=8
  [concurrency] workers=16 | throughput=0.7 tiles/s | fail_rate=0.0% | ↑ increase (throughput improving)
  [1250/2591] (48%) ok=1250 fail=0 workers=16
  [1260/2591] (49%) ok=1260 fail=0 workers=16
  [concurrency] workers=16 | throughput=0.7 tiles/s | fail_rate=0.0% | → nudge up
  [1270/2591] (49%) ok=1270 fail=0 workers=16
  [1280/2591] (49%) ok=1280 fail=0 workers=16
  [concurrency] workers=16 | throughput=0.6 tiles/s | fail_rate=0.0% | → nudge up
  [1290/2591] (50%) ok=1290 fail=0 workers=16
  [1300/2591] (50%) ok=1300 fail=0 workers=16
  [concurrency] workers=8 | throughput=0.4 tiles/s | fail_rate=0.0% | ↓ decrease (throughput degrading)
  [1310/2591] (51%) ok=1310 fail=0 workers=8
  [1320/2591] (51%) ok=1320 fail=0 workers=8
  [concurrency] workers=12 | throughput=0.7 tiles/s | fail_rate=0.0% | → nudge up
  [1330/2591] (51%) ok=1330 fail=0 workers=12
  [1340/2591] (52%) ok=1340 fail=0 workers=12
  [concurrency] workers=16 | throughput=0.6 tiles/s | fail_rate=0.0% | → nudge up
  [1350/2591] (52%) ok=1350 fail=0 workers=16
  [1360/2591] (52%) ok=1360 fail=0 workers=16
  [concurrency] workers=16 | throughput=0.6 tiles/s | fail_rate=0.0% | → nudge up
  [1370/2591] (53%) ok=1370 fail=0 workers=16
  [1380/2591] (53%) ok=1380 fail=0 workers=16
  [concurrency] workers=8 | throughput=0.3 tiles/s | fail_rate=0.0% | ↓ decrease (throughput degrading)
  [1390/2591] (54%) ok=1390 fail=0 workers=8
  [1400/2591] (54%) ok=1400 fail=0 workers=8
  [concurrency] workers=12 | throughput=0.6 tiles/s | fail_rate=0.0% | → nudge up
  checkpoint saved at 1400 ok tiles
  [1410/2591] (54%) ok=1410 fail=0 workers=12
  [1420/2591] (55%) ok=1420 fail=0 workers=12
  [concurrency] workers=16 | throughput=0.7 tiles/s | fail_rate=0.0% | → nudge up
  [1430/2591] (55%) ok=1430 fail=0 workers=16
  [1440/2591] (56%) ok=1440 fail=0 workers=16
  [concurrency] workers=16 | throughput=0.7 tiles/s | fail_rate=0.0% | → nudge up
C:\Users\j.guthrie\Downloads\RESEARCH\infra_fm\curation\stac_imagery.py:240: RuntimeWarning: invalid value encountered in log10
  arr = np.where(arr > 0, 10 * np.log10(arr + 1e-10), vmin)
  [1450/2591] (56%) ok=1450 fail=0 workers=16
  [1460/2591] (56%) ok=1460 fail=0 workers=16
  [concurrency] workers=8 | throughput=0.3 tiles/s | fail_rate=0.0% | ↓ decrease (throughput degrading)
  [1470/2591] (57%) ok=1470 fail=0 workers=8
  [1480/2591] (57%) ok=1480 fail=0 workers=8
  [concurrency] workers=12 | throughput=0.6 tiles/s | fail_rate=0.0% | → nudge up
  [1490/2591] (58%) ok=1490 fail=0 workers=12
  [1500/2591] (58%) ok=1500 fail=0 workers=12
  [concurrency] workers=16 | throughput=0.6 tiles/s | fail_rate=0.0% | → nudge up
  [1510/2591] (58%) ok=1510 fail=0 workers=16
  [1520/2591] (59%) ok=1520 fail=0 workers=16
  [concurrency] workers=8 | throughput=0.5 tiles/s | fail_rate=0.0% | ↓ decrease (throughput degrading)
  [1530/2591] (59%) ok=1530 fail=0 workers=8
  [1540/2591] (59%) ok=1540 fail=0 workers=8
  [concurrency] workers=8 | throughput=0.5 tiles/s | fail_rate=0.0% | ↓ decrease (throughput degrading)
  [1550/2591] (60%) ok=1550 fail=0 workers=8
  [1560/2591] (60%) ok=1560 fail=0 workers=8
  [concurrency] workers=8 | throughput=0.4 tiles/s | fail_rate=0.0% | ↓ decrease (throughput degrading)
  [1570/2591] (61%) ok=1570 fail=0 workers=8
  [1580/2591] (61%) ok=1580 fail=0 workers=8
  [concurrency] workers=12 | throughput=0.6 tiles/s | fail_rate=0.0% | → nudge up
  [1590/2591] (61%) ok=1590 fail=0 workers=12
  [1600/2591] (62%) ok=1600 fail=0 workers=12
  [concurrency] workers=16 | throughput=0.6 tiles/s | fail_rate=0.0% | → nudge up
  checkpoint saved at 1600 ok tiles
  [1610/2591] (62%) ok=1610 fail=0 workers=16
  [1620/2591] (63%) ok=1620 fail=0 workers=16
  [concurrency] workers=16 | throughput=0.6 tiles/s | fail_rate=0.0% | → nudge up
  [1630/2591] (63%) ok=1630 fail=0 workers=16
  [1640/2591] (63%) ok=1640 fail=0 workers=16
  [concurrency] workers=8 | throughput=0.5 tiles/s | fail_rate=0.0% | ↓ decrease (throughput degrading)
  [1650/2591] (64%) ok=1650 fail=0 workers=8
  [1660/2591] (64%) ok=1660 fail=0 workers=8
  [concurrency] workers=12 | throughput=0.5 tiles/s | fail_rate=0.0% | → nudge up
  [1670/2591] (64%) ok=1670 fail=0 workers=12
  [1680/2591] (65%) ok=1680 fail=0 workers=12
  [concurrency] workers=16 | throughput=0.5 tiles/s | fail_rate=0.0% | → nudge up
  [1690/2591] (65%) ok=1690 fail=0 workers=16
  [1700/2591] (66%) ok=1700 fail=0 workers=16
  [concurrency] workers=16 | throughput=0.7 tiles/s | fail_rate=0.0% | → nudge up
  [1710/2591] (66%) ok=1710 fail=0 workers=16
  [1720/2591] (66%) ok=1720 fail=0 workers=16
  [concurrency] workers=8 | throughput=0.4 tiles/s | fail_rate=0.0% | ↓ decrease (throughput degrading)
  [1730/2591] (67%) ok=1730 fail=0 workers=8
  [1740/2591] (67%) ok=1740 fail=0 workers=8
  [concurrency] workers=12 | throughput=0.5 tiles/s | fail_rate=0.0% | → nudge up
  [1750/2591] (68%) ok=1750 fail=0 workers=12
  [1760/2591] (68%) ok=1760 fail=0 workers=12
  [concurrency] workers=16 | throughput=0.6 tiles/s | fail_rate=0.0% | → nudge up
  [1770/2591] (68%) ok=1770 fail=0 workers=16
  [1780/2591] (69%) ok=1780 fail=0 workers=16
  [concurrency] workers=16 | throughput=0.6 tiles/s | fail_rate=0.0% | → nudge up
  [1790/2591] (69%) ok=1790 fail=0 workers=16
  [1800/2591] (69%) ok=1800 fail=0 workers=16
  [concurrency] workers=8 | throughput=0.4 tiles/s | fail_rate=0.0% | ↓ decrease (throughput degrading)
  checkpoint saved at 1800 ok tiles
  [1810/2591] (70%) ok=1810 fail=0 workers=8
  [1820/2591] (70%) ok=1820 fail=0 workers=8
  [concurrency] workers=12 | throughput=0.5 tiles/s | fail_rate=0.0% | → nudge up
  [1830/2591] (71%) ok=1830 fail=0 workers=12
  [1840/2591] (71%) ok=1840 fail=0 workers=12
  [concurrency] workers=16 | throughput=0.6 tiles/s | fail_rate=0.0% | → nudge up
  [1850/2591] (71%) ok=1850 fail=0 workers=16
  [1860/2591] (72%) ok=1860 fail=0 workers=16
  [concurrency] workers=16 | throughput=0.6 tiles/s | fail_rate=0.0% | → nudge up
  [1870/2591] (72%) ok=1870 fail=0 workers=16
  [1880/2591] (73%) ok=1880 fail=0 workers=16
  [concurrency] workers=8 | throughput=0.5 tiles/s | fail_rate=0.0% | ↓ decrease (throughput degrading)
  [1890/2591] (73%) ok=1890 fail=0 workers=8
  [1900/2591] (73%) ok=1900 fail=0 workers=8
  [concurrency] workers=8 | throughput=0.2 tiles/s | fail_rate=0.0% | ↓ decrease (throughput degrading)
  [1910/2591] (74%) ok=1910 fail=0 workers=8
  [1920/2591] (74%) ok=1920 fail=0 workers=8
  [concurrency] workers=12 | throughput=0.3 tiles/s | fail_rate=0.0% | → nudge up
  [1930/2591] (74%) ok=1930 fail=0 workers=12
  [1940/2591] (75%) ok=1940 fail=0 workers=12
  [concurrency] workers=16 | throughput=0.3 tiles/s | fail_rate=0.0% | → nudge up
  [1950/2591] (75%) ok=1950 fail=0 workers=16
  [1960/2591] (76%) ok=1960 fail=0 workers=16
  [concurrency] workers=8 | throughput=0.2 tiles/s | fail_rate=0.0% | ↓ decrease (throughput degrading)
  [1970/2591] (76%) ok=1970 fail=0 workers=8
  [1980/2591] (76%) ok=1980 fail=0 workers=8
  [concurrency] workers=12 | throughput=0.5 tiles/s | fail_rate=0.0% | → nudge up
  [1990/2591] (77%) ok=1990 fail=0 workers=12
  [2000/2591] (77%) ok=2000 fail=0 workers=12
  [concurrency] workers=8 | throughput=0.3 tiles/s | fail_rate=0.0% | ↓ decrease (throughput degrading)
  checkpoint saved at 2000 ok tiles
  [2010/2591] (78%) ok=2010 fail=0 workers=8
  [2020/2591] (78%) ok=2020 fail=0 workers=8
  [concurrency] workers=12 | throughput=0.6 tiles/s | fail_rate=0.0% | → nudge up
  [2030/2591] (78%) ok=2030 fail=0 workers=12
  [2040/2591] (79%) ok=2040 fail=0 workers=12
  [concurrency] workers=16 | throughput=0.6 tiles/s | fail_rate=0.0% | → nudge up
  [2050/2591] (79%) ok=2050 fail=0 workers=16
  [2060/2591] (80%) ok=2060 fail=0 workers=16
  [concurrency] workers=8 | throughput=0.3 tiles/s | fail_rate=0.0% | ↓ decrease (throughput degrading)
  [2070/2591] (80%) ok=2070 fail=0 workers=8
  [2080/2591] (80%) ok=2080 fail=0 workers=8
  [concurrency] workers=12 | throughput=0.5 tiles/s | fail_rate=0.0% | → nudge up
  [2090/2591] (81%) ok=2090 fail=0 workers=12
  [2100/2591] (81%) ok=2100 fail=0 workers=12
  [concurrency] workers=16 | throughput=0.5 tiles/s | fail_rate=0.0% | → nudge up
  [2110/2591] (81%) ok=2110 fail=0 workers=16
  [2120/2591] (82%) ok=2120 fail=0 workers=16
  [concurrency] workers=16 | throughput=0.6 tiles/s | fail_rate=0.0% | → nudge up
  [2130/2591] (82%) ok=2130 fail=0 workers=16
  [2140/2591] (83%) ok=2140 fail=0 workers=16
  [concurrency] workers=8 | throughput=0.3 tiles/s | fail_rate=0.0% | ↓ decrease (throughput degrading)
  [2150/2591] (83%) ok=2150 fail=0 workers=8
  [2160/2591] (83%) ok=2160 fail=0 workers=8
  [concurrency] workers=12 | throughput=0.5 tiles/s | fail_rate=0.0% | → nudge up
  [2170/2591] (84%) ok=2170 fail=0 workers=12
  [2180/2591] (84%) ok=2180 fail=0 workers=12
  [concurrency] workers=16 | throughput=0.5 tiles/s | fail_rate=0.0% | → nudge up
  [2190/2591] (85%) ok=2190 fail=0 workers=16
  [2200/2591] (85%) ok=2200 fail=0 workers=16
  [concurrency] workers=16 | throughput=0.5 tiles/s | fail_rate=0.0% | → nudge up
  checkpoint saved at 2200 ok tiles
  [2210/2591] (85%) ok=2210 fail=0 workers=16
  [2220/2591] (86%) ok=2220 fail=0 workers=16
  [concurrency] workers=16 | throughput=0.5 tiles/s | fail_rate=0.0% | → nudge up
  [2230/2591] (86%) ok=2230 fail=0 workers=16
  [2240/2591] (86%) ok=2240 fail=0 workers=16
  [concurrency] workers=8 | throughput=0.4 tiles/s | fail_rate=0.0% | ↓ decrease (throughput degrading)
  [2250/2591] (87%) ok=2250 fail=0 workers=8
  [2260/2591] (87%) ok=2260 fail=0 workers=8
  [concurrency] workers=12 | throughput=0.6 tiles/s | fail_rate=0.0% | → nudge up
  [2270/2591] (88%) ok=2270 fail=0 workers=12
  [2280/2591] (88%) ok=2280 fail=0 workers=12
  [concurrency] workers=16 | throughput=0.6 tiles/s | fail_rate=0.0% | → nudge up
  [2290/2591] (88%) ok=2290 fail=0 workers=16
  [2300/2591] (89%) ok=2300 fail=0 workers=16
  [concurrency] workers=16 | throughput=0.6 tiles/s | fail_rate=0.0% | → nudge up
  [2310/2591] (89%) ok=2310 fail=0 workers=16
  [2320/2591] (90%) ok=2320 fail=0 workers=16
  [concurrency] workers=16 | throughput=0.5 tiles/s | fail_rate=0.0% | → nudge up
  [2330/2591] (90%) ok=2330 fail=0 workers=16
  [2340/2591] (90%) ok=2340 fail=0 workers=16
  [concurrency] workers=16 | throughput=0.5 tiles/s | fail_rate=0.0% | → nudge up
  [2350/2591] (91%) ok=2350 fail=0 workers=16
  [2360/2591] (91%) ok=2360 fail=0 workers=16
  [concurrency] workers=8 | throughput=0.5 tiles/s | fail_rate=0.0% | ↓ decrease (throughput degrading)
  [2370/2591] (91%) ok=2370 fail=0 workers=8
  [2380/2591] (92%) ok=2380 fail=0 workers=8
  [concurrency] workers=12 | throughput=0.6 tiles/s | fail_rate=0.0% | → nudge up
  [2390/2591] (92%) ok=2390 fail=0 workers=12
  [2400/2591] (93%) ok=2400 fail=0 workers=12
  [concurrency] workers=16 | throughput=0.5 tiles/s | fail_rate=0.0% | → nudge up
  checkpoint saved at 2400 ok tiles
  [2410/2591] (93%) ok=2410 fail=0 workers=16
  [2420/2591] (93%) ok=2420 fail=0 workers=16
  [concurrency] workers=8 | throughput=0.4 tiles/s | fail_rate=0.0% | ↓ decrease (throughput degrading)
  [2430/2591] (94%) ok=2430 fail=0 workers=8
  [2440/2591] (94%) ok=2440 fail=0 workers=8
  [concurrency] workers=12 | throughput=0.4 tiles/s | fail_rate=0.0% | → nudge up
  [2450/2591] (95%) ok=2450 fail=0 workers=12
  [2460/2591] (95%) ok=2460 fail=0 workers=12
  [concurrency] workers=16 | throughput=0.5 tiles/s | fail_rate=0.0% | → nudge up
  [2470/2591] (95%) ok=2470 fail=0 workers=16
  [2480/2591] (96%) ok=2480 fail=0 workers=16
  [concurrency] workers=16 | throughput=0.5 tiles/s | fail_rate=0.0% | → nudge up
  [2490/2591] (96%) ok=2490 fail=0 workers=16
  [2500/2591] (96%) ok=2500 fail=0 workers=16
  [concurrency] workers=16 | throughput=0.5 tiles/s | fail_rate=0.0% | → nudge up
  [2510/2591] (97%) ok=2510 fail=0 workers=16
  [2520/2591] (97%) ok=2520 fail=0 workers=16
  [concurrency] workers=16 | throughput=0.5 tiles/s | fail_rate=0.0% | → nudge up
  [2530/2591] (98%) ok=2530 fail=0 workers=16
  [2540/2591] (98%) ok=2540 fail=0 workers=16
  [concurrency] workers=16 | throughput=0.6 tiles/s | fail_rate=0.0% | → nudge up
  [2550/2591] (98%) ok=2550 fail=0 workers=16
  [2560/2591] (99%) ok=2560 fail=0 workers=16
  [concurrency] workers=16 | throughput=0.6 tiles/s | fail_rate=0.0% | → nudge up
  [2570/2591] (99%) ok=2570 fail=0 workers=16
  [2580/2591] (100%) ok=2580 fail=0 workers=16
  [concurrency] workers=8 | throughput=0.5 tiles/s | fail_rate=0.0% | ↓ decrease (throughput degrading)
  [2590/2591] (100%) ok=2590 fail=0 workers=8
  [2591/2591] (100%) ok=2591 fail=0 workers=8

  Concurrency tuning summary:
   workers    tiles/s  fail_rate
         8       0.22       0.0% ← best
        16       0.55       0.0%
        16       0.37       0.0%
         8       0.66       0.0% ← best
        16       0.67       0.0%
        16       0.68       0.0%
        16       0.36       0.0%
         8       0.68       0.0% ← best
        16       0.68       0.0%
        16       0.61       0.0%
        16       0.29       0.0%
         8       0.49       0.0% ← best
        12       0.47       0.0%
        16       0.53       0.0%
        16       0.37       0.0%
         8       0.46       0.0% ← best
        12       0.34       0.0%
         8       0.53       0.0% ← best
        12       0.42       0.0%
         8       0.42       0.0% ← best
        12       0.51       0.0%
        16       0.50       0.0%
        16       0.48       0.0%
        16       0.53       0.0%
        16       0.47       0.0%
         8       0.68       0.0% ← best
        16       0.67       0.0%
        16       0.55       0.0%
         8       0.40       0.0% ← best
         8       0.62       0.0% ← best
        12       0.63       0.0%
        16       0.64       0.0%
        16       0.35       0.0%
         8       0.66       0.0% ← best
        12       0.67       0.0%
        16       0.67       0.0%
        16       0.20       0.0%
         8       0.66       0.0% ← best
        12       0.62       0.0%
        16       0.60       0.0%
        16       0.34       0.0%
         8       0.58       0.0% ← best
        12       0.59       0.0%
        16       0.58       0.0%
        16       0.36       0.0%
         8       0.55       0.0% ← best
        12       0.49       0.0%
         8       0.54       0.0% ← best
        12       0.47       0.0%
         8       0.63       0.0% ← best
        12       0.50       0.0%
         8       0.62       0.0% ← best
        12       0.44       0.0%
         8       0.62       0.0% ← best
        12       0.53       0.0%
         8       0.64       0.0% ← best
        12       0.45       0.0%
         8       0.69       0.0% ← best
        16       0.58       0.0%
         8       0.63       0.0% ← best
        12       0.41       0.0%
         8       0.69       0.0% ← best
        16       0.65       0.0%
        16       0.60       0.0%
        16       0.38       0.0%
         8       0.66       0.0% ← best
        12       0.65       0.0%
        16       0.65       0.0%
        16       0.34       0.0%
         8       0.64       0.0% ← best
        12       0.68       0.0%
        16       0.66       0.0%
        16       0.31       0.0%
         8       0.56       0.0% ← best
        12       0.60       0.0%
        16       0.54       0.0%
         8       0.48       0.0% ← best
         8       0.39       0.0% ← best
         8       0.60       0.0% ← best
        12       0.57       0.0%
        16       0.58       0.0%
        16       0.46       0.0%
         8       0.49       0.0% ← best
        12       0.50       0.0%
        16       0.68       0.0%
        16       0.42       0.0%
         8       0.50       0.0% ← best
        12       0.59       0.0%
        16       0.60       0.0%
        16       0.45       0.0%
         8       0.54       0.0% ← best
        12       0.58       0.0%
        16       0.58       0.0%
        16       0.52       0.0%
         8       0.20       0.0% ← best
         8       0.25       0.0% ← best
        12       0.26       0.0%
        16       0.17       0.0%
         8       0.53       0.0% ← best
        12       0.26       0.0%
         8       0.55       0.0% ← best
        12       0.55       0.0%
        16       0.29       0.0%
         8       0.51       0.0% ← best
        12       0.55       0.0%
        16       0.56       0.0%
        16       0.32       0.0%
         8       0.51       0.0% ← best
        12       0.52       0.0%
        16       0.51       0.0%
        16       0.47       0.0%
        16       0.37       0.0%
         8       0.58       0.0% ← best
        12       0.55       0.0%
        16       0.56       0.0%
        16       0.54       0.0%
        16       0.52       0.0%
        16       0.46       0.0%
         8       0.58       0.0% ← best
        12       0.55       0.0%
        16       0.44       0.0%
         8       0.44       0.0% ← best
        12       0.48       0.0%
        16       0.49       0.0%
        16       0.54       0.0%
        16       0.53       0.0%
        16       0.57       0.0%
        16       0.59       0.0%
        16       0.53       0.0%
  Best: 8 workers @ 0.69 tiles/s

  STAC fetch complete: 2591 ok / 0 failed
        fetched ok=2591 fail=0
  [2/4] QC (min_valid_ratio=0.8) ...
  QC [1000/2591] passed=995
  QC [2000/2591] passed=1994
  QC [2591/2591] passed=2579
QC complete: 2579 passed, 12 failed (2591 total)
        QC passed 2579 / 2591
  [3/4] triage ...
  Triage [1000/2579] high=1000 low=0 contradiction=0
  Triage [2000/2579] high=2000 low=0 contradiction=0
  Triage [2579/2579] high=2579 low=0 contradiction=0
Triage complete: 2579 high / 0 low / 0 contradiction (2579 total)
        accepted 2579
  [4/4] assemble -> C:\Users\j.guthrie\Downloads\RESEARCH\infra_fm\data\curated_datasets\dataset_central-america_water_v1
C:\Users\j.guthrie\Downloads\RESEARCH\infra_fm\fetch_v1_overnight.py:221: DeprecationWarning: datetime.datetime.utcnow() is deprecated and scheduled for removal in a future version. Use timezone-aware objects to represent datetimes in UTC: datetime.datetime.now(datetime.UTC).
  "completed_at"   : datetime.utcnow().isoformat() + "Z",
  [1000/2579] saved=1000 failed=0
  [2000/2579] saved=2000 failed=0
  [2579/2579] saved=2579 failed=0

Dataset assembled: 2579 tiles saved, 0 failed
  Images:   C:\Users\j.guthrie\Downloads\RESEARCH\infra_fm\data\curated_datasets\dataset_central-america_water_v1\images
  Manifest: C:\Users\j.guthrie\Downloads\RESEARCH\infra_fm\data\curated_datasets\dataset_central-america_water_v1\manifest.json
  Summary:  C:\Users\j.guthrie\Downloads\RESEARCH\infra_fm\data\curated_datasets\dataset_central-america_water_v1\summary.csv

Tiles by asset type:
asset_type
water.storage_tank        1853
water.wastewater.plant     455
water.treatment.plant      271

Tiles by source/modality:
source
stac_sentinel2_ms+sentinel1    2579

Temporal tiles: 0 / 2579
  [done] central-america/water in 5438s — 2579 tiles assembled

>>> [4/28] central-america/energy (n=2,612)

========================================================================
CELL  central-america/energy   (2026-06-02 10:29:08)
========================================================================
  loaded 2,612 assets from central-america_energy_v1_sample.parquet
  [1/4] STAC fetch ...
C:\Users\j.guthrie\Downloads\RESEARCH\infra_fm\curation\stac_imagery.py:240: RuntimeWarning: invalid value encountered in log10
  arr = np.where(arr > 0, 10 * np.log10(arr + 1e-10), vmin)
STACImageryFetcher: modalities=['sentinel2_ms', 'sentinel1'], n_bands=9, temporal_stack=False, buffer_m=300, workers=8 (adaptive)
  STAC fetch: 2612 assets pending (0 already checkpointed)
  [10/2612] (0%) ok=10 fail=0 workers=8
  [20/2612] (1%) ok=20 fail=0 workers=8
  [concurrency] workers=16 | throughput=0.2 tiles/s | fail_rate=0.0% | ↑ increase (throughput improving)
  [30/2612] (1%) ok=30 fail=0 workers=16
  [40/2612] (2%) ok=40 fail=0 workers=16
  [concurrency] workers=16 | throughput=0.4 tiles/s | fail_rate=0.0% | ↑ increase (throughput improving)
  [50/2612] (2%) ok=50 fail=0 workers=16
  [60/2612] (2%) ok=60 fail=0 workers=16
  [concurrency] workers=16 | throughput=0.5 tiles/s | fail_rate=0.0% | ↑ increase (throughput improving)
  [70/2612] (3%) ok=70 fail=0 workers=16
  [80/2612] (3%) ok=80 fail=0 workers=16
  [concurrency] workers=16 | throughput=0.6 tiles/s | fail_rate=0.0% | ↑ increase (throughput improving)
  [90/2612] (3%) ok=90 fail=0 workers=16
  [100/2612] (4%) ok=100 fail=0 workers=16
  [concurrency] workers=16 | throughput=0.6 tiles/s | fail_rate=0.0% | ↑ increase (throughput improving)
  [110/2612] (4%) ok=110 fail=0 workers=16
  [120/2612] (5%) ok=120 fail=0 workers=16
  [concurrency] workers=16 | throughput=0.6 tiles/s | fail_rate=0.0% | → nudge up
  [130/2612] (5%) ok=130 fail=0 workers=16
  [140/2612] (5%) ok=140 fail=0 workers=16
  [concurrency] workers=8 | throughput=0.5 tiles/s | fail_rate=0.0% | ↓ decrease (throughput degrading)
  [150/2612] (6%) ok=150 fail=0 workers=8
  [160/2612] (6%) ok=160 fail=0 workers=8
  [concurrency] workers=12 | throughput=0.5 tiles/s | fail_rate=0.0% | → nudge up
  [170/2612] (7%) ok=170 fail=0 workers=12
  [180/2612] (7%) ok=180 fail=0 workers=12
  [concurrency] workers=16 | throughput=0.5 tiles/s | fail_rate=0.0% | → nudge up
  [190/2612] (7%) ok=190 fail=0 workers=16
  [200/2612] (8%) ok=200 fail=0 workers=16
  [concurrency] workers=16 | throughput=0.6 tiles/s | fail_rate=0.0% | → nudge up
  checkpoint saved at 200 ok tiles
  [210/2612] (8%) ok=210 fail=0 workers=16
  [220/2612] (8%) ok=220 fail=0 workers=16
  [concurrency] workers=16 | throughput=0.6 tiles/s | fail_rate=0.0% | → nudge up
  [230/2612] (9%) ok=230 fail=0 workers=16
  [240/2612] (9%) ok=240 fail=0 workers=16
  [concurrency] workers=8 | throughput=0.5 tiles/s | fail_rate=0.0% | ↓ decrease (throughput degrading)
  [250/2612] (10%) ok=250 fail=0 workers=8
  [260/2612] (10%) ok=260 fail=0 workers=8
  [concurrency] workers=12 | throughput=0.5 tiles/s | fail_rate=0.0% | → nudge up
  [270/2612] (10%) ok=270 fail=0 workers=12
  [280/2612] (11%) ok=280 fail=0 workers=12
  [concurrency] workers=16 | throughput=0.5 tiles/s | fail_rate=0.0% | → nudge up
  [290/2612] (11%) ok=290 fail=0 workers=16
  [300/2612] (11%) ok=300 fail=0 workers=16
  [concurrency] workers=8 | throughput=0.5 tiles/s | fail_rate=0.0% | ↓ decrease (throughput degrading)
  [310/2612] (12%) ok=310 fail=0 workers=8
  [320/2612] (12%) ok=320 fail=0 workers=8
  [concurrency] workers=12 | throughput=0.6 tiles/s | fail_rate=0.0% | → nudge up
  [330/2612] (13%) ok=330 fail=0 workers=12
  [340/2612] (13%) ok=340 fail=0 workers=12
  [concurrency] workers=16 | throughput=0.5 tiles/s | fail_rate=0.0% | → nudge up
  [350/2612] (13%) ok=350 fail=0 workers=16
  [360/2612] (14%) ok=360 fail=0 workers=16
  [concurrency] workers=8 | throughput=0.4 tiles/s | fail_rate=0.0% | ↓ decrease (throughput degrading)
  [370/2612] (14%) ok=370 fail=0 workers=8
  [380/2612] (15%) ok=380 fail=0 workers=8
  [concurrency] workers=16 | throughput=0.6 tiles/s | fail_rate=0.0% | ↑ increase (throughput improving)
  [390/2612] (15%) ok=390 fail=0 workers=16
  [400/2612] (15%) ok=400 fail=0 workers=16
  [concurrency] workers=8 | throughput=0.4 tiles/s | fail_rate=0.0% | ↓ decrease (throughput degrading)
  checkpoint saved at 400 ok tiles
  [410/2612] (16%) ok=410 fail=0 workers=8
  [420/2612] (16%) ok=420 fail=0 workers=8
  [concurrency] workers=12 | throughput=0.6 tiles/s | fail_rate=0.0% | → nudge up
  [430/2612] (16%) ok=430 fail=0 workers=12
  [440/2612] (17%) ok=440 fail=0 workers=12
  [concurrency] workers=8 | throughput=0.5 tiles/s | fail_rate=0.0% | ↓ decrease (throughput degrading)
  [450/2612] (17%) ok=450 fail=0 workers=8
  [460/2612] (18%) ok=460 fail=0 workers=8
  [concurrency] workers=12 | throughput=0.6 tiles/s | fail_rate=0.0% | → nudge up
  [470/2612] (18%) ok=470 fail=0 workers=12
  [480/2612] (18%) ok=480 fail=0 workers=12
  [concurrency] workers=8 | throughput=0.4 tiles/s | fail_rate=0.0% | ↓ decrease (throughput degrading)
  [490/2612] (19%) ok=490 fail=0 workers=8
  [500/2612] (19%) ok=500 fail=0 workers=8
  [concurrency] workers=12 | throughput=0.6 tiles/s | fail_rate=0.0% | → nudge up
  [510/2612] (20%) ok=510 fail=0 workers=12
  [520/2612] (20%) ok=520 fail=0 workers=12
  [concurrency] workers=16 | throughput=0.6 tiles/s | fail_rate=0.0% | → nudge up
  [530/2612] (20%) ok=530 fail=0 workers=16
  [540/2612] (21%) ok=540 fail=0 workers=16
  [concurrency] workers=16 | throughput=0.5 tiles/s | fail_rate=0.0% | → nudge up
  [550/2612] (21%) ok=550 fail=0 workers=16
  [560/2612] (21%) ok=560 fail=0 workers=16
  [concurrency] workers=16 | throughput=0.5 tiles/s | fail_rate=0.0% | → nudge up
  [570/2612] (22%) ok=570 fail=0 workers=16
  [580/2612] (22%) ok=580 fail=0 workers=16
  [concurrency] workers=16 | throughput=0.5 tiles/s | fail_rate=0.0% | → nudge up
  [590/2612] (23%) ok=590 fail=0 workers=16
  [600/2612] (23%) ok=600 fail=0 workers=16
  [concurrency] workers=16 | throughput=0.5 tiles/s | fail_rate=0.0% | → nudge up
  checkpoint saved at 600 ok tiles
  [610/2612] (23%) ok=610 fail=0 workers=16
  [620/2612] (24%) ok=620 fail=0 workers=16
  [concurrency] workers=16 | throughput=0.5 tiles/s | fail_rate=0.0% | → nudge up
  [630/2612] (24%) ok=630 fail=0 workers=16
  [640/2612] (25%) ok=640 fail=0 workers=16
  [concurrency] workers=16 | throughput=0.5 tiles/s | fail_rate=0.0% | → nudge up
  [650/2612] (25%) ok=650 fail=0 workers=16
  [660/2612] (25%) ok=660 fail=0 workers=16
  [concurrency] workers=16 | throughput=0.6 tiles/s | fail_rate=0.0% | → nudge up
  [670/2612] (26%) ok=670 fail=0 workers=16
  [680/2612] (26%) ok=680 fail=0 workers=16
  [concurrency] workers=8 | throughput=0.5 tiles/s | fail_rate=0.0% | ↓ decrease (throughput degrading)
  [690/2612] (26%) ok=690 fail=0 workers=8
  [700/2612] (27%) ok=700 fail=0 workers=8
  [concurrency] workers=12 | throughput=0.5 tiles/s | fail_rate=0.0% | → nudge up
  [710/2612] (27%) ok=710 fail=0 workers=12
  [720/2612] (28%) ok=720 fail=0 workers=12
  [concurrency] workers=8 | throughput=0.3 tiles/s | fail_rate=0.0% | ↓ decrease (throughput degrading)
  [730/2612] (28%) ok=730 fail=0 workers=8
  [740/2612] (28%) ok=740 fail=0 workers=8
  [concurrency] workers=12 | throughput=0.4 tiles/s | fail_rate=0.0% | → nudge up
  [750/2612] (29%) ok=750 fail=0 workers=12
  [760/2612] (29%) ok=760 fail=0 workers=12
  [concurrency] workers=16 | throughput=0.6 tiles/s | fail_rate=0.0% | → nudge up
  [770/2612] (29%) ok=770 fail=0 workers=16
  [780/2612] (30%) ok=780 fail=0 workers=16
  [concurrency] workers=16 | throughput=0.6 tiles/s | fail_rate=0.0% | → nudge up
  [790/2612] (30%) ok=790 fail=0 workers=16
  [800/2612] (31%) ok=800 fail=0 workers=16
  [concurrency] workers=8 | throughput=0.6 tiles/s | fail_rate=0.0% | ↓ decrease (throughput degrading)
  checkpoint saved at 800 ok tiles
  [810/2612] (31%) ok=810 fail=0 workers=8
  [820/2612] (31%) ok=820 fail=0 workers=8
  [concurrency] workers=8 | throughput=0.4 tiles/s | fail_rate=0.0% | ↓ decrease (throughput degrading)
  [830/2612] (32%) ok=830 fail=0 workers=8
  [840/2612] (32%) ok=840 fail=0 workers=8
  [concurrency] workers=12 | throughput=0.5 tiles/s | fail_rate=0.0% | → nudge up
  [850/2612] (33%) ok=850 fail=0 workers=12
  [860/2612] (33%) ok=860 fail=0 workers=12
  [concurrency] workers=16 | throughput=0.6 tiles/s | fail_rate=0.0% | → nudge up
  [870/2612] (33%) ok=870 fail=0 workers=16
  [880/2612] (34%) ok=880 fail=0 workers=16
  [concurrency] workers=8 | throughput=0.5 tiles/s | fail_rate=0.0% | ↓ decrease (throughput degrading)
  [890/2612] (34%) ok=890 fail=0 workers=8
  [900/2612] (34%) ok=900 fail=0 workers=8
  [concurrency] workers=12 | throughput=0.6 tiles/s | fail_rate=0.0% | → nudge up
  [910/2612] (35%) ok=910 fail=0 workers=12
  [920/2612] (35%) ok=920 fail=0 workers=12
  [concurrency] workers=8 | throughput=0.5 tiles/s | fail_rate=0.0% | ↓ decrease (throughput degrading)
  [930/2612] (36%) ok=930 fail=0 workers=8
  [940/2612] (36%) ok=940 fail=0 workers=8
  [concurrency] workers=12 | throughput=0.6 tiles/s | fail_rate=0.0% | → nudge up
  [950/2612] (36%) ok=950 fail=0 workers=12
  [960/2612] (37%) ok=960 fail=0 workers=12
  [concurrency] workers=8 | throughput=0.5 tiles/s | fail_rate=0.0% | ↓ decrease (throughput degrading)
  [970/2612] (37%) ok=970 fail=0 workers=8
  [980/2612] (38%) ok=980 fail=0 workers=8
  [concurrency] workers=12 | throughput=0.5 tiles/s | fail_rate=0.0% | → nudge up
  [990/2612] (38%) ok=990 fail=0 workers=12
  [1000/2612] (38%) ok=1000 fail=0 workers=12
  [concurrency] workers=8 | throughput=0.5 tiles/s | fail_rate=0.0% | ↓ decrease (throughput degrading)
  checkpoint saved at 1000 ok tiles
  [1010/2612] (39%) ok=1010 fail=0 workers=8
  [1020/2612] (39%) ok=1020 fail=0 workers=8
  [concurrency] workers=12 | throughput=0.6 tiles/s | fail_rate=0.0% | → nudge up
  [1030/2612] (39%) ok=1030 fail=0 workers=12
  [1040/2612] (40%) ok=1040 fail=0 workers=12
  [concurrency] workers=8 | throughput=0.5 tiles/s | fail_rate=0.0% | ↓ decrease (throughput degrading)
  [1050/2612] (40%) ok=1050 fail=0 workers=8
  [1060/2612] (41%) ok=1060 fail=0 workers=8
  [concurrency] workers=12 | throughput=0.5 tiles/s | fail_rate=0.0% | → nudge up
  [1070/2612] (41%) ok=1070 fail=0 workers=12
  [1080/2612] (41%) ok=1080 fail=0 workers=12
  [concurrency] workers=16 | throughput=0.5 tiles/s | fail_rate=0.0% | → nudge up
  [1090/2612] (42%) ok=1090 fail=0 workers=16
  [1100/2612] (42%) ok=1100 fail=0 workers=16
  [concurrency] workers=16 | throughput=0.6 tiles/s | fail_rate=0.0% | → nudge up
  [1110/2612] (42%) ok=1110 fail=0 workers=16
  [1120/2612] (43%) ok=1120 fail=0 workers=16
  [concurrency] workers=8 | throughput=0.5 tiles/s | fail_rate=0.0% | ↓ decrease (throughput degrading)
  [1130/2612] (43%) ok=1130 fail=0 workers=8
  [1140/2612] (44%) ok=1140 fail=0 workers=8
  [concurrency] workers=12 | throughput=0.6 tiles/s | fail_rate=0.0% | → nudge up
  [1150/2612] (44%) ok=1150 fail=0 workers=12
  [1160/2612] (44%) ok=1160 fail=0 workers=12
  [concurrency] workers=8 | throughput=0.3 tiles/s | fail_rate=0.0% | ↓ decrease (throughput degrading)
  [1170/2612] (45%) ok=1170 fail=0 workers=8
  [1180/2612] (45%) ok=1180 fail=0 workers=8
  [concurrency] workers=12 | throughput=0.6 tiles/s | fail_rate=0.0% | → nudge up
  [1190/2612] (46%) ok=1190 fail=0 workers=12
  [1200/2612] (46%) ok=1200 fail=0 workers=12
  [concurrency] workers=16 | throughput=0.6 tiles/s | fail_rate=0.0% | → nudge up
  checkpoint saved at 1200 ok tiles
  [1210/2612] (46%) ok=1210 fail=0 workers=16
  [1220/2612] (47%) ok=1220 fail=0 workers=16
  [concurrency] workers=16 | throughput=0.5 tiles/s | fail_rate=0.0% | → nudge up
  [1230/2612] (47%) ok=1230 fail=0 workers=16
  [1240/2612] (47%) ok=1240 fail=0 workers=16
  [concurrency] workers=16 | throughput=0.5 tiles/s | fail_rate=0.0% | → nudge up
  [1250/2612] (48%) ok=1250 fail=0 workers=16
  [1260/2612] (48%) ok=1260 fail=0 workers=16
  [concurrency] workers=8 | throughput=0.4 tiles/s | fail_rate=0.0% | ↓ decrease (throughput degrading)
  [1270/2612] (49%) ok=1270 fail=0 workers=8
  [1280/2612] (49%) ok=1280 fail=0 workers=8
  [concurrency] workers=12 | throughput=0.6 tiles/s | fail_rate=0.0% | → nudge up
  [1290/2612] (49%) ok=1290 fail=0 workers=12
  [1300/2612] (50%) ok=1300 fail=0 workers=12
  [concurrency] workers=8 | throughput=0.5 tiles/s | fail_rate=0.0% | ↓ decrease (throughput degrading)
  [1310/2612] (50%) ok=1310 fail=0 workers=8
  [1320/2612] (51%) ok=1320 fail=0 workers=8
  [concurrency] workers=12 | throughput=0.6 tiles/s | fail_rate=0.0% | → nudge up
  [1330/2612] (51%) ok=1330 fail=0 workers=12
  [1340/2612] (51%) ok=1340 fail=0 workers=12
  [concurrency] workers=16 | throughput=0.5 tiles/s | fail_rate=0.0% | → nudge up
  [1350/2612] (52%) ok=1350 fail=0 workers=16
  [1360/2612] (52%) ok=1360 fail=0 workers=16
  [concurrency] workers=16 | throughput=0.5 tiles/s | fail_rate=0.0% | → nudge up
  [1370/2612] (52%) ok=1370 fail=0 workers=16
  [1380/2612] (53%) ok=1380 fail=0 workers=16
  [concurrency] workers=16 | throughput=0.6 tiles/s | fail_rate=0.0% | → nudge up
  [1390/2612] (53%) ok=1390 fail=0 workers=16
  [1400/2612] (54%) ok=1400 fail=0 workers=16
  [concurrency] workers=8 | throughput=0.4 tiles/s | fail_rate=0.0% | ↓ decrease (throughput degrading)
  checkpoint saved at 1400 ok tiles
  [1410/2612] (54%) ok=1410 fail=0 workers=8
  [1420/2612] (54%) ok=1420 fail=0 workers=8
  [concurrency] workers=12 | throughput=0.5 tiles/s | fail_rate=0.0% | → nudge up
  [1430/2612] (55%) ok=1430 fail=0 workers=12
  [1440/2612] (55%) ok=1440 fail=0 workers=12
  [concurrency] workers=16 | throughput=0.5 tiles/s | fail_rate=0.0% | → nudge up
  [1450/2612] (56%) ok=1450 fail=0 workers=16
  [1460/2612] (56%) ok=1460 fail=0 workers=16
  [concurrency] workers=8 | throughput=0.5 tiles/s | fail_rate=0.0% | ↓ decrease (throughput degrading)
  [1470/2612] (56%) ok=1470 fail=0 workers=8
  [1480/2612] (57%) ok=1480 fail=0 workers=8
  [concurrency] workers=12 | throughput=0.5 tiles/s | fail_rate=0.0% | → nudge up
  [1490/2612] (57%) ok=1490 fail=0 workers=12
  [1500/2612] (57%) ok=1500 fail=0 workers=12
  [concurrency] workers=8 | throughput=0.4 tiles/s | fail_rate=0.0% | ↓ decrease (throughput degrading)
  [1510/2612] (58%) ok=1510 fail=0 workers=8
  [1520/2612] (58%) ok=1520 fail=0 workers=8
  [concurrency] workers=8 | throughput=0.3 tiles/s | fail_rate=0.0% | ↓ decrease (throughput degrading)
  [1530/2612] (59%) ok=1530 fail=0 workers=8
  [1540/2612] (59%) ok=1540 fail=0 workers=8
  [concurrency] workers=12 | throughput=0.3 tiles/s | fail_rate=0.0% | → nudge up
  [1550/2612] (59%) ok=1550 fail=0 workers=12
  [1560/2612] (60%) ok=1560 fail=0 workers=12
  [concurrency] workers=16 | throughput=0.3 tiles/s | fail_rate=0.0% | → nudge up
  [1570/2612] (60%) ok=1570 fail=0 workers=16
  [1580/2612] (60%) ok=1580 fail=0 workers=16
  [concurrency] workers=16 | throughput=0.3 tiles/s | fail_rate=0.0% | → nudge up
  [1590/2612] (61%) ok=1590 fail=0 workers=16
  [1600/2612] (61%) ok=1600 fail=0 workers=16
  [concurrency] workers=16 | throughput=0.4 tiles/s | fail_rate=0.0% | → nudge up
  checkpoint saved at 1600 ok tiles
  [1610/2612] (62%) ok=1610 fail=0 workers=16
  [1620/2612] (62%) ok=1620 fail=0 workers=16
  [concurrency] workers=16 | throughput=0.3 tiles/s | fail_rate=0.0% | → nudge up
  [1630/2612] (62%) ok=1630 fail=0 workers=16
  [1640/2612] (63%) ok=1640 fail=0 workers=16
  [concurrency] workers=16 | throughput=0.4 tiles/s | fail_rate=0.0% | → nudge up
  [1650/2612] (63%) ok=1650 fail=0 workers=16
  [1660/2612] (64%) ok=1660 fail=0 workers=16
  [concurrency] workers=8 | throughput=0.3 tiles/s | fail_rate=0.0% | ↓ decrease (throughput degrading)
  [1670/2612] (64%) ok=1670 fail=0 workers=8
  [1680/2612] (64%) ok=1680 fail=0 workers=8
  [concurrency] workers=12 | throughput=0.4 tiles/s | fail_rate=0.0% | → nudge up
  [1690/2612] (65%) ok=1690 fail=0 workers=12
  [1700/2612] (65%) ok=1700 fail=0 workers=12
  [concurrency] workers=16 | throughput=0.4 tiles/s | fail_rate=0.0% | → nudge up
  [1710/2612] (65%) ok=1710 fail=0 workers=16
  [1720/2612] (66%) ok=1720 fail=0 workers=16
  [concurrency] workers=16 | throughput=0.4 tiles/s | fail_rate=0.0% | → nudge up
  [1730/2612] (66%) ok=1730 fail=0 workers=16
  [1740/2612] (67%) ok=1740 fail=0 workers=16
  [concurrency] workers=16 | throughput=0.3 tiles/s | fail_rate=0.0% | → nudge up
  [1750/2612] (67%) ok=1750 fail=0 workers=16
  [1760/2612] (67%) ok=1760 fail=0 workers=16
  [concurrency] workers=8 | throughput=0.1 tiles/s | fail_rate=0.0% | ↓ decrease (throughput degrading)
  [1770/2612] (68%) ok=1770 fail=0 workers=8
  [1780/2612] (68%) ok=1780 fail=0 workers=8
  [concurrency] workers=12 | throughput=0.1 tiles/s | fail_rate=0.0% | → nudge up
  [1790/2612] (69%) ok=1790 fail=0 workers=12
  [1800/2612] (69%) ok=1800 fail=0 workers=12
  [concurrency] workers=16 | throughput=0.1 tiles/s | fail_rate=0.0% | → nudge up
  checkpoint saved at 1800 ok tiles
  [1810/2612] (69%) ok=1810 fail=0 workers=16
  [1820/2612] (70%) ok=1820 fail=0 workers=16
  [concurrency] workers=16 | throughput=0.1 tiles/s | fail_rate=0.0% | → nudge up
  [1830/2612] (70%) ok=1830 fail=0 workers=16
  [1840/2612] (70%) ok=1840 fail=0 workers=16
  [concurrency] workers=16 | throughput=0.3 tiles/s | fail_rate=0.0% | → nudge up
  [1850/2612] (71%) ok=1850 fail=0 workers=16
  [1860/2612] (71%) ok=1860 fail=0 workers=16
  [concurrency] workers=16 | throughput=0.3 tiles/s | fail_rate=0.0% | → nudge up
  [1870/2612] (72%) ok=1870 fail=0 workers=16
  [1880/2612] (72%) ok=1880 fail=0 workers=16
  [concurrency] workers=16 | throughput=0.4 tiles/s | fail_rate=0.0% | → nudge up
  [1890/2612] (72%) ok=1890 fail=0 workers=16
  [1900/2612] (73%) ok=1900 fail=0 workers=16
  [concurrency] workers=8 | throughput=0.3 tiles/s | fail_rate=0.0% | ↓ decrease (throughput degrading)
  [1910/2612] (73%) ok=1910 fail=0 workers=8
  [1920/2612] (74%) ok=1920 fail=0 workers=8
  [concurrency] workers=12 | throughput=0.4 tiles/s | fail_rate=0.0% | → nudge up
  [1930/2612] (74%) ok=1930 fail=0 workers=12
  [1940/2612] (74%) ok=1940 fail=0 workers=12
  [concurrency] workers=8 | throughput=0.3 tiles/s | fail_rate=0.0% | ↓ decrease (throughput degrading)
  [1950/2612] (75%) ok=1950 fail=0 workers=8
  [1960/2612] (75%) ok=1960 fail=0 workers=8
  [concurrency] workers=12 | throughput=0.3 tiles/s | fail_rate=0.0% | → nudge up
  [1970/2612] (75%) ok=1970 fail=0 workers=12
  [1980/2612] (76%) ok=1980 fail=0 workers=12
  [concurrency] workers=16 | throughput=0.4 tiles/s | fail_rate=0.0% | → nudge up
  [1990/2612] (76%) ok=1990 fail=0 workers=16
  [2000/2612] (77%) ok=2000 fail=0 workers=16
  [concurrency] workers=8 | throughput=0.3 tiles/s | fail_rate=0.0% | ↓ decrease (throughput degrading)
  checkpoint saved at 2000 ok tiles
  [2010/2612] (77%) ok=2010 fail=0 workers=8
  [2020/2612] (77%) ok=2020 fail=0 workers=8
  [concurrency] workers=12 | throughput=0.3 tiles/s | fail_rate=0.0% | → nudge up
  [2030/2612] (78%) ok=2030 fail=0 workers=12
  [2040/2612] (78%) ok=2040 fail=0 workers=12
  [concurrency] workers=16 | throughput=0.3 tiles/s | fail_rate=0.0% | → nudge up
  [2050/2612] (78%) ok=2050 fail=0 workers=16
  [2060/2612] (79%) ok=2060 fail=0 workers=16
  [concurrency] workers=16 | throughput=0.5 tiles/s | fail_rate=0.0% | → nudge up
  [2070/2612] (79%) ok=2070 fail=0 workers=16
  [2080/2612] (80%) ok=2080 fail=0 workers=16
  [concurrency] workers=16 | throughput=0.5 tiles/s | fail_rate=0.0% | → nudge up
  [2090/2612] (80%) ok=2090 fail=0 workers=16
  [2100/2612] (80%) ok=2100 fail=0 workers=16
  [concurrency] workers=16 | throughput=0.5 tiles/s | fail_rate=0.0% | → nudge up
  [2110/2612] (81%) ok=2110 fail=0 workers=16
  [2120/2612] (81%) ok=2120 fail=0 workers=16
  [concurrency] workers=8 | throughput=0.4 tiles/s | fail_rate=0.0% | ↓ decrease (throughput degrading)
  [2130/2612] (82%) ok=2130 fail=0 workers=8
  [2140/2612] (82%) ok=2140 fail=0 workers=8
  [concurrency] workers=12 | throughput=0.5 tiles/s | fail_rate=0.0% | → nudge up
  [2150/2612] (82%) ok=2150 fail=0 workers=12
  [2160/2612] (83%) ok=2160 fail=0 workers=12
  [concurrency] workers=16 | throughput=0.5 tiles/s | fail_rate=0.0% | → nudge up
  [2170/2612] (83%) ok=2170 fail=0 workers=16
  [2180/2612] (83%) ok=2180 fail=0 workers=16
  [concurrency] workers=16 | throughput=0.6 tiles/s | fail_rate=0.0% | → nudge up
  [2190/2612] (84%) ok=2190 fail=0 workers=16
  [2200/2612] (84%) ok=2200 fail=0 workers=16
  [concurrency] workers=8 | throughput=0.5 tiles/s | fail_rate=0.0% | ↓ decrease (throughput degrading)
  checkpoint saved at 2200 ok tiles
  [2210/2612] (85%) ok=2210 fail=0 workers=8
  [2220/2612] (85%) ok=2220 fail=0 workers=8
  [concurrency] workers=12 | throughput=0.5 tiles/s | fail_rate=0.0% | → nudge up
  [2230/2612] (85%) ok=2230 fail=0 workers=12
  [2240/2612] (86%) ok=2240 fail=0 workers=12
  [concurrency] workers=16 | throughput=0.5 tiles/s | fail_rate=0.0% | → nudge up
  [2250/2612] (86%) ok=2250 fail=0 workers=16
  [2260/2612] (87%) ok=2260 fail=0 workers=16
  [concurrency] workers=16 | throughput=0.5 tiles/s | fail_rate=0.0% | → nudge up
  [2270/2612] (87%) ok=2270 fail=0 workers=16
  [2280/2612] (87%) ok=2280 fail=0 workers=16
  [concurrency] workers=16 | throughput=0.5 tiles/s | fail_rate=0.0% | → nudge up
  [2290/2612] (88%) ok=2290 fail=0 workers=16
  [2300/2612] (88%) ok=2300 fail=0 workers=16
  [concurrency] workers=8 | throughput=0.5 tiles/s | fail_rate=0.0% | ↓ decrease (throughput degrading)
  [2310/2612] (88%) ok=2310 fail=0 workers=8
  [2320/2612] (89%) ok=2320 fail=0 workers=8
  [concurrency] workers=12 | throughput=0.6 tiles/s | fail_rate=0.0% | → nudge up
  [2330/2612] (89%) ok=2330 fail=0 workers=12
  [2340/2612] (90%) ok=2340 fail=0 workers=12
  [concurrency] workers=8 | throughput=0.4 tiles/s | fail_rate=0.0% | ↓ decrease (throughput degrading)
  [2350/2612] (90%) ok=2350 fail=0 workers=8
  [2360/2612] (90%) ok=2360 fail=0 workers=8
  [concurrency] workers=12 | throughput=0.5 tiles/s | fail_rate=0.0% | → nudge up
  [2370/2612] (91%) ok=2370 fail=0 workers=12
  [2380/2612] (91%) ok=2380 fail=0 workers=12
  [concurrency] workers=16 | throughput=0.6 tiles/s | fail_rate=0.0% | → nudge up
  [2390/2612] (92%) ok=2390 fail=0 workers=16
  [2400/2612] (92%) ok=2400 fail=0 workers=16
  [concurrency] workers=8 | throughput=0.5 tiles/s | fail_rate=0.0% | ↓ decrease (throughput degrading)
  checkpoint saved at 2400 ok tiles
  [2410/2612] (92%) ok=2410 fail=0 workers=8
  [2420/2612] (93%) ok=2420 fail=0 workers=8
  [concurrency] workers=12 | throughput=0.5 tiles/s | fail_rate=0.0% | → nudge up
  [2430/2612] (93%) ok=2430 fail=0 workers=12
  [2440/2612] (93%) ok=2440 fail=0 workers=12
  [concurrency] workers=16 | throughput=0.5 tiles/s | fail_rate=0.0% | → nudge up
  [2450/2612] (94%) ok=2450 fail=0 workers=16
  [2460/2612] (94%) ok=2460 fail=0 workers=16
  [concurrency] workers=16 | throughput=0.5 tiles/s | fail_rate=0.0% | → nudge up
  [2470/2612] (95%) ok=2470 fail=0 workers=16
  [2480/2612] (95%) ok=2480 fail=0 workers=16
  [concurrency] workers=16 | throughput=0.5 tiles/s | fail_rate=0.0% | → nudge up
  [2490/2612] (95%) ok=2490 fail=0 workers=16
  [2500/2612] (96%) ok=2500 fail=0 workers=16
  [concurrency] workers=16 | throughput=0.5 tiles/s | fail_rate=0.0% | → nudge up
  [2510/2612] (96%) ok=2510 fail=0 workers=16
  [2520/2612] (96%) ok=2520 fail=0 workers=16
  [concurrency] workers=16 | throughput=0.5 tiles/s | fail_rate=0.0% | → nudge up
  [2530/2612] (97%) ok=2530 fail=0 workers=16
  [2540/2612] (97%) ok=2540 fail=0 workers=16
  [concurrency] workers=8 | throughput=0.4 tiles/s | fail_rate=0.0% | ↓ decrease (throughput degrading)
  [2550/2612] (98%) ok=2550 fail=0 workers=8
  [2560/2612] (98%) ok=2560 fail=0 workers=8
  [concurrency] workers=12 | throughput=0.5 tiles/s | fail_rate=0.0% | → nudge up
  [2570/2612] (98%) ok=2570 fail=0 workers=12
  [2580/2612] (99%) ok=2580 fail=0 workers=12
  [concurrency] workers=16 | throughput=0.5 tiles/s | fail_rate=0.0% | → nudge up
  [2590/2612] (99%) ok=2590 fail=0 workers=16
  [2600/2612] (100%) ok=2600 fail=0 workers=16
  [concurrency] workers=8 | throughput=0.5 tiles/s | fail_rate=0.0% | ↓ decrease (throughput degrading)
  checkpoint saved at 2600 ok tiles
  [2610/2612] (100%) ok=2610 fail=0 workers=8
  [2612/2612] (100%) ok=2612 fail=0 workers=8

  Concurrency tuning summary:
   workers    tiles/s  fail_rate
         8       0.21       0.0% ← best
        16       0.38       0.0%
        16       0.46       0.0%
        16       0.56       0.0%
        16       0.61       0.0%
        16       0.58       0.0%
        16       0.49       0.0%
         8       0.47       0.0% ← best
        12       0.49       0.0%
        16       0.57       0.0%
        16       0.60       0.0%
        16       0.48       0.0%
         8       0.51       0.0% ← best
        12       0.53       0.0%
        16       0.48       0.0%
         8       0.56       0.0% ← best
        12       0.53       0.0%
        16       0.41       0.0%
         8       0.63       0.0% ← best
        16       0.44       0.0%
         8       0.61       0.0% ← best
        12       0.53       0.0%
         8       0.60       0.0% ← best
        12       0.40       0.0%
         8       0.59       0.0% ← best
        12       0.55       0.0%
        16       0.54       0.0%
        16       0.49       0.0%
        16       0.53       0.0%
        16       0.54       0.0%
        16       0.50       0.0%
        16       0.49       0.0%
        16       0.60       0.0%
        16       0.53       0.0%
         8       0.49       0.0% ← best
        12       0.30       0.0%
         8       0.41       0.0% ← best
        12       0.58       0.0%
        16       0.63       0.0%
        16       0.55       0.0%
         8       0.45       0.0% ← best
         8       0.54       0.0% ← best
        12       0.58       0.0%
        16       0.49       0.0%
         8       0.59       0.0% ← best
        12       0.51       0.0%
         8       0.56       0.0% ← best
        12       0.49       0.0%
         8       0.55       0.0% ← best
        12       0.46       0.0%
         8       0.58       0.0% ← best
        12       0.50       0.0%
         8       0.53       0.0% ← best
        12       0.55       0.0%
        16       0.61       0.0%
        16       0.51       0.0%
         8       0.59       0.0% ← best
        12       0.34       0.0%
         8       0.58       0.0% ← best
        12       0.56       0.0%
        16       0.51       0.0%
        16       0.49       0.0%
        16       0.36       0.0%
         8       0.60       0.0% ← best
        12       0.48       0.0%
         8       0.58       0.0% ← best
        12       0.52       0.0%
        16       0.55       0.0%
        16       0.58       0.0%
        16       0.35       0.0%
         8       0.49       0.0% ← best
        12       0.54       0.0%
        16       0.48       0.0%
         8       0.52       0.0% ← best
        12       0.39       0.0%
         8       0.27       0.0% ← best
         8       0.33       0.0% ← best
        12       0.32       0.0%
        16       0.30       0.0%
        16       0.35       0.0%
        16       0.34       0.0%
        16       0.37       0.0%
        16       0.31       0.0%
         8       0.39       0.0% ← best
        12       0.35       0.0%
        16       0.36       0.0%
        16       0.35       0.0%
        16       0.12       0.0%
         8       0.14       0.0% ← best
        12       0.14       0.0%
        16       0.14       0.0%
        16       0.28       0.0%
        16       0.33       0.0%
        16       0.35       0.0%
        16       0.31       0.0%
         8       0.39       0.0% ← best
        12       0.29       0.0%
         8       0.30       0.0% ← best
        12       0.35       0.0%
        16       0.29       0.0%
         8       0.28       0.0% ← best
        12       0.34       0.0%
        16       0.52       0.0%
        16       0.52       0.0%
        16       0.48       0.0%
        16       0.40       0.0%
         8       0.53       0.0% ← best
        12       0.54       0.0%
        16       0.57       0.0%
        16       0.48       0.0%
         8       0.54       0.0% ← best
        12       0.50       0.0%
        16       0.47       0.0%
        16       0.52       0.0%
        16       0.46       0.0%
         8       0.57       0.0% ← best
        12       0.42       0.0%
         8       0.52       0.0% ← best
        12       0.57       0.0%
        16       0.47       0.0%
         8       0.51       0.0% ← best
        12       0.50       0.0%
        16       0.46       0.0%
        16       0.48       0.0%
        16       0.51       0.0%
        16       0.50       0.0%
        16       0.36       0.0%
         8       0.48       0.0% ← best
        12       0.54       0.0%
        16       0.48       0.0%
  Best: 8 workers @ 0.63 tiles/s

  STAC fetch complete: 2612 ok / 0 failed
        fetched ok=2612 fail=0
  [2/4] QC (min_valid_ratio=0.8) ...
  QC [1000/2612] passed=982
  QC [2000/2612] passed=1974
  QC [2612/2612] passed=2578
QC complete: 2578 passed, 34 failed (2612 total)
        QC passed 2578 / 2612
  [3/4] triage ...
  Triage [1000/2578] high=1000 low=0 contradiction=0
  Triage [2000/2578] high=2000 low=0 contradiction=0
  Triage [2578/2578] high=2578 low=0 contradiction=0
Triage complete: 2578 high / 0 low / 0 contradiction (2578 total)
        accepted 2578
  [4/4] assemble -> C:\Users\j.guthrie\Downloads\RESEARCH\infra_fm\data\curated_datasets\dataset_central-america_energy_v1
C:\Users\j.guthrie\Downloads\RESEARCH\infra_fm\fetch_v1_overnight.py:221: DeprecationWarning: datetime.datetime.utcnow() is deprecated and scheduled for removal in a future version. Use timezone-aware objects to represent datetimes in UTC: datetime.datetime.now(datetime.UTC).
  "completed_at"   : datetime.utcnow().isoformat() + "Z",
  [1000/2578] saved=1000 failed=0
  [2000/2578] saved=2000 failed=0
  [2578/2578] saved=2578 failed=0

Dataset assembled: 2578 tiles saved, 0 failed
  Images:   C:\Users\j.guthrie\Downloads\RESEARCH\infra_fm\data\curated_datasets\dataset_central-america_energy_v1\images
  Manifest: C:\Users\j.guthrie\Downloads\RESEARCH\infra_fm\data\curated_datasets\dataset_central-america_energy_v1\manifest.json
  Summary:  C:\Users\j.guthrie\Downloads\RESEARCH\infra_fm\data\curated_datasets\dataset_central-america_energy_v1\summary.csv

Tiles by asset type:
asset_type
energy.distribution.substation_untyped    1062
energy.generation.power_plant              456
energy.transmission.substation             434
energy.generation.solar_farm               323
energy.distribution.substation             202
energy.distribution.substation_minor        92
energy.generation.wind_farm                  9

Tiles by source/modality:
source
stac_sentinel2_ms+sentinel1    2578

Temporal tiles: 0 / 2578
  [done] central-america/energy in 6203s — 2578 tiles assembled

>>> [5/28] australia-oceania/telecom (n=12)

========================================================================
CELL  australia-oceania/telecom   (2026-06-02 12:12:31)
========================================================================
  loaded 12 assets from australia-oceania_telecom_v1_sample.parquet
  [1/4] STAC fetch ...
STACImageryFetcher: modalities=['sentinel2_ms', 'sentinel1'], n_bands=9, temporal_stack=False, buffer_m=300, workers=8 (adaptive)
  STAC fetch: 12 assets pending (0 already checkpointed)
  [10/12] (83%) ok=10 fail=0 workers=8
  [12/12] (100%) ok=12 fail=0 workers=8

  STAC fetch complete: 12 ok / 0 failed
        fetched ok=12 fail=0
  [2/4] QC (min_valid_ratio=0.8) ...
  QC [12/12] passed=12
QC complete: 12 passed, 0 failed (12 total)
        QC passed 12 / 12
  [3/4] triage ...
  Triage [12/12] high=12 low=0 contradiction=0
Triage complete: 12 high / 0 low / 0 contradiction (12 total)
        accepted 12
  [4/4] assemble -> C:\Users\j.guthrie\Downloads\RESEARCH\infra_fm\data\curated_datasets\dataset_australia-oceania_telecom_v1
C:\Users\j.guthrie\Downloads\RESEARCH\infra_fm\fetch_v1_overnight.py:221: DeprecationWarning: datetime.datetime.utcnow() is deprecated and scheduled for removal in a future version. Use timezone-aware objects to represent datetimes in UTC: datetime.datetime.now(datetime.UTC).
  "completed_at"   : datetime.utcnow().isoformat() + "Z",
  [12/12] saved=12 failed=0

Dataset assembled: 12 tiles saved, 0 failed
  Images:   C:\Users\j.guthrie\Downloads\RESEARCH\infra_fm\data\curated_datasets\dataset_australia-oceania_telecom_v1\images
  Manifest: C:\Users\j.guthrie\Downloads\RESEARCH\infra_fm\data\curated_datasets\dataset_australia-oceania_telecom_v1\manifest.json
  Summary:  C:\Users\j.guthrie\Downloads\RESEARCH\infra_fm\data\curated_datasets\dataset_australia-oceania_telecom_v1\summary.csv

Tiles by asset type:
asset_type
telecom.data_center    12

Tiles by source/modality:
source
stac_sentinel2_ms+sentinel1    12

Temporal tiles: 0 / 12
  [done] australia-oceania/telecom in 68s — 12 tiles assembled

>>> [6/28] australia-oceania/transport (n=2,178)

========================================================================
CELL  australia-oceania/transport   (2026-06-02 12:13:40)
========================================================================
  loaded 2,178 assets from australia-oceania_transport_v1_sample.parquet
  [1/4] STAC fetch ...
STACImageryFetcher: modalities=['sentinel2_ms', 'sentinel1'], n_bands=9, temporal_stack=False, buffer_m=300, workers=8 (adaptive)
  STAC fetch: 2178 assets pending (0 already checkpointed)
  [10/2178] (0%) ok=10 fail=0 workers=8
  [20/2178] (1%) ok=20 fail=0 workers=8
  [concurrency] workers=16 | throughput=0.2 tiles/s | fail_rate=0.0% | ↑ increase (throughput improving)
  [30/2178] (1%) ok=30 fail=0 workers=16
  [40/2178] (2%) ok=40 fail=0 workers=16
  [concurrency] workers=16 | throughput=0.4 tiles/s | fail_rate=0.0% | ↑ increase (throughput improving)
  [50/2178] (2%) ok=50 fail=0 workers=16
  [60/2178] (3%) ok=60 fail=0 workers=16
  [concurrency] workers=16 | throughput=0.4 tiles/s | fail_rate=0.0% | ↑ increase (throughput improving)
  [70/2178] (3%) ok=70 fail=0 workers=16
  [80/2178] (4%) ok=80 fail=0 workers=16
  [concurrency] workers=16 | throughput=0.4 tiles/s | fail_rate=0.0% | ↑ increase (throughput improving)
  [90/2178] (4%) ok=90 fail=0 workers=16
  [100/2178] (5%) ok=100 fail=0 workers=16
  [concurrency] workers=16 | throughput=0.5 tiles/s | fail_rate=0.0% | ↑ increase (throughput improving)
  [110/2178] (5%) ok=110 fail=0 workers=16
  [120/2178] (6%) ok=120 fail=0 workers=16
  [concurrency] workers=16 | throughput=0.5 tiles/s | fail_rate=0.0% | ↑ increase (throughput improving)
  [130/2178] (6%) ok=130 fail=0 workers=16
  [140/2178] (6%) ok=140 fail=0 workers=16
  [concurrency] workers=16 | throughput=0.6 tiles/s | fail_rate=0.0% | ↑ increase (throughput improving)
  [150/2178] (7%) ok=150 fail=0 workers=16
  [160/2178] (7%) ok=160 fail=0 workers=16
  [concurrency] workers=8 | throughput=0.5 tiles/s | fail_rate=0.0% | ↓ decrease (throughput degrading)
  [170/2178] (8%) ok=170 fail=0 workers=8
  [180/2178] (8%) ok=180 fail=0 workers=8
  [concurrency] workers=12 | throughput=0.6 tiles/s | fail_rate=0.0% | → nudge up
  [190/2178] (9%) ok=190 fail=0 workers=12
  [200/2178] (9%) ok=200 fail=0 workers=12
  [concurrency] workers=8 | throughput=0.4 tiles/s | fail_rate=0.0% | ↓ decrease (throughput degrading)
  checkpoint saved at 200 ok tiles
  [210/2178] (10%) ok=210 fail=0 workers=8
  [220/2178] (10%) ok=220 fail=0 workers=8
  [concurrency] workers=12 | throughput=0.6 tiles/s | fail_rate=0.0% | → nudge up
  [230/2178] (11%) ok=230 fail=0 workers=12
  [240/2178] (11%) ok=240 fail=0 workers=12
  [concurrency] workers=8 | throughput=0.3 tiles/s | fail_rate=0.0% | ↓ decrease (throughput degrading)
  [250/2178] (11%) ok=250 fail=0 workers=8
  [260/2178] (12%) ok=260 fail=0 workers=8
  [concurrency] workers=12 | throughput=0.5 tiles/s | fail_rate=0.0% | → nudge up
  [270/2178] (12%) ok=270 fail=0 workers=12
  [280/2178] (13%) ok=280 fail=0 workers=12
  [concurrency] workers=8 | throughput=0.4 tiles/s | fail_rate=0.0% | ↓ decrease (throughput degrading)
  [290/2178] (13%) ok=290 fail=0 workers=8
  [300/2178] (14%) ok=300 fail=0 workers=8
  [concurrency] workers=12 | throughput=0.5 tiles/s | fail_rate=0.0% | → nudge up
  [310/2178] (14%) ok=310 fail=0 workers=12
  [320/2178] (15%) ok=320 fail=0 workers=12
  [concurrency] workers=16 | throughput=0.5 tiles/s | fail_rate=0.0% | → nudge up
  [330/2178] (15%) ok=330 fail=0 workers=16
  [340/2178] (16%) ok=340 fail=0 workers=16
  [concurrency] workers=16 | throughput=0.6 tiles/s | fail_rate=0.0% | → nudge up
  [350/2178] (16%) ok=350 fail=0 workers=16
  [360/2178] (17%) ok=360 fail=0 workers=16
  [concurrency] workers=8 | throughput=0.5 tiles/s | fail_rate=0.0% | ↓ decrease (throughput degrading)
  [370/2178] (17%) ok=370 fail=0 workers=8
  [380/2178] (17%) ok=380 fail=0 workers=8
  [concurrency] workers=12 | throughput=0.5 tiles/s | fail_rate=0.0% | → nudge up
  [390/2178] (18%) ok=390 fail=0 workers=12
  [400/2178] (18%) ok=400 fail=0 workers=12
  [concurrency] workers=8 | throughput=0.4 tiles/s | fail_rate=0.0% | ↓ decrease (throughput degrading)
  checkpoint saved at 400 ok tiles
  [410/2178] (19%) ok=410 fail=0 workers=8
  [420/2178] (19%) ok=420 fail=0 workers=8
  [concurrency] workers=12 | throughput=0.5 tiles/s | fail_rate=0.0% | → nudge up
  [430/2178] (20%) ok=430 fail=0 workers=12
  [440/2178] (20%) ok=440 fail=0 workers=12
  [concurrency] workers=16 | throughput=0.5 tiles/s | fail_rate=0.0% | → nudge up
  [450/2178] (21%) ok=450 fail=0 workers=16
  [460/2178] (21%) ok=460 fail=0 workers=16
  [concurrency] workers=16 | throughput=0.5 tiles/s | fail_rate=0.0% | → nudge up
  [470/2178] (22%) ok=470 fail=0 workers=16
  [480/2178] (22%) ok=480 fail=0 workers=16
  [concurrency] workers=8 | throughput=0.4 tiles/s | fail_rate=0.0% | ↓ decrease (throughput degrading)
  [490/2178] (22%) ok=490 fail=0 workers=8
  [500/2178] (23%) ok=500 fail=0 workers=8
  [concurrency] workers=12 | throughput=0.4 tiles/s | fail_rate=0.0% | → nudge up
  [510/2178] (23%) ok=510 fail=0 workers=12
  [520/2178] (24%) ok=520 fail=0 workers=12
  [concurrency] workers=16 | throughput=0.6 tiles/s | fail_rate=0.0% | → nudge up
  [530/2178] (24%) ok=530 fail=0 workers=16
  [540/2178] (25%) ok=540 fail=0 workers=16
  [concurrency] workers=8 | throughput=0.5 tiles/s | fail_rate=0.0% | ↓ decrease (throughput degrading)
  [550/2178] (25%) ok=550 fail=0 workers=8
  [560/2178] (26%) ok=560 fail=0 workers=8
  [concurrency] workers=12 | throughput=0.5 tiles/s | fail_rate=0.0% | → nudge up
  [570/2178] (26%) ok=570 fail=0 workers=12
  [580/2178] (27%) ok=580 fail=0 workers=12
  [concurrency] workers=8 | throughput=0.4 tiles/s | fail_rate=0.0% | ↓ decrease (throughput degrading)
  [590/2178] (27%) ok=590 fail=0 workers=8
  [600/2178] (28%) ok=600 fail=0 workers=8
  [concurrency] workers=12 | throughput=0.5 tiles/s | fail_rate=0.0% | → nudge up
  checkpoint saved at 600 ok tiles
  [610/2178] (28%) ok=610 fail=0 workers=12
  [620/2178] (28%) ok=620 fail=0 workers=12
  [concurrency] workers=8 | throughput=0.4 tiles/s | fail_rate=0.0% | ↓ decrease (throughput degrading)
  [630/2178] (29%) ok=630 fail=0 workers=8
  [640/2178] (29%) ok=640 fail=0 workers=8
  [concurrency] workers=12 | throughput=0.6 tiles/s | fail_rate=0.0% | → nudge up
  [650/2178] (30%) ok=650 fail=0 workers=12
  [660/2178] (30%) ok=660 fail=0 workers=12
  [concurrency] workers=8 | throughput=0.5 tiles/s | fail_rate=0.0% | ↓ decrease (throughput degrading)
  [670/2178] (31%) ok=670 fail=0 workers=8
  [680/2178] (31%) ok=680 fail=0 workers=8
  [concurrency] workers=8 | throughput=0.4 tiles/s | fail_rate=0.0% | ↓ decrease (throughput degrading)
  [690/2178] (32%) ok=690 fail=0 workers=8
  [700/2178] (32%) ok=700 fail=0 workers=8
  [concurrency] workers=12 | throughput=0.6 tiles/s | fail_rate=0.0% | → nudge up
  [710/2178] (33%) ok=710 fail=0 workers=12
  [720/2178] (33%) ok=720 fail=0 workers=12
  [concurrency] workers=16 | throughput=0.5 tiles/s | fail_rate=0.0% | → nudge up
  [730/2178] (34%) ok=730 fail=0 workers=16
  [740/2178] (34%) ok=740 fail=0 workers=16
  [concurrency] workers=8 | throughput=0.5 tiles/s | fail_rate=0.0% | ↓ decrease (throughput degrading)
  [750/2178] (34%) ok=750 fail=0 workers=8
  [760/2178] (35%) ok=760 fail=0 workers=8
  [concurrency] workers=12 | throughput=0.4 tiles/s | fail_rate=0.0% | → nudge up
  [770/2178] (35%) ok=770 fail=0 workers=12
  [780/2178] (36%) ok=780 fail=0 workers=12
  [concurrency] workers=16 | throughput=0.5 tiles/s | fail_rate=0.0% | → nudge up
  [790/2178] (36%) ok=790 fail=0 workers=16
  [800/2178] (37%) ok=800 fail=0 workers=16
  [concurrency] workers=16 | throughput=0.5 tiles/s | fail_rate=0.0% | → nudge up
  checkpoint saved at 800 ok tiles
  [810/2178] (37%) ok=810 fail=0 workers=16
  [820/2178] (38%) ok=820 fail=0 workers=16
  [concurrency] workers=8 | throughput=0.4 tiles/s | fail_rate=0.0% | ↓ decrease (throughput degrading)
C:\Users\j.guthrie\Downloads\RESEARCH\infra_fm\curation\stac_imagery.py:240: RuntimeWarning: invalid value encountered in log10
  arr = np.where(arr > 0, 10 * np.log10(arr + 1e-10), vmin)
  [830/2178] (38%) ok=830 fail=0 workers=8
  [840/2178] (39%) ok=840 fail=0 workers=8
  [concurrency] workers=12 | throughput=0.5 tiles/s | fail_rate=0.0% | → nudge up
  [850/2178] (39%) ok=850 fail=0 workers=12
  [860/2178] (39%) ok=860 fail=0 workers=12
  [concurrency] workers=16 | throughput=0.5 tiles/s | fail_rate=0.0% | → nudge up
  [870/2178] (40%) ok=870 fail=0 workers=16
  [880/2178] (40%) ok=880 fail=0 workers=16
  [concurrency] workers=16 | throughput=0.5 tiles/s | fail_rate=0.0% | → nudge up
  [890/2178] (41%) ok=890 fail=0 workers=16
  [900/2178] (41%) ok=900 fail=0 workers=16
  [concurrency] workers=8 | throughput=0.5 tiles/s | fail_rate=0.0% | ↓ decrease (throughput degrading)
  [910/2178] (42%) ok=910 fail=0 workers=8
  [920/2178] (42%) ok=920 fail=0 workers=8
  [concurrency] workers=12 | throughput=0.6 tiles/s | fail_rate=0.0% | → nudge up
  [930/2178] (43%) ok=930 fail=0 workers=12
  [940/2178] (43%) ok=940 fail=0 workers=12
  [concurrency] workers=16 | throughput=0.5 tiles/s | fail_rate=0.0% | → nudge up
  [950/2178] (44%) ok=950 fail=0 workers=16
  [960/2178] (44%) ok=960 fail=0 workers=16
  [concurrency] workers=16 | throughput=0.5 tiles/s | fail_rate=0.0% | → nudge up
  [970/2178] (45%) ok=970 fail=0 workers=16
  [980/2178] (45%) ok=980 fail=0 workers=16
  [concurrency] workers=8 | throughput=0.5 tiles/s | fail_rate=0.0% | ↓ decrease (throughput degrading)
  [990/2178] (45%) ok=990 fail=0 workers=8
  [1000/2178] (46%) ok=1000 fail=0 workers=8
  [concurrency] workers=12 | throughput=0.5 tiles/s | fail_rate=0.0% | → nudge up
  checkpoint saved at 1000 ok tiles
  [1010/2178] (46%) ok=1010 fail=0 workers=12
  [1020/2178] (47%) ok=1020 fail=0 workers=12
  [concurrency] workers=16 | throughput=0.5 tiles/s | fail_rate=0.0% | → nudge up
  [1030/2178] (47%) ok=1030 fail=0 workers=16
  [1040/2178] (48%) ok=1040 fail=0 workers=16
  [concurrency] workers=16 | throughput=0.5 tiles/s | fail_rate=0.0% | → nudge up
  [1050/2178] (48%) ok=1050 fail=0 workers=16
  [1060/2178] (49%) ok=1060 fail=0 workers=16
  [concurrency] workers=8 | throughput=0.4 tiles/s | fail_rate=0.0% | ↓ decrease (throughput degrading)
  [1070/2178] (49%) ok=1070 fail=0 workers=8
  [1080/2178] (50%) ok=1080 fail=0 workers=8
  [concurrency] workers=12 | throughput=0.5 tiles/s | fail_rate=0.0% | → nudge up
  [1090/2178] (50%) ok=1090 fail=0 workers=12
  [1100/2178] (51%) ok=1100 fail=0 workers=12
  [concurrency] workers=16 | throughput=0.5 tiles/s | fail_rate=0.0% | → nudge up
  [1110/2178] (51%) ok=1110 fail=0 workers=16
  [1120/2178] (51%) ok=1120 fail=0 workers=16
  [concurrency] workers=16 | throughput=0.6 tiles/s | fail_rate=0.0% | ↑ increase (throughput improving)
  [1130/2178] (52%) ok=1130 fail=0 workers=16
  [1140/2178] (52%) ok=1140 fail=0 workers=16
  [concurrency] workers=8 | throughput=0.4 tiles/s | fail_rate=0.0% | ↓ decrease (throughput degrading)
  [1150/2178] (53%) ok=1150 fail=0 workers=8
  [1160/2178] (53%) ok=1160 fail=0 workers=8
  [concurrency] workers=12 | throughput=0.4 tiles/s | fail_rate=0.0% | → nudge up
  [1170/2178] (54%) ok=1170 fail=0 workers=12
  [1180/2178] (54%) ok=1180 fail=0 workers=12
  [concurrency] workers=16 | throughput=0.5 tiles/s | fail_rate=0.0% | → nudge up
  [1190/2178] (55%) ok=1190 fail=0 workers=16
  [1200/2178] (55%) ok=1200 fail=0 workers=16
  [concurrency] workers=8 | throughput=0.5 tiles/s | fail_rate=0.0% | ↓ decrease (throughput degrading)
  checkpoint saved at 1200 ok tiles
  [1210/2178] (56%) ok=1210 fail=0 workers=8
  [1220/2178] (56%) ok=1220 fail=0 workers=8
  [concurrency] workers=12 | throughput=0.5 tiles/s | fail_rate=0.0% | → nudge up
  [1230/2178] (56%) ok=1230 fail=0 workers=12
  [1240/2178] (57%) ok=1240 fail=0 workers=12
  [concurrency] workers=16 | throughput=0.5 tiles/s | fail_rate=0.0% | → nudge up
  [1250/2178] (57%) ok=1250 fail=0 workers=16
  [1260/2178] (58%) ok=1260 fail=0 workers=16
  [concurrency] workers=16 | throughput=0.5 tiles/s | fail_rate=0.0% | → nudge up
  [1270/2178] (58%) ok=1270 fail=0 workers=16
  [1280/2178] (59%) ok=1280 fail=0 workers=16
  [concurrency] workers=16 | throughput=0.5 tiles/s | fail_rate=0.0% | → nudge up
  [1290/2178] (59%) ok=1290 fail=0 workers=16
  [1300/2178] (60%) ok=1300 fail=0 workers=16
  [concurrency] workers=16 | throughput=0.5 tiles/s | fail_rate=0.0% | → nudge up
  [1310/2178] (60%) ok=1310 fail=0 workers=16
  [1320/2178] (61%) ok=1320 fail=0 workers=16
  [concurrency] workers=8 | throughput=0.4 tiles/s | fail_rate=0.0% | ↓ decrease (throughput degrading)
  [1330/2178] (61%) ok=1330 fail=0 workers=8
  [1340/2178] (62%) ok=1340 fail=0 workers=8
  [concurrency] workers=12 | throughput=0.4 tiles/s | fail_rate=0.0% | → nudge up
  [1350/2178] (62%) ok=1350 fail=0 workers=12
  [1360/2178] (62%) ok=1360 fail=0 workers=12
  [concurrency] workers=8 | throughput=0.2 tiles/s | fail_rate=0.0% | ↓ decrease (throughput degrading)
  [1370/2178] (63%) ok=1370 fail=0 workers=8
  [1380/2178] (63%) ok=1380 fail=0 workers=8
  [concurrency] workers=8 | throughput=0.2 tiles/s | fail_rate=0.0% | ↓ decrease (throughput degrading)
  [1390/2178] (64%) ok=1390 fail=0 workers=8
  [1400/2178] (64%) ok=1400 fail=0 workers=8
  [concurrency] workers=8 | throughput=0.1 tiles/s | fail_rate=0.0% | ↓ decrease (throughput degrading)
  checkpoint saved at 1400 ok tiles
  [1410/2178] (65%) ok=1410 fail=0 workers=8
  [1420/2178] (65%) ok=1420 fail=0 workers=8
  [concurrency] workers=12 | throughput=0.2 tiles/s | fail_rate=0.0% | → nudge up
  [1430/2178] (66%) ok=1430 fail=0 workers=12
  [1440/2178] (66%) ok=1440 fail=0 workers=12
  [concurrency] workers=16 | throughput=0.5 tiles/s | fail_rate=0.0% | → nudge up
  [1450/2178] (67%) ok=1450 fail=0 workers=16
  [1460/2178] (67%) ok=1460 fail=0 workers=16
  [concurrency] workers=8 | throughput=0.4 tiles/s | fail_rate=0.0% | ↓ decrease (throughput degrading)
  [1470/2178] (67%) ok=1470 fail=0 workers=8
  [1480/2178] (68%) ok=1480 fail=0 workers=8
  [concurrency] workers=12 | throughput=0.5 tiles/s | fail_rate=0.0% | → nudge up
  [1490/2178] (68%) ok=1490 fail=0 workers=12
  [1500/2178] (69%) ok=1500 fail=0 workers=12
  [concurrency] workers=16 | throughput=0.5 tiles/s | fail_rate=0.0% | → nudge up
  [1510/2178] (69%) ok=1510 fail=0 workers=16
  [1520/2178] (70%) ok=1520 fail=0 workers=16
  [concurrency] workers=16 | throughput=0.6 tiles/s | fail_rate=0.0% | → nudge up
  [1530/2178] (70%) ok=1530 fail=0 workers=16
  [1540/2178] (71%) ok=1540 fail=0 workers=16
  [concurrency] workers=8 | throughput=0.5 tiles/s | fail_rate=0.0% | ↓ decrease (throughput degrading)
  [1550/2178] (71%) ok=1550 fail=0 workers=8
  [1560/2178] (72%) ok=1560 fail=0 workers=8
  [concurrency] workers=12 | throughput=0.6 tiles/s | fail_rate=0.0% | → nudge up
  [1570/2178] (72%) ok=1570 fail=0 workers=12
  [1580/2178] (73%) ok=1580 fail=0 workers=12
  [concurrency] workers=8 | throughput=0.4 tiles/s | fail_rate=0.0% | ↓ decrease (throughput degrading)
  [1590/2178] (73%) ok=1590 fail=0 workers=8
  [1600/2178] (73%) ok=1600 fail=0 workers=8
  [concurrency] workers=12 | throughput=0.5 tiles/s | fail_rate=0.0% | → nudge up
  checkpoint saved at 1600 ok tiles
  [1610/2178] (74%) ok=1610 fail=0 workers=12
  [1620/2178] (74%) ok=1620 fail=0 workers=12
  [concurrency] workers=16 | throughput=0.4 tiles/s | fail_rate=0.0% | → nudge up
  [1630/2178] (75%) ok=1630 fail=0 workers=16
  [1640/2178] (75%) ok=1640 fail=0 workers=16
  [concurrency] workers=16 | throughput=0.5 tiles/s | fail_rate=0.0% | → nudge up
  [1650/2178] (76%) ok=1650 fail=0 workers=16
  [1660/2178] (76%) ok=1660 fail=0 workers=16
  [concurrency] workers=16 | throughput=0.5 tiles/s | fail_rate=0.0% | → nudge up
  [1670/2178] (77%) ok=1670 fail=0 workers=16
  [1680/2178] (77%) ok=1679 fail=1 workers=16
  [concurrency] workers=8 | throughput=0.4 tiles/s | fail_rate=5.0% | ↓ decrease (throughput degrading)
  [1690/2178] (78%) ok=1689 fail=1 workers=8
  [1700/2178] (78%) ok=1699 fail=1 workers=8
  [concurrency] workers=12 | throughput=0.5 tiles/s | fail_rate=0.0% | → nudge up
  [1710/2178] (79%) ok=1709 fail=1 workers=12
  [1720/2178] (79%) ok=1719 fail=1 workers=12
  [concurrency] workers=16 | throughput=0.5 tiles/s | fail_rate=0.0% | → nudge up
  [1730/2178] (79%) ok=1729 fail=1 workers=16
  [1740/2178] (80%) ok=1739 fail=1 workers=16
  [concurrency] workers=16 | throughput=0.5 tiles/s | fail_rate=0.0% | → nudge up
  [1750/2178] (80%) ok=1749 fail=1 workers=16
  [1760/2178] (81%) ok=1759 fail=1 workers=16
  [concurrency] workers=8 | throughput=0.4 tiles/s | fail_rate=0.0% | ↓ decrease (throughput degrading)
  [1770/2178] (81%) ok=1769 fail=1 workers=8
  [1780/2178] (82%) ok=1779 fail=1 workers=8
  [concurrency] workers=12 | throughput=0.5 tiles/s | fail_rate=0.0% | → nudge up
  [1790/2178] (82%) ok=1789 fail=1 workers=12
  [1800/2178] (83%) ok=1799 fail=1 workers=12
  [concurrency] workers=8 | throughput=0.5 tiles/s | fail_rate=0.0% | ↓ decrease (throughput degrading)
  checkpoint saved at 1800 ok tiles
  [1810/2178] (83%) ok=1809 fail=1 workers=8
  [1820/2178] (84%) ok=1819 fail=1 workers=8
  [concurrency] workers=12 | throughput=0.4 tiles/s | fail_rate=0.0% | → nudge up
  [1830/2178] (84%) ok=1829 fail=1 workers=12
  [1840/2178] (84%) ok=1839 fail=1 workers=12
  [concurrency] workers=16 | throughput=0.5 tiles/s | fail_rate=0.0% | → nudge up
  [1850/2178] (85%) ok=1849 fail=1 workers=16
  [1860/2178] (85%) ok=1859 fail=1 workers=16
  [concurrency] workers=16 | throughput=0.5 tiles/s | fail_rate=0.0% | → nudge up
  [1870/2178] (86%) ok=1869 fail=1 workers=16
  [1880/2178] (86%) ok=1879 fail=1 workers=16
  [concurrency] workers=16 | throughput=0.5 tiles/s | fail_rate=0.0% | → nudge up
  [1890/2178] (87%) ok=1889 fail=1 workers=16
  [1900/2178] (87%) ok=1899 fail=1 workers=16
  [concurrency] workers=8 | throughput=0.4 tiles/s | fail_rate=0.0% | ↓ decrease (throughput degrading)
  [1910/2178] (88%) ok=1909 fail=1 workers=8
  [1920/2178] (88%) ok=1919 fail=1 workers=8
  [concurrency] workers=12 | throughput=0.4 tiles/s | fail_rate=0.0% | → nudge up
  [1930/2178] (89%) ok=1929 fail=1 workers=12
  [1940/2178] (89%) ok=1939 fail=1 workers=12
  [concurrency] workers=16 | throughput=0.5 tiles/s | fail_rate=0.0% | → nudge up
  [1950/2178] (90%) ok=1949 fail=1 workers=16
  [1960/2178] (90%) ok=1959 fail=1 workers=16
  [concurrency] workers=16 | throughput=0.5 tiles/s | fail_rate=0.0% | → nudge up
  [1970/2178] (90%) ok=1969 fail=1 workers=16
  [1980/2178] (91%) ok=1979 fail=1 workers=16
  [concurrency] workers=16 | throughput=0.5 tiles/s | fail_rate=0.0% | → nudge up
  [1990/2178] (91%) ok=1989 fail=1 workers=16
  [2000/2178] (92%) ok=1999 fail=1 workers=16
  [concurrency] workers=8 | throughput=0.4 tiles/s | fail_rate=0.0% | ↓ decrease (throughput degrading)
  checkpoint saved at 2000 ok tiles
  [2010/2178] (92%) ok=2009 fail=1 workers=8
  [2020/2178] (93%) ok=2019 fail=1 workers=8
  [concurrency] workers=12 | throughput=0.5 tiles/s | fail_rate=0.0% | → nudge up
  [2030/2178] (93%) ok=2029 fail=1 workers=12
  [2040/2178] (94%) ok=2039 fail=1 workers=12
  [concurrency] workers=8 | throughput=0.5 tiles/s | fail_rate=0.0% | ↓ decrease (throughput degrading)
  [2050/2178] (94%) ok=2049 fail=1 workers=8
  [2060/2178] (95%) ok=2059 fail=1 workers=8
  [concurrency] workers=12 | throughput=0.5 tiles/s | fail_rate=0.0% | → nudge up
  [2070/2178] (95%) ok=2069 fail=1 workers=12
  [2080/2178] (96%) ok=2079 fail=1 workers=12
  [concurrency] workers=16 | throughput=0.4 tiles/s | fail_rate=0.0% | → nudge up
  [2090/2178] (96%) ok=2089 fail=1 workers=16
  [2100/2178] (96%) ok=2099 fail=1 workers=16
  [concurrency] workers=16 | throughput=0.4 tiles/s | fail_rate=0.0% | → nudge up
  [2110/2178] (97%) ok=2109 fail=1 workers=16
  [2120/2178] (97%) ok=2119 fail=1 workers=16
  [concurrency] workers=16 | throughput=0.5 tiles/s | fail_rate=0.0% | → nudge up
  [2130/2178] (98%) ok=2129 fail=1 workers=16
  [2140/2178] (98%) ok=2139 fail=1 workers=16
  [concurrency] workers=16 | throughput=0.5 tiles/s | fail_rate=0.0% | → nudge up
  [2150/2178] (99%) ok=2149 fail=1 workers=16
  [2160/2178] (99%) ok=2159 fail=1 workers=16
  [concurrency] workers=16 | throughput=0.4 tiles/s | fail_rate=0.0% | → nudge up
  [2170/2178] (100%) ok=2169 fail=1 workers=16
  [2178/2178] (100%) ok=2177 fail=1 workers=16

  Concurrency tuning summary:
   workers    tiles/s  fail_rate
         8       0.20       0.0%
        16       0.38       0.0% ← best
        16       0.42       0.0% ← best
        16       0.43       0.0% ← best
        16       0.51       0.0% ← best
        16       0.53       0.0% ← best
        16       0.58       0.0% ← best
        16       0.48       0.0% ← best
         8       0.55       0.0%
        12       0.44       0.0%
         8       0.58       0.0%
        12       0.29       0.0%
         8       0.54       0.0%
        12       0.37       0.0%
         8       0.53       0.0%
        12       0.53       0.0%
        16       0.57       0.0% ← best
        16       0.47       0.0% ← best
         8       0.54       0.0%
        12       0.44       0.0%
         8       0.49       0.0%
        12       0.50       0.0%
        16       0.54       0.0% ← best
        16       0.43       0.0% ← best
         8       0.39       0.0%
        12       0.56       0.0%
        16       0.47       0.0% ← best
         8       0.53       0.0%
        12       0.44       0.0%
         8       0.53       0.0%
        12       0.40       0.0%
         8       0.56       0.0%
        12       0.48       0.0%
         8       0.43       0.0%
         8       0.55       0.0%
        12       0.54       0.0%
        16       0.46       0.0% ← best
         8       0.43       0.0%
        12       0.51       0.0%
        16       0.51       0.0% ← best
        16       0.45       0.0% ← best
         8       0.52       0.0%
        12       0.49       0.0%
        16       0.51       0.0% ← best
        16       0.45       0.0% ← best
         8       0.56       0.0%
        12       0.51       0.0%
        16       0.52       0.0% ← best
        16       0.45       0.0% ← best
         8       0.47       0.0%
        12       0.53       0.0%
        16       0.50       0.0% ← best
        16       0.41       0.0% ← best
         8       0.46       0.0%
        12       0.51       0.0%
        16       0.59       0.0% ← best
        16       0.43       0.0% ← best
         8       0.40       0.0%
        12       0.53       0.0%
        16       0.47       0.0% ← best
         8       0.49       0.0%
        12       0.47       0.0%
        16       0.45       0.0% ← best
        16       0.47       0.0% ← best
        16       0.49       0.0% ← best
        16       0.42       0.0% ← best
         8       0.40       0.0%
        12       0.18       0.0%
         8       0.15       0.0%
         8       0.12       0.0%
         8       0.20       0.0%
        12       0.51       0.0%
        16       0.38       0.0% ← best
         8       0.51       0.0%
        12       0.49       0.0%
        16       0.58       0.0% ← best
        16       0.50       0.0% ← best
         8       0.57       0.0%
        12       0.40       0.0%
         8       0.47       0.0%
        12       0.43       0.0%
        16       0.51       0.0% ← best
        16       0.48       0.0% ← best
        16       0.38       5.0% ← best
         8       0.48       0.0%
        12       0.47       0.0%
        16       0.54       0.0% ← best
        16       0.38       0.0% ← best
         8       0.53       0.0%
        12       0.46       0.0%
         8       0.43       0.0%
        12       0.54       0.0%
        16       0.55       0.0% ← best
        16       0.54       0.0% ← best
        16       0.43       0.0% ← best
         8       0.42       0.0%
        12       0.54       0.0%
        16       0.49       0.0% ← best
        16       0.47       0.0% ← best
        16       0.42       0.0% ← best
         8       0.55       0.0%
        12       0.49       0.0%
         8       0.47       0.0%
        12       0.45       0.0%
        16       0.43       0.0% ← best
        16       0.53       0.0% ← best
        16       0.49       0.0% ← best
        16       0.45       0.0% ← best
  Best: 16 workers @ 0.59 tiles/s
  Checkpoint preserved (some assets failed).

  STAC fetch complete: 2177 ok / 1 failed
        fetched ok=2177 fail=1
  [2/4] QC (min_valid_ratio=0.8) ...
  QC [1000/2178] passed=984
  QC [2000/2178] passed=1936
  QC [2178/2178] passed=2114
QC complete: 2114 passed, 64 failed (2178 total)
        QC passed 2114 / 2178
  [3/4] triage ...
  Triage [1000/2114] high=1000 low=0 contradiction=0
  Triage [2000/2114] high=2000 low=0 contradiction=0
  Triage [2114/2114] high=2114 low=0 contradiction=0
Triage complete: 2114 high / 0 low / 0 contradiction (2114 total)
        accepted 2114
  [4/4] assemble -> C:\Users\j.guthrie\Downloads\RESEARCH\infra_fm\data\curated_datasets\dataset_australia-oceania_transport_v1
C:\Users\j.guthrie\Downloads\RESEARCH\infra_fm\fetch_v1_overnight.py:221: DeprecationWarning: datetime.datetime.utcnow() is deprecated and scheduled for removal in a future version. Use timezone-aware objects to represent datetimes in UTC: datetime.datetime.now(datetime.UTC).
  "completed_at"   : datetime.utcnow().isoformat() + "Z",
  [1000/2114] saved=1000 failed=0
  [2000/2114] saved=2000 failed=0
  [2114/2114] saved=2114 failed=0

Dataset assembled: 2114 tiles saved, 0 failed
  Images:   C:\Users\j.guthrie\Downloads\RESEARCH\infra_fm\data\curated_datasets\dataset_australia-oceania_transport_v1\images
  Manifest: C:\Users\j.guthrie\Downloads\RESEARCH\infra_fm\data\curated_datasets\dataset_australia-oceania_transport_v1\manifest.json
  Summary:  C:\Users\j.guthrie\Downloads\RESEARCH\infra_fm\data\curated_datasets\dataset_australia-oceania_transport_v1\summary.csv

Tiles by asset type:
asset_type
transport.train_station    1696
transport.airport           416
transport.port_terminal       2

Tiles by source/modality:
source
stac_sentinel2_ms+sentinel1    2114

Temporal tiles: 0 / 2114
  [done] australia-oceania/transport in 4985s — 2114 tiles assembled

>>> [7/28] australia-oceania/energy (n=6,492)

========================================================================
CELL  australia-oceania/energy   (2026-06-02 13:36:45)
========================================================================
  loaded 6,492 assets from australia-oceania_energy_v1_sample.parquet
  [1/4] STAC fetch ...
STACImageryFetcher: modalities=['sentinel2_ms', 'sentinel1'], n_bands=9, temporal_stack=False, buffer_m=300, workers=8 (adaptive)
  STAC fetch: 6492 assets pending (0 already checkpointed)
  [10/6492] (0%) ok=10 fail=0 workers=8
  [20/6492] (0%) ok=20 fail=0 workers=8
  [concurrency] workers=16 | throughput=0.2 tiles/s | fail_rate=0.0% | ↑ increase (throughput improving)
  [30/6492] (0%) ok=30 fail=0 workers=16
  [40/6492] (1%) ok=40 fail=0 workers=16
  [concurrency] workers=16 | throughput=0.5 tiles/s | fail_rate=0.0% | ↑ increase (throughput improving)
  [50/6492] (1%) ok=50 fail=0 workers=16
  [60/6492] (1%) ok=60 fail=0 workers=16
  [concurrency] workers=8 | throughput=0.3 tiles/s | fail_rate=0.0% | ↓ decrease (throughput degrading)
  [70/6492] (1%) ok=70 fail=0 workers=8
  [80/6492] (1%) ok=80 fail=0 workers=8
  [concurrency] workers=16 | throughput=0.5 tiles/s | fail_rate=0.0% | ↑ increase (throughput improving)
  [90/6492] (1%) ok=90 fail=0 workers=16
  [100/6492] (2%) ok=100 fail=0 workers=16
  [concurrency] workers=16 | throughput=0.5 tiles/s | fail_rate=0.0% | ↑ increase (throughput improving)
  [110/6492] (2%) ok=110 fail=0 workers=16
  [120/6492] (2%) ok=120 fail=0 workers=16
  [concurrency] workers=16 | throughput=0.5 tiles/s | fail_rate=0.0% | ↑ increase (throughput improving)
C:\Users\j.guthrie\Downloads\RESEARCH\infra_fm\curation\stac_imagery.py:240: RuntimeWarning: invalid value encountered in log10
  arr = np.where(arr > 0, 10 * np.log10(arr + 1e-10), vmin)
  [130/6492] (2%) ok=130 fail=0 workers=16
  [140/6492] (2%) ok=140 fail=0 workers=16
  [concurrency] workers=8 | throughput=0.4 tiles/s | fail_rate=0.0% | ↓ decrease (throughput degrading)
  [150/6492] (2%) ok=150 fail=0 workers=8
  [160/6492] (2%) ok=160 fail=0 workers=8
  [concurrency] workers=12 | throughput=0.4 tiles/s | fail_rate=0.0% | → nudge up
  [170/6492] (3%) ok=170 fail=0 workers=12
  [180/6492] (3%) ok=180 fail=0 workers=12
  [concurrency] workers=16 | throughput=0.5 tiles/s | fail_rate=0.0% | → nudge up
  [190/6492] (3%) ok=190 fail=0 workers=16
  [200/6492] (3%) ok=200 fail=0 workers=16
  [concurrency] workers=16 | throughput=0.5 tiles/s | fail_rate=0.0% | → nudge up
  checkpoint saved at 200 ok tiles
  [210/6492] (3%) ok=210 fail=0 workers=16
  [220/6492] (3%) ok=220 fail=0 workers=16
  [concurrency] workers=16 | throughput=0.6 tiles/s | fail_rate=0.0% | ↑ increase (throughput improving)
  [230/6492] (4%) ok=230 fail=0 workers=16
  [240/6492] (4%) ok=240 fail=0 workers=16
  [concurrency] workers=8 | throughput=0.5 tiles/s | fail_rate=0.0% | ↓ decrease (throughput degrading)
  [250/6492] (4%) ok=250 fail=0 workers=8
  [260/6492] (4%) ok=260 fail=0 workers=8
  [concurrency] workers=8 | throughput=0.4 tiles/s | fail_rate=0.0% | ↓ decrease (throughput degrading)
  [270/6492] (4%) ok=270 fail=0 workers=8
  [280/6492] (4%) ok=280 fail=0 workers=8
  [concurrency] workers=12 | throughput=0.4 tiles/s | fail_rate=0.0% | → nudge up
  [290/6492] (4%) ok=290 fail=0 workers=12
  [300/6492] (5%) ok=300 fail=0 workers=12
  [concurrency] workers=16 | throughput=0.5 tiles/s | fail_rate=0.0% | → nudge up
  [310/6492] (5%) ok=310 fail=0 workers=16
  [320/6492] (5%) ok=320 fail=0 workers=16
  [concurrency] workers=16 | throughput=0.5 tiles/s | fail_rate=0.0% | → nudge up
  [330/6492] (5%) ok=330 fail=0 workers=16
  [340/6492] (5%) ok=340 fail=0 workers=16
  [concurrency] workers=16 | throughput=0.5 tiles/s | fail_rate=0.0% | → nudge up
  [350/6492] (5%) ok=350 fail=0 workers=16
  [360/6492] (6%) ok=360 fail=0 workers=16
  [concurrency] workers=8 | throughput=0.5 tiles/s | fail_rate=0.0% | ↓ decrease (throughput degrading)
  [370/6492] (6%) ok=370 fail=0 workers=8
  [380/6492] (6%) ok=380 fail=0 workers=8
  [concurrency] workers=12 | throughput=0.5 tiles/s | fail_rate=0.0% | → nudge up
  [390/6492] (6%) ok=390 fail=0 workers=12
  [400/6492] (6%) ok=400 fail=0 workers=12
  [concurrency] workers=8 | throughput=0.3 tiles/s | fail_rate=0.0% | ↓ decrease (throughput degrading)
  checkpoint saved at 400 ok tiles
  [410/6492] (6%) ok=410 fail=0 workers=8
  [420/6492] (6%) ok=420 fail=0 workers=8
  [concurrency] workers=12 | throughput=0.5 tiles/s | fail_rate=0.0% | → nudge up
  [430/6492] (7%) ok=430 fail=0 workers=12
  [440/6492] (7%) ok=440 fail=0 workers=12
  [concurrency] workers=8 | throughput=0.4 tiles/s | fail_rate=0.0% | ↓ decrease (throughput degrading)
  [450/6492] (7%) ok=450 fail=0 workers=8
  [460/6492] (7%) ok=460 fail=0 workers=8
  [concurrency] workers=12 | throughput=0.5 tiles/s | fail_rate=0.0% | → nudge up
  [470/6492] (7%) ok=470 fail=0 workers=12
  [480/6492] (7%) ok=480 fail=0 workers=12
  [concurrency] workers=8 | throughput=0.4 tiles/s | fail_rate=0.0% | ↓ decrease (throughput degrading)
  [490/6492] (8%) ok=490 fail=0 workers=8
  [500/6492] (8%) ok=500 fail=0 workers=8
  [concurrency] workers=12 | throughput=0.5 tiles/s | fail_rate=0.0% | → nudge up
  [510/6492] (8%) ok=510 fail=0 workers=12
  [520/6492] (8%) ok=520 fail=0 workers=12
  [concurrency] workers=8 | throughput=0.4 tiles/s | fail_rate=0.0% | ↓ decrease (throughput degrading)
  [530/6492] (8%) ok=530 fail=0 workers=8
  [540/6492] (8%) ok=540 fail=0 workers=8
  [concurrency] workers=12 | throughput=0.6 tiles/s | fail_rate=0.0% | → nudge up
  [550/6492] (8%) ok=550 fail=0 workers=12
  [560/6492] (9%) ok=560 fail=0 workers=12
  [concurrency] workers=8 | throughput=0.3 tiles/s | fail_rate=0.0% | ↓ decrease (throughput degrading)
  [570/6492] (9%) ok=570 fail=0 workers=8
  [580/6492] (9%) ok=580 fail=0 workers=8
  [concurrency] workers=12 | throughput=0.4 tiles/s | fail_rate=0.0% | → nudge up
  [590/6492] (9%) ok=590 fail=0 workers=12
  [600/6492] (9%) ok=600 fail=0 workers=12
  [concurrency] workers=16 | throughput=0.5 tiles/s | fail_rate=0.0% | → nudge up
  checkpoint saved at 600 ok tiles
  [610/6492] (9%) ok=610 fail=0 workers=16
  [620/6492] (10%) ok=620 fail=0 workers=16
  [concurrency] workers=16 | throughput=0.5 tiles/s | fail_rate=0.0% | → nudge up
  [630/6492] (10%) ok=630 fail=0 workers=16
  [640/6492] (10%) ok=640 fail=0 workers=16
  [concurrency] workers=16 | throughput=0.5 tiles/s | fail_rate=0.0% | → nudge up
  [650/6492] (10%) ok=650 fail=0 workers=16
  [660/6492] (10%) ok=660 fail=0 workers=16
  [concurrency] workers=8 | throughput=0.4 tiles/s | fail_rate=0.0% | ↓ decrease (throughput degrading)
  [670/6492] (10%) ok=670 fail=0 workers=8
  [680/6492] (10%) ok=680 fail=0 workers=8
  [concurrency] workers=12 | throughput=0.4 tiles/s | fail_rate=0.0% | → nudge up
  [690/6492] (11%) ok=690 fail=0 workers=12
  [700/6492] (11%) ok=700 fail=0 workers=12
  [concurrency] workers=16 | throughput=0.4 tiles/s | fail_rate=0.0% | → nudge up
  [710/6492] (11%) ok=710 fail=0 workers=16
  [720/6492] (11%) ok=720 fail=0 workers=16
  [concurrency] workers=16 | throughput=0.5 tiles/s | fail_rate=0.0% | → nudge up
  [730/6492] (11%) ok=730 fail=0 workers=16
  [740/6492] (11%) ok=740 fail=0 workers=16
  [concurrency] workers=16 | throughput=0.5 tiles/s | fail_rate=0.0% | → nudge up
  [750/6492] (12%) ok=750 fail=0 workers=16
  [760/6492] (12%) ok=760 fail=0 workers=16
  [concurrency] workers=8 | throughput=0.3 tiles/s | fail_rate=0.0% | ↓ decrease (throughput degrading)
  [770/6492] (12%) ok=770 fail=0 workers=8
  [780/6492] (12%) ok=780 fail=0 workers=8
  [concurrency] workers=12 | throughput=0.4 tiles/s | fail_rate=0.0% | → nudge up
  [790/6492] (12%) ok=790 fail=0 workers=12
  [800/6492] (12%) ok=800 fail=0 workers=12
  [concurrency] workers=16 | throughput=0.5 tiles/s | fail_rate=0.0% | → nudge up
  checkpoint saved at 800 ok tiles
  [810/6492] (12%) ok=810 fail=0 workers=16
  [820/6492] (13%) ok=820 fail=0 workers=16
  [concurrency] workers=8 | throughput=0.4 tiles/s | fail_rate=0.0% | ↓ decrease (throughput degrading)
  [830/6492] (13%) ok=830 fail=0 workers=8
  [840/6492] (13%) ok=840 fail=0 workers=8
  [concurrency] workers=12 | throughput=0.5 tiles/s | fail_rate=0.0% | → nudge up
  [850/6492] (13%) ok=850 fail=0 workers=12
  [860/6492] (13%) ok=860 fail=0 workers=12
  [concurrency] workers=8 | throughput=0.5 tiles/s | fail_rate=0.0% | ↓ decrease (throughput degrading)
  [870/6492] (13%) ok=870 fail=0 workers=8
  [880/6492] (14%) ok=880 fail=0 workers=8
  [concurrency] workers=12 | throughput=0.5 tiles/s | fail_rate=0.0% | → nudge up
  [890/6492] (14%) ok=890 fail=0 workers=12
  [900/6492] (14%) ok=900 fail=0 workers=12
  [concurrency] workers=16 | throughput=0.5 tiles/s | fail_rate=0.0% | → nudge up
  [910/6492] (14%) ok=910 fail=0 workers=16
  [920/6492] (14%) ok=919 fail=1 workers=16
  [concurrency] workers=8 | throughput=0.4 tiles/s | fail_rate=5.0% | ↓ decrease (throughput degrading)
  [930/6492] (14%) ok=929 fail=1 workers=8
  [940/6492] (14%) ok=939 fail=1 workers=8
  [concurrency] workers=12 | throughput=0.5 tiles/s | fail_rate=0.0% | → nudge up
  [950/6492] (15%) ok=949 fail=1 workers=12
  [960/6492] (15%) ok=959 fail=1 workers=12
  [concurrency] workers=16 | throughput=0.5 tiles/s | fail_rate=0.0% | → nudge up
  [970/6492] (15%) ok=969 fail=1 workers=16
  [980/6492] (15%) ok=979 fail=1 workers=16
  [concurrency] workers=16 | throughput=0.5 tiles/s | fail_rate=0.0% | → nudge up
  [990/6492] (15%) ok=989 fail=1 workers=16
  [1000/6492] (15%) ok=999 fail=1 workers=16
  [concurrency] workers=16 | throughput=0.5 tiles/s | fail_rate=0.0% | → nudge up
  checkpoint saved at 1000 ok tiles
  [1010/6492] (16%) ok=1009 fail=1 workers=16
  [1020/6492] (16%) ok=1019 fail=1 workers=16
  [concurrency] workers=16 | throughput=0.5 tiles/s | fail_rate=0.0% | → nudge up
  [1030/6492] (16%) ok=1029 fail=1 workers=16
  [1040/6492] (16%) ok=1039 fail=1 workers=16
  [concurrency] workers=16 | throughput=0.5 tiles/s | fail_rate=0.0% | → nudge up
  [1050/6492] (16%) ok=1049 fail=1 workers=16
  [1060/6492] (16%) ok=1059 fail=1 workers=16
  [concurrency] workers=16 | throughput=0.4 tiles/s | fail_rate=0.0% | → nudge up
  [1070/6492] (16%) ok=1069 fail=1 workers=16
  [1080/6492] (17%) ok=1079 fail=1 workers=16
  [concurrency] workers=16 | throughput=0.6 tiles/s | fail_rate=0.0% | → nudge up
  [1090/6492] (17%) ok=1089 fail=1 workers=16
  [1100/6492] (17%) ok=1099 fail=1 workers=16
  [concurrency] workers=8 | throughput=0.4 tiles/s | fail_rate=0.0% | ↓ decrease (throughput degrading)
  [1110/6492] (17%) ok=1109 fail=1 workers=8
  [1120/6492] (17%) ok=1119 fail=1 workers=8
  [concurrency] workers=12 | throughput=0.5 tiles/s | fail_rate=0.0% | → nudge up
  [1130/6492] (17%) ok=1129 fail=1 workers=12
  [1140/6492] (18%) ok=1139 fail=1 workers=12
  [concurrency] workers=8 | throughput=0.5 tiles/s | fail_rate=0.0% | ↓ decrease (throughput degrading)
  [1150/6492] (18%) ok=1149 fail=1 workers=8
  [1160/6492] (18%) ok=1159 fail=1 workers=8
  [concurrency] workers=12 | throughput=0.4 tiles/s | fail_rate=0.0% | → nudge up
  [1170/6492] (18%) ok=1169 fail=1 workers=12
  [1180/6492] (18%) ok=1179 fail=1 workers=12
  [concurrency] workers=16 | throughput=0.5 tiles/s | fail_rate=0.0% | → nudge up
  [1190/6492] (18%) ok=1189 fail=1 workers=16
  [1200/6492] (18%) ok=1199 fail=1 workers=16
  [concurrency] workers=8 | throughput=0.5 tiles/s | fail_rate=0.0% | ↓ decrease (throughput degrading)
  checkpoint saved at 1200 ok tiles
  [1210/6492] (19%) ok=1209 fail=1 workers=8
  [1220/6492] (19%) ok=1219 fail=1 workers=8
  [concurrency] workers=8 | throughput=0.4 tiles/s | fail_rate=0.0% | ↓ decrease (throughput degrading)
  [1230/6492] (19%) ok=1229 fail=1 workers=8
  [1240/6492] (19%) ok=1239 fail=1 workers=8
  [concurrency] workers=12 | throughput=0.5 tiles/s | fail_rate=0.0% | → nudge up
  [1250/6492] (19%) ok=1249 fail=1 workers=12
  [1260/6492] (19%) ok=1259 fail=1 workers=12
  [concurrency] workers=16 | throughput=0.5 tiles/s | fail_rate=0.0% | → nudge up
  [1270/6492] (20%) ok=1269 fail=1 workers=16
  [1280/6492] (20%) ok=1279 fail=1 workers=16
  [concurrency] workers=16 | throughput=0.5 tiles/s | fail_rate=0.0% | → nudge up
  [1290/6492] (20%) ok=1289 fail=1 workers=16
  [1300/6492] (20%) ok=1299 fail=1 workers=16
  [concurrency] workers=16 | throughput=0.5 tiles/s | fail_rate=0.0% | → nudge up
  [1310/6492] (20%) ok=1309 fail=1 workers=16
  [1320/6492] (20%) ok=1319 fail=1 workers=16
  [concurrency] workers=8 | throughput=0.4 tiles/s | fail_rate=0.0% | ↓ decrease (throughput degrading)
  [1330/6492] (20%) ok=1329 fail=1 workers=8
  [1340/6492] (21%) ok=1339 fail=1 workers=8
  [concurrency] workers=12 | throughput=0.4 tiles/s | fail_rate=0.0% | → nudge up
  [1350/6492] (21%) ok=1349 fail=1 workers=12
  [1360/6492] (21%) ok=1359 fail=1 workers=12
  [concurrency] workers=16 | throughput=0.6 tiles/s | fail_rate=0.0% | → nudge up
  [1370/6492] (21%) ok=1369 fail=1 workers=16
  [1380/6492] (21%) ok=1379 fail=1 workers=16
  [concurrency] workers=8 | throughput=0.5 tiles/s | fail_rate=0.0% | ↓ decrease (throughput degrading)
  [1390/6492] (21%) ok=1389 fail=1 workers=8
  [1400/6492] (22%) ok=1399 fail=1 workers=8
  [concurrency] workers=12 | throughput=0.5 tiles/s | fail_rate=0.0% | → nudge up
  checkpoint saved at 1400 ok tiles
  [1410/6492] (22%) ok=1409 fail=1 workers=12
  [1420/6492] (22%) ok=1419 fail=1 workers=12
  [concurrency] workers=16 | throughput=0.7 tiles/s | fail_rate=0.0% | ↑ increase (throughput improving)
  [1430/6492] (22%) ok=1429 fail=1 workers=16
  [1440/6492] (22%) ok=1439 fail=1 workers=16
  [concurrency] workers=8 | throughput=0.6 tiles/s | fail_rate=0.0% | ↓ decrease (throughput degrading)
  [1450/6492] (22%) ok=1449 fail=1 workers=8
  [1460/6492] (22%) ok=1459 fail=1 workers=8
  [concurrency] workers=12 | throughput=0.5 tiles/s | fail_rate=0.0% | → nudge up
  [1470/6492] (23%) ok=1469 fail=1 workers=12
  [1480/6492] (23%) ok=1479 fail=1 workers=12
  [concurrency] workers=16 | throughput=0.5 tiles/s | fail_rate=0.0% | → nudge up
  [1490/6492] (23%) ok=1489 fail=1 workers=16
  [1500/6492] (23%) ok=1499 fail=1 workers=16
  [concurrency] workers=16 | throughput=0.7 tiles/s | fail_rate=0.0% | → nudge up
  [1510/6492] (23%) ok=1509 fail=1 workers=16
  [1520/6492] (23%) ok=1519 fail=1 workers=16
  [concurrency] workers=8 | throughput=0.5 tiles/s | fail_rate=0.0% | ↓ decrease (throughput degrading)
  [1530/6492] (24%) ok=1529 fail=1 workers=8
  [1540/6492] (24%) ok=1539 fail=1 workers=8
  [concurrency] workers=8 | throughput=0.3 tiles/s | fail_rate=0.0% | ↓ decrease (throughput degrading)
  [1550/6492] (24%) ok=1549 fail=1 workers=8
  [1560/6492] (24%) ok=1559 fail=1 workers=8
  [concurrency] workers=8 | throughput=0.3 tiles/s | fail_rate=0.0% | ↓ decrease (throughput degrading)
  [1570/6492] (24%) ok=1569 fail=1 workers=8
  [1580/6492] (24%) ok=1579 fail=1 workers=8
  [concurrency] workers=12 | throughput=0.3 tiles/s | fail_rate=0.0% | → nudge up
  [1590/6492] (24%) ok=1589 fail=1 workers=12
  [1600/6492] (25%) ok=1599 fail=1 workers=12
  [concurrency] workers=8 | throughput=0.2 tiles/s | fail_rate=0.0% | ↓ decrease (throughput degrading)
  checkpoint saved at 1600 ok tiles
  [1610/6492] (25%) ok=1609 fail=1 workers=8
  [1620/6492] (25%) ok=1619 fail=1 workers=8
  [concurrency] workers=12 | throughput=0.6 tiles/s | fail_rate=0.0% | → nudge up
  [1630/6492] (25%) ok=1629 fail=1 workers=12
  [1640/6492] (25%) ok=1639 fail=1 workers=12
  [concurrency] workers=16 | throughput=0.7 tiles/s | fail_rate=0.0% | → nudge up
  [1650/6492] (25%) ok=1649 fail=1 workers=16
  [1660/6492] (26%) ok=1659 fail=1 workers=16
  [concurrency] workers=8 | throughput=0.4 tiles/s | fail_rate=0.0% | ↓ decrease (throughput degrading)
  [1670/6492] (26%) ok=1669 fail=1 workers=8
  [1680/6492] (26%) ok=1679 fail=1 workers=8
  [concurrency] workers=12 | throughput=0.5 tiles/s | fail_rate=0.0% | → nudge up
  [1690/6492] (26%) ok=1688 fail=2 workers=12
  [1700/6492] (26%) ok=1698 fail=2 workers=12
  [concurrency] workers=16 | throughput=0.5 tiles/s | fail_rate=5.0% | → nudge up
  [1710/6492] (26%) ok=1708 fail=2 workers=16
  [1720/6492] (26%) ok=1718 fail=2 workers=16
  [concurrency] workers=16 | throughput=0.6 tiles/s | fail_rate=0.0% | → nudge up
  [1730/6492] (27%) ok=1728 fail=2 workers=16
  [1740/6492] (27%) ok=1738 fail=2 workers=16
  [concurrency] workers=8 | throughput=0.4 tiles/s | fail_rate=0.0% | ↓ decrease (throughput degrading)
  [1750/6492] (27%) ok=1748 fail=2 workers=8
  [1760/6492] (27%) ok=1758 fail=2 workers=8
  [concurrency] workers=12 | throughput=0.5 tiles/s | fail_rate=0.0% | → nudge up
  [1770/6492] (27%) ok=1768 fail=2 workers=12
  [1780/6492] (27%) ok=1778 fail=2 workers=12
  [concurrency] workers=8 | throughput=0.5 tiles/s | fail_rate=0.0% | ↓ decrease (throughput degrading)
  [1790/6492] (28%) ok=1788 fail=2 workers=8
  [1800/6492] (28%) ok=1798 fail=2 workers=8
  [concurrency] workers=12 | throughput=0.6 tiles/s | fail_rate=0.0% | → nudge up
  checkpoint saved at 1800 ok tiles
  [1810/6492] (28%) ok=1808 fail=2 workers=12
  [1820/6492] (28%) ok=1818 fail=2 workers=12
  [concurrency] workers=16 | throughput=0.5 tiles/s | fail_rate=0.0% | → nudge up
  [1830/6492] (28%) ok=1828 fail=2 workers=16
  [1840/6492] (28%) ok=1838 fail=2 workers=16
  [concurrency] workers=16 | throughput=0.5 tiles/s | fail_rate=0.0% | → nudge up
  [1850/6492] (28%) ok=1848 fail=2 workers=16
  [1860/6492] (29%) ok=1858 fail=2 workers=16
  [concurrency] workers=16 | throughput=0.6 tiles/s | fail_rate=0.0% | → nudge up
  [1870/6492] (29%) ok=1868 fail=2 workers=16
  [1880/6492] (29%) ok=1878 fail=2 workers=16
  [concurrency] workers=8 | throughput=0.5 tiles/s | fail_rate=0.0% | ↓ decrease (throughput degrading)
  [1890/6492] (29%) ok=1888 fail=2 workers=8
  [1900/6492] (29%) ok=1898 fail=2 workers=8
  [concurrency] workers=12 | throughput=0.5 tiles/s | fail_rate=0.0% | → nudge up
  [1910/6492] (29%) ok=1908 fail=2 workers=12
  [1920/6492] (30%) ok=1918 fail=2 workers=12
  [concurrency] workers=16 | throughput=0.6 tiles/s | fail_rate=0.0% | → nudge up
  [1930/6492] (30%) ok=1928 fail=2 workers=16
  [1940/6492] (30%) ok=1938 fail=2 workers=16
  [concurrency] workers=8 | throughput=0.5 tiles/s | fail_rate=0.0% | ↓ decrease (throughput degrading)
  [1950/6492] (30%) ok=1948 fail=2 workers=8
  [1960/6492] (30%) ok=1958 fail=2 workers=8
  [concurrency] workers=12 | throughput=0.5 tiles/s | fail_rate=0.0% | → nudge up
  [1970/6492] (30%) ok=1968 fail=2 workers=12
  [1980/6492] (30%) ok=1978 fail=2 workers=12
  [concurrency] workers=16 | throughput=0.4 tiles/s | fail_rate=0.0% | → nudge up
  [1990/6492] (31%) ok=1988 fail=2 workers=16
  [2000/6492] (31%) ok=1998 fail=2 workers=16
  [concurrency] workers=16 | throughput=0.6 tiles/s | fail_rate=0.0% | → nudge up
  checkpoint saved at 2000 ok tiles
  [2010/6492] (31%) ok=2008 fail=2 workers=16
  [2020/6492] (31%) ok=2018 fail=2 workers=16
  [concurrency] workers=16 | throughput=0.5 tiles/s | fail_rate=0.0% | → nudge up
  [2030/6492] (31%) ok=2028 fail=2 workers=16
  [2040/6492] (31%) ok=2038 fail=2 workers=16
  [concurrency] workers=16 | throughput=0.6 tiles/s | fail_rate=0.0% | → nudge up
  [2050/6492] (32%) ok=2048 fail=2 workers=16
  [2060/6492] (32%) ok=2058 fail=2 workers=16
  [concurrency] workers=8 | throughput=0.5 tiles/s | fail_rate=0.0% | ↓ decrease (throughput degrading)
  [2070/6492] (32%) ok=2068 fail=2 workers=8
  [2080/6492] (32%) ok=2078 fail=2 workers=8
  [concurrency] workers=12 | throughput=0.5 tiles/s | fail_rate=0.0% | → nudge up
  [2090/6492] (32%) ok=2088 fail=2 workers=12
  [2100/6492] (32%) ok=2098 fail=2 workers=12
  [concurrency] workers=16 | throughput=0.6 tiles/s | fail_rate=0.0% | → nudge up
  [2110/6492] (33%) ok=2108 fail=2 workers=16
  [2120/6492] (33%) ok=2118 fail=2 workers=16
  [concurrency] workers=16 | throughput=0.6 tiles/s | fail_rate=0.0% | → nudge up
  [2130/6492] (33%) ok=2128 fail=2 workers=16
  [2140/6492] (33%) ok=2138 fail=2 workers=16
  [concurrency] workers=8 | throughput=0.5 tiles/s | fail_rate=0.0% | ↓ decrease (throughput degrading)
  [2150/6492] (33%) ok=2148 fail=2 workers=8
  [2160/6492] (33%) ok=2158 fail=2 workers=8
  [concurrency] workers=12 | throughput=0.5 tiles/s | fail_rate=0.0% | → nudge up
  [2170/6492] (33%) ok=2168 fail=2 workers=12
  [2180/6492] (34%) ok=2178 fail=2 workers=12
  [concurrency] workers=16 | throughput=0.6 tiles/s | fail_rate=0.0% | → nudge up
  [2190/6492] (34%) ok=2188 fail=2 workers=16
  [2200/6492] (34%) ok=2198 fail=2 workers=16
  [concurrency] workers=16 | throughput=0.6 tiles/s | fail_rate=0.0% | → nudge up
  checkpoint saved at 2200 ok tiles
  [2210/6492] (34%) ok=2208 fail=2 workers=16
  [2220/6492] (34%) ok=2218 fail=2 workers=16
  [concurrency] workers=8 | throughput=0.5 tiles/s | fail_rate=0.0% | ↓ decrease (throughput degrading)
  [2230/6492] (34%) ok=2228 fail=2 workers=8
  [2240/6492] (35%) ok=2238 fail=2 workers=8
  [concurrency] workers=8 | throughput=0.4 tiles/s | fail_rate=0.0% | ↓ decrease (throughput degrading)
  [2250/6492] (35%) ok=2248 fail=2 workers=8
  [2260/6492] (35%) ok=2258 fail=2 workers=8
  [concurrency] workers=12 | throughput=0.5 tiles/s | fail_rate=0.0% | → nudge up
  [2270/6492] (35%) ok=2268 fail=2 workers=12
  [2280/6492] (35%) ok=2278 fail=2 workers=12
  [concurrency] workers=16 | throughput=0.5 tiles/s | fail_rate=0.0% | → nudge up
  [2290/6492] (35%) ok=2288 fail=2 workers=16
  [2300/6492] (35%) ok=2298 fail=2 workers=16
  [concurrency] workers=16 | throughput=0.6 tiles/s | fail_rate=0.0% | → nudge up
  [2310/6492] (36%) ok=2308 fail=2 workers=16
  [2320/6492] (36%) ok=2318 fail=2 workers=16
  [concurrency] workers=8 | throughput=0.4 tiles/s | fail_rate=0.0% | ↓ decrease (throughput degrading)
  [2330/6492] (36%) ok=2328 fail=2 workers=8
  [2340/6492] (36%) ok=2338 fail=2 workers=8
  [concurrency] workers=12 | throughput=0.5 tiles/s | fail_rate=0.0% | → nudge up
  [2350/6492] (36%) ok=2348 fail=2 workers=12
  [2360/6492] (36%) ok=2358 fail=2 workers=12
  [concurrency] workers=16 | throughput=0.6 tiles/s | fail_rate=0.0% | → nudge up
  [2370/6492] (37%) ok=2368 fail=2 workers=16
  [2380/6492] (37%) ok=2378 fail=2 workers=16
  [concurrency] workers=8 | throughput=0.4 tiles/s | fail_rate=0.0% | ↓ decrease (throughput degrading)
  [2390/6492] (37%) ok=2388 fail=2 workers=8
  [2400/6492] (37%) ok=2398 fail=2 workers=8
  [concurrency] workers=12 | throughput=0.6 tiles/s | fail_rate=0.0% | → nudge up
  checkpoint saved at 2400 ok tiles
  [2410/6492] (37%) ok=2408 fail=2 workers=12
  [2420/6492] (37%) ok=2418 fail=2 workers=12
  [concurrency] workers=8 | throughput=0.5 tiles/s | fail_rate=0.0% | ↓ decrease (throughput degrading)
  [2430/6492] (37%) ok=2428 fail=2 workers=8
  [2440/6492] (38%) ok=2438 fail=2 workers=8
  [concurrency] workers=12 | throughput=0.5 tiles/s | fail_rate=0.0% | → nudge up
  [2450/6492] (38%) ok=2448 fail=2 workers=12
  [2460/6492] (38%) ok=2458 fail=2 workers=12
  [concurrency] workers=16 | throughput=0.5 tiles/s | fail_rate=0.0% | → nudge up
  [2470/6492] (38%) ok=2468 fail=2 workers=16
  [2480/6492] (38%) ok=2478 fail=2 workers=16
  [concurrency] workers=16 | throughput=0.6 tiles/s | fail_rate=0.0% | → nudge up
  [2490/6492] (38%) ok=2488 fail=2 workers=16
  [2500/6492] (39%) ok=2498 fail=2 workers=16
  [concurrency] workers=16 | throughput=0.5 tiles/s | fail_rate=0.0% | → nudge up
  [2510/6492] (39%) ok=2508 fail=2 workers=16
  [2520/6492] (39%) ok=2518 fail=2 workers=16
  [concurrency] workers=8 | throughput=0.5 tiles/s | fail_rate=0.0% | ↓ decrease (throughput degrading)
  [2530/6492] (39%) ok=2528 fail=2 workers=8
  [2540/6492] (39%) ok=2538 fail=2 workers=8
  [concurrency] workers=12 | throughput=0.5 tiles/s | fail_rate=0.0% | → nudge up
  [2550/6492] (39%) ok=2548 fail=2 workers=12
  [2560/6492] (39%) ok=2558 fail=2 workers=12
  [concurrency] workers=16 | throughput=0.5 tiles/s | fail_rate=0.0% | → nudge up
  [2570/6492] (40%) ok=2568 fail=2 workers=16
  [2580/6492] (40%) ok=2578 fail=2 workers=16
  [concurrency] workers=8 | throughput=0.4 tiles/s | fail_rate=0.0% | ↓ decrease (throughput degrading)
  [2590/6492] (40%) ok=2588 fail=2 workers=8
  [2600/6492] (40%) ok=2598 fail=2 workers=8
  [concurrency] workers=12 | throughput=0.5 tiles/s | fail_rate=0.0% | → nudge up
  checkpoint saved at 2600 ok tiles
  [2610/6492] (40%) ok=2608 fail=2 workers=12
  [2620/6492] (40%) ok=2618 fail=2 workers=12
  [concurrency] workers=16 | throughput=0.6 tiles/s | fail_rate=0.0% | → nudge up
  [2630/6492] (41%) ok=2628 fail=2 workers=16
  [2640/6492] (41%) ok=2638 fail=2 workers=16
  [concurrency] workers=16 | throughput=0.6 tiles/s | fail_rate=0.0% | → nudge up
  [2650/6492] (41%) ok=2648 fail=2 workers=16
  [2660/6492] (41%) ok=2658 fail=2 workers=16
  [concurrency] workers=8 | throughput=0.4 tiles/s | fail_rate=0.0% | ↓ decrease (throughput degrading)
  [2670/6492] (41%) ok=2668 fail=2 workers=8
  [2680/6492] (41%) ok=2678 fail=2 workers=8
  [concurrency] workers=12 | throughput=0.5 tiles/s | fail_rate=0.0% | → nudge up
  [2690/6492] (41%) ok=2688 fail=2 workers=12
  [2700/6492] (42%) ok=2698 fail=2 workers=12
  [concurrency] workers=8 | throughput=0.4 tiles/s | fail_rate=0.0% | ↓ decrease (throughput degrading)
  [2710/6492] (42%) ok=2708 fail=2 workers=8
  [2720/6492] (42%) ok=2718 fail=2 workers=8
  [concurrency] workers=12 | throughput=0.5 tiles/s | fail_rate=0.0% | → nudge up
  [2730/6492] (42%) ok=2728 fail=2 workers=12
  [2740/6492] (42%) ok=2738 fail=2 workers=12
  [concurrency] workers=16 | throughput=0.5 tiles/s | fail_rate=0.0% | → nudge up
  [2750/6492] (42%) ok=2748 fail=2 workers=16
  [2760/6492] (43%) ok=2758 fail=2 workers=16
  [concurrency] workers=8 | throughput=0.4 tiles/s | fail_rate=0.0% | ↓ decrease (throughput degrading)
  [2770/6492] (43%) ok=2768 fail=2 workers=8
  [2780/6492] (43%) ok=2778 fail=2 workers=8
  [concurrency] workers=12 | throughput=0.4 tiles/s | fail_rate=0.0% | → nudge up
  [2790/6492] (43%) ok=2788 fail=2 workers=12
  [2800/6492] (43%) ok=2798 fail=2 workers=12
  [concurrency] workers=16 | throughput=0.5 tiles/s | fail_rate=0.0% | → nudge up
  checkpoint saved at 2800 ok tiles
  [2810/6492] (43%) ok=2808 fail=2 workers=16
  [2820/6492] (43%) ok=2818 fail=2 workers=16
  [concurrency] workers=16 | throughput=0.6 tiles/s | fail_rate=0.0% | → nudge up
  [2830/6492] (44%) ok=2828 fail=2 workers=16
  [2840/6492] (44%) ok=2838 fail=2 workers=16
  [concurrency] workers=8 | throughput=0.5 tiles/s | fail_rate=0.0% | ↓ decrease (throughput degrading)
  [2850/6492] (44%) ok=2848 fail=2 workers=8
  [2860/6492] (44%) ok=2858 fail=2 workers=8
  [concurrency] workers=12 | throughput=0.6 tiles/s | fail_rate=0.0% | → nudge up
  [2870/6492] (44%) ok=2868 fail=2 workers=12
  [2880/6492] (44%) ok=2878 fail=2 workers=12
  [concurrency] workers=8 | throughput=0.4 tiles/s | fail_rate=0.0% | ↓ decrease (throughput degrading)
  [2890/6492] (45%) ok=2888 fail=2 workers=8
  [2900/6492] (45%) ok=2898 fail=2 workers=8
  [concurrency] workers=12 | throughput=0.6 tiles/s | fail_rate=0.0% | → nudge up
  [2910/6492] (45%) ok=2908 fail=2 workers=12
  [2920/6492] (45%) ok=2918 fail=2 workers=12
  [concurrency] workers=16 | throughput=0.6 tiles/s | fail_rate=0.0% | → nudge up
  [2930/6492] (45%) ok=2928 fail=2 workers=16
  [2940/6492] (45%) ok=2938 fail=2 workers=16
  [concurrency] workers=8 | throughput=0.3 tiles/s | fail_rate=0.0% | ↓ decrease (throughput degrading)
  [2950/6492] (45%) ok=2948 fail=2 workers=8
  [2960/6492] (46%) ok=2958 fail=2 workers=8
  [concurrency] workers=12 | throughput=0.5 tiles/s | fail_rate=0.0% | → nudge up
  [2970/6492] (46%) ok=2968 fail=2 workers=12
  [2980/6492] (46%) ok=2978 fail=2 workers=12
  [concurrency] workers=8 | throughput=0.4 tiles/s | fail_rate=0.0% | ↓ decrease (throughput degrading)
  [2990/6492] (46%) ok=2988 fail=2 workers=8
  [3000/6492] (46%) ok=2998 fail=2 workers=8
  [concurrency] workers=12 | throughput=0.4 tiles/s | fail_rate=0.0% | → nudge up
  checkpoint saved at 3000 ok tiles
  [3010/6492] (46%) ok=3008 fail=2 workers=12
  [3020/6492] (47%) ok=3018 fail=2 workers=12
  [concurrency] workers=16 | throughput=0.5 tiles/s | fail_rate=0.0% | → nudge up
  [3030/6492] (47%) ok=3028 fail=2 workers=16
  [3040/6492] (47%) ok=3038 fail=2 workers=16
  [concurrency] workers=16 | throughput=0.5 tiles/s | fail_rate=0.0% | → nudge up
  [3050/6492] (47%) ok=3048 fail=2 workers=16
  [3060/6492] (47%) ok=3058 fail=2 workers=16
  [concurrency] workers=16 | throughput=0.5 tiles/s | fail_rate=0.0% | → nudge up
  [3070/6492] (47%) ok=3068 fail=2 workers=16
  [3080/6492] (47%) ok=3078 fail=2 workers=16
  [concurrency] workers=16 | throughput=0.5 tiles/s | fail_rate=0.0% | → nudge up
  [3090/6492] (48%) ok=3088 fail=2 workers=16
  [3100/6492] (48%) ok=3098 fail=2 workers=16
  [concurrency] workers=16 | throughput=0.5 tiles/s | fail_rate=0.0% | → nudge up
  [3110/6492] (48%) ok=3108 fail=2 workers=16
  [3120/6492] (48%) ok=3118 fail=2 workers=16
  [concurrency] workers=16 | throughput=0.6 tiles/s | fail_rate=0.0% | → nudge up
  [3130/6492] (48%) ok=3128 fail=2 workers=16
  [3140/6492] (48%) ok=3138 fail=2 workers=16
  [concurrency] workers=8 | throughput=0.5 tiles/s | fail_rate=0.0% | ↓ decrease (throughput degrading)
  [3150/6492] (49%) ok=3148 fail=2 workers=8
  [3160/6492] (49%) ok=3158 fail=2 workers=8
  [concurrency] workers=12 | throughput=0.5 tiles/s | fail_rate=0.0% | → nudge up
  [3170/6492] (49%) ok=3168 fail=2 workers=12
  [3180/6492] (49%) ok=3178 fail=2 workers=12
  [concurrency] workers=8 | throughput=0.4 tiles/s | fail_rate=0.0% | ↓ decrease (throughput degrading)
  [3190/6492] (49%) ok=3188 fail=2 workers=8
  [3200/6492] (49%) ok=3198 fail=2 workers=8
  [concurrency] workers=12 | throughput=0.5 tiles/s | fail_rate=0.0% | → nudge up
  checkpoint saved at 3200 ok tiles
  [3210/6492] (49%) ok=3208 fail=2 workers=12
  [3220/6492] (50%) ok=3218 fail=2 workers=12
  [concurrency] workers=16 | throughput=0.5 tiles/s | fail_rate=0.0% | → nudge up
  [3230/6492] (50%) ok=3228 fail=2 workers=16
  [3240/6492] (50%) ok=3238 fail=2 workers=16
  [concurrency] workers=16 | throughput=0.5 tiles/s | fail_rate=0.0% | → nudge up
  [3250/6492] (50%) ok=3248 fail=2 workers=16
  [3260/6492] (50%) ok=3258 fail=2 workers=16
  [concurrency] workers=8 | throughput=0.5 tiles/s | fail_rate=0.0% | ↓ decrease (throughput degrading)
  [3270/6492] (50%) ok=3268 fail=2 workers=8
  [3280/6492] (51%) ok=3278 fail=2 workers=8
  [concurrency] workers=12 | throughput=0.5 tiles/s | fail_rate=0.0% | → nudge up
  [3290/6492] (51%) ok=3288 fail=2 workers=12
  [3300/6492] (51%) ok=3298 fail=2 workers=12
  [concurrency] workers=8 | throughput=0.4 tiles/s | fail_rate=0.0% | ↓ decrease (throughput degrading)
  [3310/6492] (51%) ok=3308 fail=2 workers=8
  [3320/6492] (51%) ok=3318 fail=2 workers=8
  [concurrency] workers=12 | throughput=0.6 tiles/s | fail_rate=0.0% | → nudge up
  [3330/6492] (51%) ok=3328 fail=2 workers=12
  [3340/6492] (51%) ok=3338 fail=2 workers=12
  [concurrency] workers=16 | throughput=0.5 tiles/s | fail_rate=0.0% | → nudge up
  [3350/6492] (52%) ok=3348 fail=2 workers=16
  [3360/6492] (52%) ok=3358 fail=2 workers=16
  [concurrency] workers=8 | throughput=0.4 tiles/s | fail_rate=0.0% | ↓ decrease (throughput degrading)
  [3370/6492] (52%) ok=3368 fail=2 workers=8
  [3380/6492] (52%) ok=3378 fail=2 workers=8
  [concurrency] workers=8 | throughput=0.3 tiles/s | fail_rate=0.0% | ↓ decrease (throughput degrading)
  [3390/6492] (52%) ok=3388 fail=2 workers=8
  [3400/6492] (52%) ok=3398 fail=2 workers=8
  [concurrency] workers=12 | throughput=0.4 tiles/s | fail_rate=0.0% | → nudge up
  checkpoint saved at 3400 ok tiles
  [3410/6492] (53%) ok=3408 fail=2 workers=12
  [3420/6492] (53%) ok=3418 fail=2 workers=12
  [concurrency] workers=16 | throughput=0.5 tiles/s | fail_rate=0.0% | → nudge up
  [3430/6492] (53%) ok=3428 fail=2 workers=16
  [3440/6492] (53%) ok=3438 fail=2 workers=16
  [concurrency] workers=16 | throughput=0.5 tiles/s | fail_rate=0.0% | → nudge up
  [3450/6492] (53%) ok=3448 fail=2 workers=16
  [3460/6492] (53%) ok=3458 fail=2 workers=16
  [concurrency] workers=8 | throughput=0.3 tiles/s | fail_rate=0.0% | ↓ decrease (throughput degrading)
  [3470/6492] (53%) ok=3468 fail=2 workers=8
  [3480/6492] (54%) ok=3478 fail=2 workers=8
  [concurrency] workers=12 | throughput=0.5 tiles/s | fail_rate=0.0% | → nudge up
  [3490/6492] (54%) ok=3488 fail=2 workers=12
  [3500/6492] (54%) ok=3498 fail=2 workers=12
  [concurrency] workers=16 | throughput=0.5 tiles/s | fail_rate=0.0% | → nudge up
  [3510/6492] (54%) ok=3508 fail=2 workers=16
  [3520/6492] (54%) ok=3518 fail=2 workers=16
  [concurrency] workers=16 | throughput=0.6 tiles/s | fail_rate=0.0% | → nudge up
  [3530/6492] (54%) ok=3528 fail=2 workers=16
  [3540/6492] (55%) ok=3538 fail=2 workers=16
  [concurrency] workers=16 | throughput=0.5 tiles/s | fail_rate=0.0% | → nudge up
  [3550/6492] (55%) ok=3548 fail=2 workers=16
  [3560/6492] (55%) ok=3558 fail=2 workers=16
  [concurrency] workers=8 | throughput=0.5 tiles/s | fail_rate=0.0% | ↓ decrease (throughput degrading)
  [3570/6492] (55%) ok=3568 fail=2 workers=8
  [3580/6492] (55%) ok=3578 fail=2 workers=8
  [concurrency] workers=8 | throughput=0.4 tiles/s | fail_rate=0.0% | ↓ decrease (throughput degrading)
  [3590/6492] (55%) ok=3588 fail=2 workers=8
  [3600/6492] (55%) ok=3598 fail=2 workers=8
  [concurrency] workers=12 | throughput=0.5 tiles/s | fail_rate=0.0% | → nudge up
  checkpoint saved at 3600 ok tiles
  [3610/6492] (56%) ok=3608 fail=2 workers=12
  [3620/6492] (56%) ok=3618 fail=2 workers=12
  [concurrency] workers=16 | throughput=0.5 tiles/s | fail_rate=0.0% | → nudge up
  [3630/6492] (56%) ok=3628 fail=2 workers=16
  [3640/6492] (56%) ok=3638 fail=2 workers=16
  [concurrency] workers=16 | throughput=0.5 tiles/s | fail_rate=0.0% | → nudge up
  [3650/6492] (56%) ok=3648 fail=2 workers=16
  [3660/6492] (56%) ok=3658 fail=2 workers=16
  [concurrency] workers=16 | throughput=0.5 tiles/s | fail_rate=0.0% | → nudge up
  [3670/6492] (57%) ok=3668 fail=2 workers=16
  [3680/6492] (57%) ok=3678 fail=2 workers=16
  [concurrency] workers=16 | throughput=0.5 tiles/s | fail_rate=0.0% | → nudge up
  [3690/6492] (57%) ok=3688 fail=2 workers=16
  [3700/6492] (57%) ok=3698 fail=2 workers=16
  [concurrency] workers=8 | throughput=0.4 tiles/s | fail_rate=0.0% | ↓ decrease (throughput degrading)
  [3710/6492] (57%) ok=3708 fail=2 workers=8
  [3720/6492] (57%) ok=3718 fail=2 workers=8
  [concurrency] workers=12 | throughput=0.4 tiles/s | fail_rate=0.0% | → nudge up
  [3730/6492] (57%) ok=3728 fail=2 workers=12
  [3740/6492] (58%) ok=3738 fail=2 workers=12
  [concurrency] workers=16 | throughput=0.5 tiles/s | fail_rate=0.0% | → nudge up
  [3750/6492] (58%) ok=3748 fail=2 workers=16
  [3760/6492] (58%) ok=3758 fail=2 workers=16
  [concurrency] workers=16 | throughput=0.5 tiles/s | fail_rate=0.0% | → nudge up
  [3770/6492] (58%) ok=3768 fail=2 workers=16
  [3780/6492] (58%) ok=3778 fail=2 workers=16
  [concurrency] workers=16 | throughput=0.5 tiles/s | fail_rate=0.0% | → nudge up
  [3790/6492] (58%) ok=3788 fail=2 workers=16
  [3800/6492] (59%) ok=3798 fail=2 workers=16
  [concurrency] workers=16 | throughput=0.5 tiles/s | fail_rate=0.0% | → nudge up
  checkpoint saved at 3800 ok tiles
  [3810/6492] (59%) ok=3808 fail=2 workers=16
  [3820/6492] (59%) ok=3818 fail=2 workers=16
  [concurrency] workers=8 | throughput=0.4 tiles/s | fail_rate=0.0% | ↓ decrease (throughput degrading)
  [3830/6492] (59%) ok=3828 fail=2 workers=8
  [3840/6492] (59%) ok=3838 fail=2 workers=8
  [concurrency] workers=12 | throughput=0.5 tiles/s | fail_rate=0.0% | → nudge up
  [3850/6492] (59%) ok=3848 fail=2 workers=12
  [3860/6492] (59%) ok=3858 fail=2 workers=12
  [concurrency] workers=16 | throughput=0.5 tiles/s | fail_rate=0.0% | → nudge up
  [3870/6492] (60%) ok=3868 fail=2 workers=16
  [3880/6492] (60%) ok=3878 fail=2 workers=16
  [concurrency] workers=16 | throughput=0.5 tiles/s | fail_rate=0.0% | → nudge up
  [3890/6492] (60%) ok=3888 fail=2 workers=16
  [3900/6492] (60%) ok=3898 fail=2 workers=16
  [concurrency] workers=16 | throughput=0.4 tiles/s | fail_rate=0.0% | → nudge up
  [3910/6492] (60%) ok=3908 fail=2 workers=16
  [3920/6492] (60%) ok=3918 fail=2 workers=16
  [concurrency] workers=16 | throughput=0.5 tiles/s | fail_rate=0.0% | → nudge up
  [3930/6492] (61%) ok=3928 fail=2 workers=16
  [3940/6492] (61%) ok=3938 fail=2 workers=16
  [concurrency] workers=16 | throughput=0.5 tiles/s | fail_rate=0.0% | → nudge up
  [3950/6492] (61%) ok=3948 fail=2 workers=16
  [3960/6492] (61%) ok=3958 fail=2 workers=16
  [concurrency] workers=16 | throughput=0.5 tiles/s | fail_rate=0.0% | → nudge up
  [3970/6492] (61%) ok=3968 fail=2 workers=16
  [3980/6492] (61%) ok=3978 fail=2 workers=16
  [concurrency] workers=16 | throughput=0.5 tiles/s | fail_rate=0.0% | → nudge up
  [3990/6492] (61%) ok=3988 fail=2 workers=16
  [4000/6492] (62%) ok=3998 fail=2 workers=16
  [concurrency] workers=8 | throughput=0.4 tiles/s | fail_rate=0.0% | ↓ decrease (throughput degrading)
  checkpoint saved at 4000 ok tiles
  [4010/6492] (62%) ok=4008 fail=2 workers=8
  [4020/6492] (62%) ok=4018 fail=2 workers=8
  [concurrency] workers=12 | throughput=0.4 tiles/s | fail_rate=0.0% | → nudge up
  [4030/6492] (62%) ok=4028 fail=2 workers=12
  [4040/6492] (62%) ok=4038 fail=2 workers=12
  [concurrency] workers=16 | throughput=0.4 tiles/s | fail_rate=0.0% | → nudge up
  [4050/6492] (62%) ok=4048 fail=2 workers=16
  [4060/6492] (63%) ok=4058 fail=2 workers=16
  [concurrency] workers=16 | throughput=0.4 tiles/s | fail_rate=0.0% | → nudge up
  [4070/6492] (63%) ok=4068 fail=2 workers=16
  [4080/6492] (63%) ok=4078 fail=2 workers=16
  [concurrency] workers=16 | throughput=0.5 tiles/s | fail_rate=0.0% | → nudge up
  [4090/6492] (63%) ok=4088 fail=2 workers=16
  [4100/6492] (63%) ok=4098 fail=2 workers=16
  [concurrency] workers=16 | throughput=0.5 tiles/s | fail_rate=0.0% | → nudge up
  [4110/6492] (63%) ok=4108 fail=2 workers=16
  [4120/6492] (63%) ok=4118 fail=2 workers=16
  [concurrency] workers=16 | throughput=0.5 tiles/s | fail_rate=0.0% | → nudge up
  [4130/6492] (64%) ok=4128 fail=2 workers=16
  [4140/6492] (64%) ok=4138 fail=2 workers=16
  [concurrency] workers=16 | throughput=0.4 tiles/s | fail_rate=0.0% | → nudge up
  [4150/6492] (64%) ok=4148 fail=2 workers=16
  [4160/6492] (64%) ok=4158 fail=2 workers=16
  [concurrency] workers=8 | throughput=0.3 tiles/s | fail_rate=0.0% | ↓ decrease (throughput degrading)
  [4170/6492] (64%) ok=4168 fail=2 workers=8
  [4180/6492] (64%) ok=4178 fail=2 workers=8
  [concurrency] workers=12 | throughput=0.5 tiles/s | fail_rate=0.0% | → nudge up
  [4190/6492] (65%) ok=4188 fail=2 workers=12
  [4200/6492] (65%) ok=4198 fail=2 workers=12
  [concurrency] workers=8 | throughput=0.5 tiles/s | fail_rate=0.0% | ↓ decrease (throughput degrading)
  checkpoint saved at 4200 ok tiles
  [4210/6492] (65%) ok=4208 fail=2 workers=8
  [4220/6492] (65%) ok=4218 fail=2 workers=8
  [concurrency] workers=12 | throughput=0.4 tiles/s | fail_rate=0.0% | → nudge up
  [4230/6492] (65%) ok=4228 fail=2 workers=12
  [4240/6492] (65%) ok=4238 fail=2 workers=12
  [concurrency] workers=16 | throughput=0.4 tiles/s | fail_rate=0.0% | → nudge up
  [4250/6492] (65%) ok=4248 fail=2 workers=16
  [4260/6492] (66%) ok=4258 fail=2 workers=16
  [concurrency] workers=16 | throughput=0.5 tiles/s | fail_rate=0.0% | → nudge up
  [4270/6492] (66%) ok=4268 fail=2 workers=16
  [4280/6492] (66%) ok=4278 fail=2 workers=16
  [concurrency] workers=8 | throughput=0.3 tiles/s | fail_rate=0.0% | ↓ decrease (throughput degrading)
  [4290/6492] (66%) ok=4288 fail=2 workers=8
  [4300/6492] (66%) ok=4298 fail=2 workers=8
  [concurrency] workers=12 | throughput=0.6 tiles/s | fail_rate=0.0% | → nudge up
  [4310/6492] (66%) ok=4308 fail=2 workers=12
  [4320/6492] (67%) ok=4318 fail=2 workers=12
  [concurrency] workers=8 | throughput=0.5 tiles/s | fail_rate=0.0% | ↓ decrease (throughput degrading)
  [4330/6492] (67%) ok=4328 fail=2 workers=8
  [4340/6492] (67%) ok=4338 fail=2 workers=8
  [concurrency] workers=12 | throughput=0.5 tiles/s | fail_rate=0.0% | → nudge up
  [4350/6492] (67%) ok=4348 fail=2 workers=12
  [4360/6492] (67%) ok=4358 fail=2 workers=12
  [concurrency] workers=8 | throughput=0.3 tiles/s | fail_rate=0.0% | ↓ decrease (throughput degrading)
  [4370/6492] (67%) ok=4368 fail=2 workers=8
  [4380/6492] (67%) ok=4378 fail=2 workers=8
  [concurrency] workers=12 | throughput=0.5 tiles/s | fail_rate=0.0% | → nudge up
  [4390/6492] (68%) ok=4388 fail=2 workers=12
  [4400/6492] (68%) ok=4398 fail=2 workers=12
  [concurrency] workers=16 | throughput=0.5 tiles/s | fail_rate=0.0% | → nudge up
  checkpoint saved at 4400 ok tiles
  [4410/6492] (68%) ok=4408 fail=2 workers=16
  [4420/6492] (68%) ok=4418 fail=2 workers=16
  [concurrency] workers=16 | throughput=0.5 tiles/s | fail_rate=0.0% | → nudge up
  [4430/6492] (68%) ok=4428 fail=2 workers=16
  [4440/6492] (68%) ok=4438 fail=2 workers=16
  [concurrency] workers=16 | throughput=0.5 tiles/s | fail_rate=0.0% | → nudge up
  [4450/6492] (69%) ok=4448 fail=2 workers=16
  [4460/6492] (69%) ok=4458 fail=2 workers=16
  [concurrency] workers=16 | throughput=0.6 tiles/s | fail_rate=0.0% | → nudge up
  [4470/6492] (69%) ok=4468 fail=2 workers=16
  [4480/6492] (69%) ok=4478 fail=2 workers=16
  [concurrency] workers=16 | throughput=0.6 tiles/s | fail_rate=0.0% | → nudge up
  [4490/6492] (69%) ok=4488 fail=2 workers=16
  [4500/6492] (69%) ok=4498 fail=2 workers=16
  [concurrency] workers=8 | throughput=0.4 tiles/s | fail_rate=0.0% | ↓ decrease (throughput degrading)
  [4510/6492] (69%) ok=4508 fail=2 workers=8
  [4520/6492] (70%) ok=4518 fail=2 workers=8
  [concurrency] workers=12 | throughput=0.5 tiles/s | fail_rate=0.0% | → nudge up
  [4530/6492] (70%) ok=4528 fail=2 workers=12
  [4540/6492] (70%) ok=4538 fail=2 workers=12
  [concurrency] workers=16 | throughput=0.5 tiles/s | fail_rate=0.0% | → nudge up
  [4550/6492] (70%) ok=4548 fail=2 workers=16
  [4560/6492] (70%) ok=4558 fail=2 workers=16
  [concurrency] workers=16 | throughput=0.6 tiles/s | fail_rate=0.0% | → nudge up
  [4570/6492] (70%) ok=4568 fail=2 workers=16
  [4580/6492] (71%) ok=4578 fail=2 workers=16
  [concurrency] workers=8 | throughput=0.5 tiles/s | fail_rate=0.0% | ↓ decrease (throughput degrading)
  [4590/6492] (71%) ok=4588 fail=2 workers=8
  [4600/6492] (71%) ok=4598 fail=2 workers=8
  [concurrency] workers=12 | throughput=0.6 tiles/s | fail_rate=0.0% | → nudge up
  checkpoint saved at 4600 ok tiles
  [4610/6492] (71%) ok=4608 fail=2 workers=12
  [4620/6492] (71%) ok=4618 fail=2 workers=12
  [concurrency] workers=8 | throughput=0.4 tiles/s | fail_rate=0.0% | ↓ decrease (throughput degrading)
  [4630/6492] (71%) ok=4628 fail=2 workers=8
  [4640/6492] (71%) ok=4638 fail=2 workers=8
  [concurrency] workers=12 | throughput=0.6 tiles/s | fail_rate=0.0% | → nudge up
  [4650/6492] (72%) ok=4648 fail=2 workers=12
  [4660/6492] (72%) ok=4658 fail=2 workers=12
  [concurrency] workers=16 | throughput=0.6 tiles/s | fail_rate=0.0% | → nudge up
  [4670/6492] (72%) ok=4668 fail=2 workers=16
  [4680/6492] (72%) ok=4678 fail=2 workers=16
  [concurrency] workers=8 | throughput=0.5 tiles/s | fail_rate=0.0% | ↓ decrease (throughput degrading)
  [4690/6492] (72%) ok=4688 fail=2 workers=8
  [4700/6492] (72%) ok=4698 fail=2 workers=8
  [concurrency] workers=12 | throughput=0.6 tiles/s | fail_rate=0.0% | → nudge up
  [4710/6492] (73%) ok=4708 fail=2 workers=12
  [4720/6492] (73%) ok=4718 fail=2 workers=12
  [concurrency] workers=8 | throughput=0.5 tiles/s | fail_rate=0.0% | ↓ decrease (throughput degrading)
  [4730/6492] (73%) ok=4728 fail=2 workers=8
  [4740/6492] (73%) ok=4738 fail=2 workers=8
  [concurrency] workers=12 | throughput=0.6 tiles/s | fail_rate=0.0% | → nudge up
  [4750/6492] (73%) ok=4748 fail=2 workers=12
  [4760/6492] (73%) ok=4758 fail=2 workers=12
  [concurrency] workers=8 | throughput=0.5 tiles/s | fail_rate=0.0% | ↓ decrease (throughput degrading)
  [4770/6492] (73%) ok=4768 fail=2 workers=8
  [4780/6492] (74%) ok=4778 fail=2 workers=8
  [concurrency] workers=12 | throughput=0.6 tiles/s | fail_rate=0.0% | → nudge up
  [4790/6492] (74%) ok=4788 fail=2 workers=12
  [4800/6492] (74%) ok=4798 fail=2 workers=12
  [concurrency] workers=8 | throughput=0.3 tiles/s | fail_rate=0.0% | ↓ decrease (throughput degrading)
  checkpoint saved at 4800 ok tiles
  [4810/6492] (74%) ok=4808 fail=2 workers=8
  [4820/6492] (74%) ok=4818 fail=2 workers=8
  [concurrency] workers=12 | throughput=0.4 tiles/s | fail_rate=0.0% | → nudge up
  [4830/6492] (74%) ok=4828 fail=2 workers=12
  [4840/6492] (75%) ok=4838 fail=2 workers=12
  [concurrency] workers=16 | throughput=0.5 tiles/s | fail_rate=0.0% | → nudge up
  [4850/6492] (75%) ok=4848 fail=2 workers=16
  [4860/6492] (75%) ok=4858 fail=2 workers=16
  [concurrency] workers=8 | throughput=0.4 tiles/s | fail_rate=0.0% | ↓ decrease (throughput degrading)
  [4870/6492] (75%) ok=4868 fail=2 workers=8
  [4880/6492] (75%) ok=4878 fail=2 workers=8
  [concurrency] workers=12 | throughput=0.5 tiles/s | fail_rate=0.0% | → nudge up
  [4890/6492] (75%) ok=4888 fail=2 workers=12
  [4900/6492] (75%) ok=4898 fail=2 workers=12
  [concurrency] workers=16 | throughput=0.5 tiles/s | fail_rate=0.0% | → nudge up
  [4910/6492] (76%) ok=4908 fail=2 workers=16
  [4920/6492] (76%) ok=4918 fail=2 workers=16
  [concurrency] workers=16 | throughput=0.5 tiles/s | fail_rate=0.0% | → nudge up
  [4930/6492] (76%) ok=4928 fail=2 workers=16
  [4940/6492] (76%) ok=4938 fail=2 workers=16
  [concurrency] workers=16 | throughput=0.5 tiles/s | fail_rate=0.0% | → nudge up
  [4950/6492] (76%) ok=4948 fail=2 workers=16
  [4960/6492] (76%) ok=4958 fail=2 workers=16
  [concurrency] workers=16 | throughput=0.6 tiles/s | fail_rate=0.0% | → nudge up
  [4970/6492] (77%) ok=4968 fail=2 workers=16
  [4980/6492] (77%) ok=4978 fail=2 workers=16
  [concurrency] workers=8 | throughput=0.5 tiles/s | fail_rate=0.0% | ↓ decrease (throughput degrading)
  [4990/6492] (77%) ok=4988 fail=2 workers=8
  [5000/6492] (77%) ok=4998 fail=2 workers=8
  [concurrency] workers=12 | throughput=0.5 tiles/s | fail_rate=0.0% | → nudge up
  checkpoint saved at 5000 ok tiles
  [5010/6492] (77%) ok=5008 fail=2 workers=12
  [5020/6492] (77%) ok=5018 fail=2 workers=12
  [concurrency] workers=16 | throughput=0.5 tiles/s | fail_rate=0.0% | → nudge up
  [5030/6492] (77%) ok=5028 fail=2 workers=16
  [5040/6492] (78%) ok=5038 fail=2 workers=16
  [concurrency] workers=8 | throughput=0.4 tiles/s | fail_rate=0.0% | ↓ decrease (throughput degrading)
  [5050/6492] (78%) ok=5048 fail=2 workers=8
  [5060/6492] (78%) ok=5058 fail=2 workers=8
  [concurrency] workers=12 | throughput=0.5 tiles/s | fail_rate=0.0% | → nudge up
  [5070/6492] (78%) ok=5068 fail=2 workers=12
  [5080/6492] (78%) ok=5078 fail=2 workers=12
  [concurrency] workers=16 | throughput=0.5 tiles/s | fail_rate=0.0% | → nudge up
  [5090/6492] (78%) ok=5088 fail=2 workers=16
  [5100/6492] (79%) ok=5098 fail=2 workers=16
  [concurrency] workers=8 | throughput=0.5 tiles/s | fail_rate=0.0% | ↓ decrease (throughput degrading)
  [5110/6492] (79%) ok=5108 fail=2 workers=8
  [5120/6492] (79%) ok=5118 fail=2 workers=8
  [concurrency] workers=12 | throughput=0.5 tiles/s | fail_rate=0.0% | → nudge up
  [5130/6492] (79%) ok=5128 fail=2 workers=12
  [5140/6492] (79%) ok=5138 fail=2 workers=12
  [concurrency] workers=16 | throughput=0.5 tiles/s | fail_rate=0.0% | → nudge up
  [5150/6492] (79%) ok=5148 fail=2 workers=16
  [5160/6492] (79%) ok=5158 fail=2 workers=16
  [concurrency] workers=16 | throughput=0.5 tiles/s | fail_rate=0.0% | → nudge up
  [5170/6492] (80%) ok=5168 fail=2 workers=16
  [5180/6492] (80%) ok=5178 fail=2 workers=16
  [concurrency] workers=16 | throughput=0.5 tiles/s | fail_rate=0.0% | → nudge up
  [5190/6492] (80%) ok=5188 fail=2 workers=16
  [5200/6492] (80%) ok=5198 fail=2 workers=16
  [concurrency] workers=8 | throughput=0.5 tiles/s | fail_rate=0.0% | ↓ decrease (throughput degrading)
  checkpoint saved at 5200 ok tiles
  [5210/6492] (80%) ok=5208 fail=2 workers=8
  [5220/6492] (80%) ok=5218 fail=2 workers=8
  [concurrency] workers=12 | throughput=0.5 tiles/s | fail_rate=0.0% | → nudge up
  [5230/6492] (81%) ok=5228 fail=2 workers=12
  [5240/6492] (81%) ok=5238 fail=2 workers=12
  [concurrency] workers=16 | throughput=0.5 tiles/s | fail_rate=0.0% | → nudge up
  [5250/6492] (81%) ok=5248 fail=2 workers=16
  [5260/6492] (81%) ok=5258 fail=2 workers=16
  [concurrency] workers=16 | throughput=0.5 tiles/s | fail_rate=0.0% | → nudge up
  [5270/6492] (81%) ok=5268 fail=2 workers=16
  [5280/6492] (81%) ok=5278 fail=2 workers=16
  [concurrency] workers=16 | throughput=0.5 tiles/s | fail_rate=0.0% | → nudge up
  [5290/6492] (81%) ok=5288 fail=2 workers=16
  [5300/6492] (82%) ok=5298 fail=2 workers=16
  [concurrency] workers=16 | throughput=0.5 tiles/s | fail_rate=0.0% | → nudge up
  [5310/6492] (82%) ok=5308 fail=2 workers=16
  [5320/6492] (82%) ok=5318 fail=2 workers=16
  [concurrency] workers=8 | throughput=0.4 tiles/s | fail_rate=0.0% | ↓ decrease (throughput degrading)
  [5330/6492] (82%) ok=5328 fail=2 workers=8
  [5340/6492] (82%) ok=5338 fail=2 workers=8
  [concurrency] workers=12 | throughput=0.5 tiles/s | fail_rate=0.0% | → nudge up
  [5350/6492] (82%) ok=5348 fail=2 workers=12
  [5360/6492] (83%) ok=5358 fail=2 workers=12
  [concurrency] workers=16 | throughput=0.6 tiles/s | fail_rate=0.0% | → nudge up
  [5370/6492] (83%) ok=5368 fail=2 workers=16
  [5380/6492] (83%) ok=5378 fail=2 workers=16
  [concurrency] workers=16 | throughput=0.5 tiles/s | fail_rate=0.0% | → nudge up
  [5390/6492] (83%) ok=5388 fail=2 workers=16
  [5400/6492] (83%) ok=5398 fail=2 workers=16
  [concurrency] workers=8 | throughput=0.4 tiles/s | fail_rate=0.0% | ↓ decrease (throughput degrading)
  checkpoint saved at 5400 ok tiles
  [5410/6492] (83%) ok=5408 fail=2 workers=8
  [5420/6492] (83%) ok=5418 fail=2 workers=8
  [concurrency] workers=12 | throughput=0.5 tiles/s | fail_rate=0.0% | → nudge up
  [5430/6492] (84%) ok=5428 fail=2 workers=12
  [5440/6492] (84%) ok=5438 fail=2 workers=12
  [concurrency] workers=16 | throughput=0.5 tiles/s | fail_rate=0.0% | → nudge up
  [5450/6492] (84%) ok=5448 fail=2 workers=16
  [5460/6492] (84%) ok=5458 fail=2 workers=16
  [concurrency] workers=8 | throughput=0.2 tiles/s | fail_rate=0.0% | ↓ decrease (throughput degrading)
  [5470/6492] (84%) ok=5468 fail=2 workers=8
  [5480/6492] (84%) ok=5478 fail=2 workers=8
  [concurrency] workers=12 | throughput=0.6 tiles/s | fail_rate=0.0% | → nudge up
  [5490/6492] (85%) ok=5488 fail=2 workers=12
  [5500/6492] (85%) ok=5498 fail=2 workers=12
  [concurrency] workers=16 | throughput=0.5 tiles/s | fail_rate=0.0% | → nudge up
  [5510/6492] (85%) ok=5508 fail=2 workers=16
  [5520/6492] (85%) ok=5518 fail=2 workers=16
  [concurrency] workers=16 | throughput=0.6 tiles/s | fail_rate=0.0% | → nudge up
  [5530/6492] (85%) ok=5528 fail=2 workers=16
  [5540/6492] (85%) ok=5538 fail=2 workers=16
  [concurrency] workers=8 | throughput=0.4 tiles/s | fail_rate=0.0% | ↓ decrease (throughput degrading)
  [5550/6492] (85%) ok=5548 fail=2 workers=8
  [5560/6492] (86%) ok=5558 fail=2 workers=8
  [concurrency] workers=12 | throughput=0.6 tiles/s | fail_rate=0.0% | → nudge up
  [5570/6492] (86%) ok=5568 fail=2 workers=12
  [5580/6492] (86%) ok=5578 fail=2 workers=12
  [concurrency] workers=16 | throughput=0.6 tiles/s | fail_rate=0.0% | → nudge up
  [5590/6492] (86%) ok=5588 fail=2 workers=16
  [5600/6492] (86%) ok=5598 fail=2 workers=16
  [concurrency] workers=8 | throughput=0.5 tiles/s | fail_rate=0.0% | ↓ decrease (throughput degrading)
  checkpoint saved at 5600 ok tiles
  [5610/6492] (86%) ok=5608 fail=2 workers=8
  [5620/6492] (87%) ok=5618 fail=2 workers=8
  [concurrency] workers=8 | throughput=0.4 tiles/s | fail_rate=0.0% | ↓ decrease (throughput degrading)
  [5630/6492] (87%) ok=5628 fail=2 workers=8
  [5640/6492] (87%) ok=5638 fail=2 workers=8
  [concurrency] workers=12 | throughput=0.6 tiles/s | fail_rate=0.0% | → nudge up
  [5650/6492] (87%) ok=5648 fail=2 workers=12
  [5660/6492] (87%) ok=5658 fail=2 workers=12
  [concurrency] workers=8 | throughput=0.5 tiles/s | fail_rate=0.0% | ↓ decrease (throughput degrading)
  [5670/6492] (87%) ok=5668 fail=2 workers=8
  [5680/6492] (87%) ok=5678 fail=2 workers=8
  [concurrency] workers=12 | throughput=0.5 tiles/s | fail_rate=0.0% | → nudge up
  [5690/6492] (88%) ok=5688 fail=2 workers=12
  [5700/6492] (88%) ok=5698 fail=2 workers=12
  [concurrency] workers=16 | throughput=0.6 tiles/s | fail_rate=0.0% | → nudge up
  [5710/6492] (88%) ok=5708 fail=2 workers=16
  [5720/6492] (88%) ok=5718 fail=2 workers=16
  [concurrency] workers=16 | throughput=0.5 tiles/s | fail_rate=0.0% | → nudge up
  [5730/6492] (88%) ok=5728 fail=2 workers=16
  [5740/6492] (88%) ok=5738 fail=2 workers=16
  [concurrency] workers=16 | throughput=0.5 tiles/s | fail_rate=0.0% | → nudge up
  [5750/6492] (89%) ok=5748 fail=2 workers=16
  [5760/6492] (89%) ok=5758 fail=2 workers=16
  [concurrency] workers=16 | throughput=0.5 tiles/s | fail_rate=0.0% | → nudge up
  [5770/6492] (89%) ok=5768 fail=2 workers=16
  [5780/6492] (89%) ok=5778 fail=2 workers=16
  [concurrency] workers=16 | throughput=0.5 tiles/s | fail_rate=0.0% | → nudge up
  [5790/6492] (89%) ok=5788 fail=2 workers=16
  [5800/6492] (89%) ok=5798 fail=2 workers=16
  [concurrency] workers=16 | throughput=0.5 tiles/s | fail_rate=0.0% | → nudge up
  checkpoint saved at 5800 ok tiles
  [5810/6492] (89%) ok=5808 fail=2 workers=16
  [5820/6492] (90%) ok=5818 fail=2 workers=16
  [concurrency] workers=16 | throughput=0.5 tiles/s | fail_rate=0.0% | → nudge up
  [5830/6492] (90%) ok=5828 fail=2 workers=16
  [5840/6492] (90%) ok=5838 fail=2 workers=16
  [concurrency] workers=16 | throughput=0.5 tiles/s | fail_rate=0.0% | → nudge up
  [5850/6492] (90%) ok=5848 fail=2 workers=16
  [5860/6492] (90%) ok=5858 fail=2 workers=16
  [concurrency] workers=16 | throughput=0.5 tiles/s | fail_rate=0.0% | → nudge up
  [5870/6492] (90%) ok=5868 fail=2 workers=16
  [5880/6492] (91%) ok=5878 fail=2 workers=16
  [concurrency] workers=8 | throughput=0.5 tiles/s | fail_rate=0.0% | ↓ decrease (throughput degrading)
  [5890/6492] (91%) ok=5888 fail=2 workers=8
  [5900/6492] (91%) ok=5898 fail=2 workers=8
  [concurrency] workers=12 | throughput=0.6 tiles/s | fail_rate=0.0% | → nudge up
  [5910/6492] (91%) ok=5908 fail=2 workers=12
  [5920/6492] (91%) ok=5918 fail=2 workers=12
  [concurrency] workers=8 | throughput=0.4 tiles/s | fail_rate=0.0% | ↓ decrease (throughput degrading)
  [5930/6492] (91%) ok=5928 fail=2 workers=8
  [5940/6492] (91%) ok=5938 fail=2 workers=8
  [concurrency] workers=12 | throughput=0.5 tiles/s | fail_rate=0.0% | → nudge up
  [5950/6492] (92%) ok=5948 fail=2 workers=12
  [5960/6492] (92%) ok=5958 fail=2 workers=12
  [concurrency] workers=16 | throughput=0.4 tiles/s | fail_rate=0.0% | → nudge up
  [5970/6492] (92%) ok=5968 fail=2 workers=16
  [5980/6492] (92%) ok=5978 fail=2 workers=16
  [concurrency] workers=16 | throughput=0.6 tiles/s | fail_rate=0.0% | → nudge up
  [5990/6492] (92%) ok=5988 fail=2 workers=16
  [6000/6492] (92%) ok=5998 fail=2 workers=16
  [concurrency] workers=8 | throughput=0.4 tiles/s | fail_rate=0.0% | ↓ decrease (throughput degrading)
  checkpoint saved at 6000 ok tiles
  [6010/6492] (93%) ok=6008 fail=2 workers=8
  [6020/6492] (93%) ok=6018 fail=2 workers=8
  [concurrency] workers=12 | throughput=0.5 tiles/s | fail_rate=0.0% | → nudge up
  [6030/6492] (93%) ok=6028 fail=2 workers=12
  [6040/6492] (93%) ok=6038 fail=2 workers=12
  [concurrency] workers=8 | throughput=0.5 tiles/s | fail_rate=0.0% | ↓ decrease (throughput degrading)
  [6050/6492] (93%) ok=6048 fail=2 workers=8
  [6060/6492] (93%) ok=6058 fail=2 workers=8
  [concurrency] workers=12 | throughput=0.5 tiles/s | fail_rate=0.0% | → nudge up
  [6070/6492] (93%) ok=6068 fail=2 workers=12
  [6080/6492] (94%) ok=6078 fail=2 workers=12
  [concurrency] workers=16 | throughput=0.5 tiles/s | fail_rate=0.0% | → nudge up
  [6090/6492] (94%) ok=6088 fail=2 workers=16
  [6100/6492] (94%) ok=6098 fail=2 workers=16
  [concurrency] workers=16 | throughput=0.5 tiles/s | fail_rate=0.0% | → nudge up
  [6110/6492] (94%) ok=6108 fail=2 workers=16
  [6120/6492] (94%) ok=6118 fail=2 workers=16
  [concurrency] workers=16 | throughput=0.5 tiles/s | fail_rate=0.0% | → nudge up
  [6130/6492] (94%) ok=6128 fail=2 workers=16
  [6140/6492] (95%) ok=6138 fail=2 workers=16
  [concurrency] workers=16 | throughput=0.5 tiles/s | fail_rate=0.0% | → nudge up
  [6150/6492] (95%) ok=6148 fail=2 workers=16
  [6160/6492] (95%) ok=6158 fail=2 workers=16
  [concurrency] workers=16 | throughput=0.5 tiles/s | fail_rate=0.0% | → nudge up
  [6170/6492] (95%) ok=6168 fail=2 workers=16
  [6180/6492] (95%) ok=6178 fail=2 workers=16
  [concurrency] workers=16 | throughput=0.5 tiles/s | fail_rate=0.0% | → nudge up
  [6190/6492] (95%) ok=6188 fail=2 workers=16
  [6200/6492] (96%) ok=6198 fail=2 workers=16
  [concurrency] workers=8 | throughput=0.5 tiles/s | fail_rate=0.0% | ↓ decrease (throughput degrading)
  checkpoint saved at 6200 ok tiles
  [6210/6492] (96%) ok=6208 fail=2 workers=8
  [6220/6492] (96%) ok=6218 fail=2 workers=8
  [concurrency] workers=12 | throughput=0.4 tiles/s | fail_rate=0.0% | → nudge up
  [6230/6492] (96%) ok=6228 fail=2 workers=12
  [6240/6492] (96%) ok=6238 fail=2 workers=12
  [concurrency] workers=16 | throughput=0.5 tiles/s | fail_rate=0.0% | → nudge up
  [6250/6492] (96%) ok=6248 fail=2 workers=16
  [6260/6492] (96%) ok=6258 fail=2 workers=16
  [concurrency] workers=8 | throughput=0.5 tiles/s | fail_rate=0.0% | ↓ decrease (throughput degrading)
  [6270/6492] (97%) ok=6268 fail=2 workers=8
  [6280/6492] (97%) ok=6278 fail=2 workers=8
  [concurrency] workers=12 | throughput=0.5 tiles/s | fail_rate=0.0% | → nudge up
  [6290/6492] (97%) ok=6288 fail=2 workers=12
  [6300/6492] (97%) ok=6298 fail=2 workers=12
  [concurrency] workers=16 | throughput=0.5 tiles/s | fail_rate=0.0% | → nudge up
  [6310/6492] (97%) ok=6308 fail=2 workers=16
  [6320/6492] (97%) ok=6318 fail=2 workers=16
  [concurrency] workers=8 | throughput=0.4 tiles/s | fail_rate=0.0% | ↓ decrease (throughput degrading)
  [6330/6492] (98%) ok=6328 fail=2 workers=8
  [6340/6492] (98%) ok=6338 fail=2 workers=8
  [concurrency] workers=12 | throughput=0.5 tiles/s | fail_rate=0.0% | → nudge up
  [6350/6492] (98%) ok=6348 fail=2 workers=12
  [6360/6492] (98%) ok=6358 fail=2 workers=12
  [concurrency] workers=16 | throughput=0.5 tiles/s | fail_rate=0.0% | → nudge up
  [6370/6492] (98%) ok=6368 fail=2 workers=16
  [6380/6492] (98%) ok=6378 fail=2 workers=16
  [concurrency] workers=16 | throughput=0.6 tiles/s | fail_rate=0.0% | → nudge up
  [6390/6492] (98%) ok=6388 fail=2 workers=16
  [6400/6492] (99%) ok=6398 fail=2 workers=16
  [concurrency] workers=8 | throughput=0.5 tiles/s | fail_rate=0.0% | ↓ decrease (throughput degrading)
  checkpoint saved at 6400 ok tiles
  [6410/6492] (99%) ok=6408 fail=2 workers=8
  [6420/6492] (99%) ok=6418 fail=2 workers=8
  [concurrency] workers=12 | throughput=0.5 tiles/s | fail_rate=0.0% | → nudge up
  [6430/6492] (99%) ok=6428 fail=2 workers=12
  [6440/6492] (99%) ok=6438 fail=2 workers=12
  [concurrency] workers=8 | throughput=0.5 tiles/s | fail_rate=0.0% | ↓ decrease (throughput degrading)
  [6450/6492] (99%) ok=6448 fail=2 workers=8
  [6460/6492] (100%) ok=6458 fail=2 workers=8
  [concurrency] workers=12 | throughput=0.5 tiles/s | fail_rate=0.0% | → nudge up
  [6470/6492] (100%) ok=6468 fail=2 workers=12
  [6480/6492] (100%) ok=6478 fail=2 workers=12
  [concurrency] workers=16 | throughput=0.5 tiles/s | fail_rate=0.0% | → nudge up
  [6490/6492] (100%) ok=6488 fail=2 workers=16
  [6492/6492] (100%) ok=6490 fail=2 workers=16

  Concurrency tuning summary:
   workers    tiles/s  fail_rate
         8       0.21       0.0%
        16       0.46       0.0%
        16       0.32       0.0%
         8       0.48       0.0%
        16       0.54       0.0%
        16       0.54       0.0%
        16       0.43       0.0%
         8       0.41       0.0%
        12       0.46       0.0% ← best
        16       0.47       0.0%
        16       0.60       0.0%
        16       0.50       0.0%
         8       0.45       0.0%
         8       0.40       0.0%
        12       0.47       0.0% ← best
        16       0.54       0.0%
        16       0.53       0.0%
        16       0.45       0.0%
         8       0.45       0.0%
        12       0.33       0.0% ← best
         8       0.45       0.0%
        12       0.36       0.0% ← best
         8       0.49       0.0%
        12       0.41       0.0% ← best
         8       0.53       0.0%
        12       0.42       0.0% ← best
         8       0.58       0.0%
        12       0.33       0.0% ← best
         8       0.43       0.0%
        12       0.53       0.0% ← best
        16       0.50       0.0%
        16       0.51       0.0%
        16       0.39       0.0%
         8       0.44       0.0%
        12       0.45       0.0% ← best
        16       0.48       0.0%
        16       0.48       0.0%
        16       0.35       0.0%
         8       0.39       0.0%
        12       0.50       0.0% ← best
        16       0.42       0.0%
         8       0.53       0.0%
        12       0.46       0.0% ← best
         8       0.47       0.0%
        12       0.46       0.0% ← best
        16       0.41       5.0%
         8       0.47       0.0%
        12       0.46       0.0% ← best
        16       0.50       0.0%
        16       0.48       0.0%
        16       0.50       0.0%
        16       0.45       0.0%
        16       0.43       0.0%
        16       0.56       0.0%
        16       0.43       0.0%
         8       0.51       0.0%
        12       0.45       0.0% ← best
         8       0.44       0.0%
        12       0.52       0.0% ← best
        16       0.46       0.0%
         8       0.41       0.0%
         8       0.45       0.0%
        12       0.47       0.0% ← best
        16       0.45       0.0%
        16       0.49       0.0%
        16       0.44       0.0%
         8       0.44       0.0%
        12       0.55       0.0% ← best
        16       0.47       0.0%
         8       0.48       0.0%
        12       0.70       0.0% ← best
        16       0.56       0.0%
         8       0.52       0.0%
        12       0.49       0.0% ← best
        16       0.68       0.0%
        16       0.50       0.0%
         8       0.33       0.0%
         8       0.28       0.0%
         8       0.25       0.0%
        12       0.18       0.0% ← best
         8       0.60       0.0%
        12       0.66       0.0% ← best
        16       0.40       0.0%
         8       0.47       0.0%
        12       0.50       5.0% ← best
        16       0.59       0.0%
        16       0.44       0.0%
         8       0.53       0.0%
        12       0.46       0.0% ← best
         8       0.55       0.0%
        12       0.52       0.0% ← best
        16       0.49       0.0%
        16       0.56       0.0%
        16       0.48       0.0%
         8       0.50       0.0%
        12       0.56       0.0% ← best
        16       0.50       0.0%
         8       0.48       0.0%
        12       0.44       0.0% ← best
        16       0.57       0.0%
        16       0.53       0.0%
        16       0.55       0.0%
        16       0.47       0.0%
         8       0.46       0.0%
        12       0.59       0.0% ← best
        16       0.58       0.0%
        16       0.47       0.0%
         8       0.48       0.0%
        12       0.56       0.0% ← best
        16       0.61       0.0%
        16       0.47       0.0%
         8       0.43       0.0%
         8       0.54       0.0%
        12       0.55       0.0% ← best
        16       0.56       0.0%
        16       0.43       0.0%
         8       0.48       0.0%
        12       0.62       0.0% ← best
        16       0.43       0.0%
         8       0.60       0.0%
        12       0.51       0.0% ← best
         8       0.54       0.0%
        12       0.50       0.0% ← best
        16       0.59       0.0%
        16       0.54       0.0%
        16       0.48       0.0%
         8       0.52       0.0%
        12       0.50       0.0% ← best
        16       0.45       0.0%
         8       0.50       0.0%
        12       0.59       0.0% ← best
        16       0.60       0.0%
        16       0.42       0.0%
         8       0.48       0.0%
        12       0.38       0.0% ← best
         8       0.53       0.0%
        12       0.53       0.0% ← best
        16       0.41       0.0%
         8       0.44       0.0%
        12       0.46       0.0% ← best
        16       0.59       0.0%
        16       0.47       0.0%
         8       0.56       0.0%
        12       0.43       0.0% ← best
         8       0.59       0.0%
        12       0.57       0.0% ← best
        16       0.28       0.0%
         8       0.51       0.0%
        12       0.38       0.0% ← best
         8       0.42       0.0%
        12       0.50       0.0% ← best
        16       0.51       0.0%
        16       0.49       0.0%
        16       0.46       0.0%
        16       0.48       0.0%
        16       0.57       0.0%
        16       0.47       0.0%
         8       0.54       0.0%
        12       0.40       0.0% ← best
         8       0.46       0.0%
        12       0.47       0.0% ← best
        16       0.51       0.0%
        16       0.45       0.0%
         8       0.49       0.0%
        12       0.42       0.0% ← best
         8       0.56       0.0%
        12       0.52       0.0% ← best
        16       0.44       0.0%
         8       0.31       0.0%
         8       0.42       0.0%
        12       0.49       0.0% ← best
        16       0.49       0.0%
        16       0.32       0.0%
         8       0.47       0.0%
        12       0.50       0.0% ← best
        16       0.57       0.0%
        16       0.52       0.0%
        16       0.46       0.0%
         8       0.36       0.0%
         8       0.46       0.0%
        12       0.49       0.0% ← best
        16       0.50       0.0%
        16       0.49       0.0%
        16       0.48       0.0%
        16       0.40       0.0%
         8       0.43       0.0%
        12       0.47       0.0% ← best
        16       0.53       0.0%
        16       0.50       0.0%
        16       0.49       0.0%
        16       0.40       0.0%
         8       0.48       0.0%
        12       0.53       0.0% ← best
        16       0.47       0.0%
        16       0.45       0.0%
        16       0.51       0.0%
        16       0.50       0.0%
        16       0.52       0.0%
        16       0.50       0.0%
        16       0.39       0.0%
         8       0.44       0.0%
        12       0.43       0.0% ← best
        16       0.40       0.0%
        16       0.46       0.0%
        16       0.48       0.0%
        16       0.45       0.0%
        16       0.42       0.0%
        16       0.29       0.0%
         8       0.53       0.0%
        12       0.47       0.0% ← best
         8       0.44       0.0%
        12       0.42       0.0% ← best
        16       0.50       0.0%
        16       0.31       0.0%
         8       0.57       0.0%
        12       0.46       0.0% ← best
         8       0.51       0.0%
        12       0.33       0.0% ← best
         8       0.47       0.0%
        12       0.49       0.0% ← best
        16       0.47       0.0%
        16       0.47       0.0%
        16       0.56       0.0%
        16       0.59       0.0%
        16       0.36       0.0%
         8       0.46       0.0%
        12       0.53       0.0% ← best
        16       0.61       0.0%
        16       0.49       0.0%
         8       0.58       0.0%
        12       0.43       0.0% ← best
         8       0.58       0.0%
        12       0.57       0.0% ← best
        16       0.47       0.0%
         8       0.58       0.0%
        12       0.47       0.0% ← best
         8       0.62       0.0%
        12       0.51       0.0% ← best
         8       0.55       0.0%
        12       0.32       0.0% ← best
         8       0.43       0.0%
        12       0.53       0.0% ← best
        16       0.45       0.0%
         8       0.47       0.0%
        12       0.48       0.0% ← best
        16       0.47       0.0%
        16       0.49       0.0%
        16       0.57       0.0%
        16       0.48       0.0%
         8       0.53       0.0%
        12       0.54       0.0% ← best
        16       0.45       0.0%
         8       0.50       0.0%
        12       0.54       0.0% ← best
        16       0.49       0.0%
         8       0.47       0.0%
        12       0.50       0.0% ← best
        16       0.54       0.0%
        16       0.55       0.0%
        16       0.46       0.0%
         8       0.53       0.0%
        12       0.50       0.0% ← best
        16       0.53       0.0%
        16       0.51       0.0%
        16       0.49       0.0%
        16       0.42       0.0%
         8       0.53       0.0%
        12       0.59       0.0% ← best
        16       0.55       0.0%
        16       0.45       0.0%
         8       0.49       0.0%
        12       0.54       0.0% ← best
        16       0.25       0.0%
         8       0.58       0.0%
        12       0.54       0.0% ← best
        16       0.60       0.0%
        16       0.42       0.0%
         8       0.56       0.0%
        12       0.61       0.0% ← best
        16       0.54       0.0%
         8       0.43       0.0%
         8       0.58       0.0%
        12       0.49       0.0% ← best
         8       0.53       0.0%
        12       0.58       0.0% ← best
        16       0.55       0.0%
        16       0.50       0.0%
        16       0.46       0.0%
        16       0.53       0.0%
        16       0.48       0.0%
        16       0.52       0.0%
        16       0.53       0.0%
        16       0.52       0.0%
        16       0.45       0.0%
         8       0.58       0.0%
        12       0.42       0.0% ← best
         8       0.46       0.0%
        12       0.44       0.0% ← best
        16       0.57       0.0%
        16       0.39       0.0%
         8       0.55       0.0%
        12       0.49       0.0% ← best
         8       0.54       0.0%
        12       0.49       0.0% ← best
        16       0.47       0.0%
        16       0.50       0.0%
        16       0.52       0.0%
        16       0.50       0.0%
        16       0.52       0.0%
        16       0.46       0.0%
         8       0.42       0.0%
        12       0.52       0.0% ← best
        16       0.46       0.0%
         8       0.51       0.0%
        12       0.51       0.0% ← best
        16       0.38       0.0%
         8       0.50       0.0%
        12       0.48       0.0% ← best
        16       0.58       0.0%
        16       0.50       0.0%
         8       0.52       0.0%
        12       0.45       0.0% ← best
         8       0.51       0.0%
        12       0.53       0.0% ← best
  Best: 12 workers @ 0.70 tiles/s
  Checkpoint preserved (some assets failed).

  STAC fetch complete: 6490 ok / 2 failed
        fetched ok=6490 fail=2
  [2/4] QC (min_valid_ratio=0.8) ...
  QC [1000/6492] passed=996
  QC [2000/6492] passed=1990
  QC [3000/6492] passed=2980
  QC [4000/6492] passed=3976
  QC [5000/6492] passed=4964
  QC [6000/6492] passed=5941
  QC [6492/6492] passed=6420
QC complete: 6420 passed, 72 failed (6492 total)
        QC passed 6420 / 6492
  [3/4] triage ...
  Triage [1000/6420] high=1000 low=0 contradiction=0
  Triage [2000/6420] high=2000 low=0 contradiction=0
  Triage [3000/6420] high=3000 low=0 contradiction=0
  Triage [4000/6420] high=4000 low=0 contradiction=0
  Triage [5000/6420] high=5000 low=0 contradiction=0
  Triage [6000/6420] high=6000 low=0 contradiction=0
  Triage [6420/6420] high=6420 low=0 contradiction=0
Triage complete: 6420 high / 0 low / 0 contradiction (6420 total)
        accepted 6420
  [4/4] assemble -> C:\Users\j.guthrie\Downloads\RESEARCH\infra_fm\data\curated_datasets\dataset_australia-oceania_energy_v1
C:\Users\j.guthrie\Downloads\RESEARCH\infra_fm\fetch_v1_overnight.py:221: DeprecationWarning: datetime.datetime.utcnow() is deprecated and scheduled for removal in a future version. Use timezone-aware objects to represent datetimes in UTC: datetime.datetime.now(datetime.UTC).
  "completed_at"   : datetime.utcnow().isoformat() + "Z",
  [1000/6420] saved=1000 failed=0
  [2000/6420] saved=2000 failed=0
  [3000/6420] saved=3000 failed=0
  [4000/6420] saved=4000 failed=0
  [5000/6420] saved=5000 failed=0
  [6000/6420] saved=6000 failed=0
  [6420/6420] saved=6420 failed=0

Dataset assembled: 6420 tiles saved, 0 failed
  Images:   C:\Users\j.guthrie\Downloads\RESEARCH\infra_fm\data\curated_datasets\dataset_australia-oceania_energy_v1\images
  Manifest: C:\Users\j.guthrie\Downloads\RESEARCH\infra_fm\data\curated_datasets\dataset_australia-oceania_energy_v1\manifest.json
  Summary:  C:\Users\j.guthrie\Downloads\RESEARCH\infra_fm\data\curated_datasets\dataset_australia-oceania_energy_v1\summary.csv

Tiles by asset type:
asset_type
energy.distribution.substation_untyped    2842
energy.distribution.substation            1384
energy.distribution.substation_minor       652
energy.transmission.substation             646
energy.generation.power_plant              461
energy.generation.solar_farm               423
energy.generation.wind_farm                 12

Tiles by source/modality:
source
stac_sentinel2_ms+sentinel1    6420

Temporal tiles: 0 / 6420
  [done] australia-oceania/energy in 13818s — 6420 tiles assembled

>>> [8/28] australia-oceania/water (n=10,000)

========================================================================
CELL  australia-oceania/water   (2026-06-02 17:27:03)
========================================================================
  loaded 10,000 assets from australia-oceania_water_v1_sample.parquet
  [1/4] STAC fetch ...
STACImageryFetcher: modalities=['sentinel2_ms', 'sentinel1'], n_bands=9, temporal_stack=False, buffer_m=300, workers=8 (adaptive)
  STAC fetch: 10000 assets pending (0 already checkpointed)
  [10/10000] (0%) ok=10 fail=0 workers=8
  [20/10000] (0%) ok=20 fail=0 workers=8
  [concurrency] workers=16 | throughput=0.2 tiles/s | fail_rate=0.0% | ↑ increase (throughput improving)
  [30/10000] (0%) ok=30 fail=0 workers=16
  [40/10000] (0%) ok=40 fail=0 workers=16
  [concurrency] workers=16 | throughput=0.5 tiles/s | fail_rate=0.0% | ↑ increase (throughput improving)
  [50/10000] (0%) ok=50 fail=0 workers=16
  [60/10000] (1%) ok=60 fail=0 workers=16
  [concurrency] workers=8 | throughput=0.3 tiles/s | fail_rate=0.0% | ↓ decrease (throughput degrading)
  [70/10000] (1%) ok=70 fail=0 workers=8
C:\Users\j.guthrie\Downloads\RESEARCH\infra_fm\curation\stac_imagery.py:240: RuntimeWarning: invalid value encountered in log10
  arr = np.where(arr > 0, 10 * np.log10(arr + 1e-10), vmin)
  [80/10000] (1%) ok=80 fail=0 workers=8
  [concurrency] workers=16 | throughput=0.6 tiles/s | fail_rate=0.0% | ↑ increase (throughput improving)
  [90/10000] (1%) ok=90 fail=0 workers=16
  [100/10000] (1%) ok=100 fail=0 workers=16
  [concurrency] workers=16 | throughput=0.5 tiles/s | fail_rate=0.0% | → nudge up
  [110/10000] (1%) ok=110 fail=0 workers=16
  [120/10000] (1%) ok=120 fail=0 workers=16
  [concurrency] workers=16 | throughput=0.5 tiles/s | fail_rate=0.0% | → nudge up
  [130/10000] (1%) ok=130 fail=0 workers=16
  [140/10000] (1%) ok=140 fail=0 workers=16
  [concurrency] workers=8 | throughput=0.5 tiles/s | fail_rate=0.0% | ↓ decrease (throughput degrading)
  [150/10000] (2%) ok=150 fail=0 workers=8
  [160/10000] (2%) ok=160 fail=0 workers=8
  [concurrency] workers=12 | throughput=0.5 tiles/s | fail_rate=0.0% | → nudge up
  [170/10000] (2%) ok=170 fail=0 workers=12
  [180/10000] (2%) ok=180 fail=0 workers=12
  [concurrency] workers=16 | throughput=0.5 tiles/s | fail_rate=0.0% | → nudge up
  [190/10000] (2%) ok=190 fail=0 workers=16
  [200/10000] (2%) ok=200 fail=0 workers=16
  [concurrency] workers=16 | throughput=0.5 tiles/s | fail_rate=0.0% | → nudge up
  checkpoint saved at 200 ok tiles
  [210/10000] (2%) ok=210 fail=0 workers=16
  [220/10000] (2%) ok=220 fail=0 workers=16
  [concurrency] workers=16 | throughput=0.5 tiles/s | fail_rate=0.0% | → nudge up
  [230/10000] (2%) ok=230 fail=0 workers=16
  [240/10000] (2%) ok=240 fail=0 workers=16
  [concurrency] workers=8 | throughput=0.2 tiles/s | fail_rate=0.0% | ↓ decrease (throughput degrading)
  [250/10000] (2%) ok=250 fail=0 workers=8
  [260/10000] (3%) ok=259 fail=1 workers=8
  [concurrency] workers=12 | throughput=0.5 tiles/s | fail_rate=5.0% | → nudge up
  [270/10000] (3%) ok=269 fail=1 workers=12
  [280/10000] (3%) ok=279 fail=1 workers=12
  [concurrency] workers=16 | throughput=0.6 tiles/s | fail_rate=0.0% | → nudge up
  [290/10000] (3%) ok=289 fail=1 workers=16
  [300/10000] (3%) ok=299 fail=1 workers=16
  [concurrency] workers=16 | throughput=0.6 tiles/s | fail_rate=0.0% | ↑ increase (throughput improving)
  [310/10000] (3%) ok=309 fail=1 workers=16
  [320/10000] (3%) ok=319 fail=1 workers=16
  [concurrency] workers=8 | throughput=0.5 tiles/s | fail_rate=0.0% | ↓ decrease (throughput degrading)
  [330/10000] (3%) ok=329 fail=1 workers=8
  [340/10000] (3%) ok=339 fail=1 workers=8
  [concurrency] workers=12 | throughput=0.5 tiles/s | fail_rate=0.0% | → nudge up
  [350/10000] (4%) ok=349 fail=1 workers=12
  [360/10000] (4%) ok=359 fail=1 workers=12
  [concurrency] workers=8 | throughput=0.5 tiles/s | fail_rate=0.0% | ↓ decrease (throughput degrading)
  [370/10000] (4%) ok=369 fail=1 workers=8
  [380/10000] (4%) ok=379 fail=1 workers=8
  [concurrency] workers=12 | throughput=0.5 tiles/s | fail_rate=0.0% | → nudge up
  [390/10000] (4%) ok=389 fail=1 workers=12
  [400/10000] (4%) ok=399 fail=1 workers=12
  [concurrency] workers=16 | throughput=0.5 tiles/s | fail_rate=0.0% | → nudge up
  checkpoint saved at 400 ok tiles
  [410/10000] (4%) ok=409 fail=1 workers=16
  [420/10000] (4%) ok=419 fail=1 workers=16
  [concurrency] workers=16 | throughput=0.5 tiles/s | fail_rate=0.0% | → nudge up
  [430/10000] (4%) ok=429 fail=1 workers=16
  [440/10000] (4%) ok=439 fail=1 workers=16
  [concurrency] workers=16 | throughput=0.5 tiles/s | fail_rate=0.0% | → nudge up
  [450/10000] (4%) ok=449 fail=1 workers=16
  [460/10000] (5%) ok=459 fail=1 workers=16
  [concurrency] workers=8 | throughput=0.5 tiles/s | fail_rate=0.0% | ↓ decrease (throughput degrading)
  [470/10000] (5%) ok=469 fail=1 workers=8
  [480/10000] (5%) ok=479 fail=1 workers=8
  [concurrency] workers=12 | throughput=0.6 tiles/s | fail_rate=0.0% | → nudge up
  [490/10000] (5%) ok=489 fail=1 workers=12
  [500/10000] (5%) ok=499 fail=1 workers=12
  [concurrency] workers=8 | throughput=0.5 tiles/s | fail_rate=0.0% | ↓ decrease (throughput degrading)
  [510/10000] (5%) ok=509 fail=1 workers=8
  [520/10000] (5%) ok=519 fail=1 workers=8
  [concurrency] workers=12 | throughput=0.5 tiles/s | fail_rate=0.0% | → nudge up
  [530/10000] (5%) ok=529 fail=1 workers=12
  [540/10000] (5%) ok=539 fail=1 workers=12
  [concurrency] workers=8 | throughput=0.4 tiles/s | fail_rate=0.0% | ↓ decrease (throughput degrading)
  [550/10000] (6%) ok=549 fail=1 workers=8
  [560/10000] (6%) ok=559 fail=1 workers=8
  [concurrency] workers=12 | throughput=0.6 tiles/s | fail_rate=0.0% | → nudge up
  [570/10000] (6%) ok=569 fail=1 workers=12
  [580/10000] (6%) ok=579 fail=1 workers=12
  [concurrency] workers=8 | throughput=0.5 tiles/s | fail_rate=0.0% | ↓ decrease (throughput degrading)
  [590/10000] (6%) ok=589 fail=1 workers=8
  [600/10000] (6%) ok=599 fail=1 workers=8
  [concurrency] workers=12 | throughput=0.5 tiles/s | fail_rate=0.0% | → nudge up
  checkpoint saved at 600 ok tiles
  [610/10000] (6%) ok=609 fail=1 workers=12
  [620/10000] (6%) ok=619 fail=1 workers=12
  [concurrency] workers=16 | throughput=0.5 tiles/s | fail_rate=0.0% | → nudge up
  [630/10000] (6%) ok=629 fail=1 workers=16
  [640/10000] (6%) ok=639 fail=1 workers=16
  [concurrency] workers=16 | throughput=0.5 tiles/s | fail_rate=0.0% | → nudge up
  [650/10000] (6%) ok=649 fail=1 workers=16
  [660/10000] (7%) ok=659 fail=1 workers=16
  [concurrency] workers=16 | throughput=0.5 tiles/s | fail_rate=0.0% | → nudge up
  [670/10000] (7%) ok=669 fail=1 workers=16
  [680/10000] (7%) ok=679 fail=1 workers=16
  [concurrency] workers=16 | throughput=0.5 tiles/s | fail_rate=0.0% | → nudge up
  [690/10000] (7%) ok=689 fail=1 workers=16
  [700/10000] (7%) ok=699 fail=1 workers=16
  [concurrency] workers=8 | throughput=0.5 tiles/s | fail_rate=0.0% | ↓ decrease (throughput degrading)
  [710/10000] (7%) ok=709 fail=1 workers=8
  [720/10000] (7%) ok=719 fail=1 workers=8
  [concurrency] workers=12 | throughput=0.4 tiles/s | fail_rate=0.0% | → nudge up
  [730/10000] (7%) ok=729 fail=1 workers=12
  [740/10000] (7%) ok=739 fail=1 workers=12
  [concurrency] workers=16 | throughput=0.5 tiles/s | fail_rate=0.0% | → nudge up
  [750/10000] (8%) ok=749 fail=1 workers=16
  [760/10000] (8%) ok=759 fail=1 workers=16
  [concurrency] workers=16 | throughput=0.5 tiles/s | fail_rate=0.0% | → nudge up
  [770/10000] (8%) ok=769 fail=1 workers=16
  [780/10000] (8%) ok=779 fail=1 workers=16
  [concurrency] workers=8 | throughput=0.5 tiles/s | fail_rate=0.0% | ↓ decrease (throughput degrading)
  [790/10000] (8%) ok=789 fail=1 workers=8
  [800/10000] (8%) ok=799 fail=1 workers=8
  [concurrency] workers=12 | throughput=0.5 tiles/s | fail_rate=0.0% | → nudge up
  checkpoint saved at 800 ok tiles
  [810/10000] (8%) ok=809 fail=1 workers=12
  [820/10000] (8%) ok=819 fail=1 workers=12
  [concurrency] workers=8 | throughput=0.4 tiles/s | fail_rate=0.0% | ↓ decrease (throughput degrading)
  [830/10000] (8%) ok=829 fail=1 workers=8
  [840/10000] (8%) ok=839 fail=1 workers=8
  [concurrency] workers=12 | throughput=0.6 tiles/s | fail_rate=0.0% | → nudge up
  [850/10000] (8%) ok=849 fail=1 workers=12
  [860/10000] (9%) ok=859 fail=1 workers=12
  [concurrency] workers=8 | throughput=0.5 tiles/s | fail_rate=0.0% | ↓ decrease (throughput degrading)
  [870/10000] (9%) ok=869 fail=1 workers=8
  [880/10000] (9%) ok=879 fail=1 workers=8
  [concurrency] workers=12 | throughput=0.6 tiles/s | fail_rate=0.0% | → nudge up
  [890/10000] (9%) ok=889 fail=1 workers=12
  [900/10000] (9%) ok=899 fail=1 workers=12
  [concurrency] workers=8 | throughput=0.5 tiles/s | fail_rate=0.0% | ↓ decrease (throughput degrading)
  [910/10000] (9%) ok=909 fail=1 workers=8
  [920/10000] (9%) ok=919 fail=1 workers=8
  [concurrency] workers=12 | throughput=0.4 tiles/s | fail_rate=0.0% | → nudge up
  [930/10000] (9%) ok=929 fail=1 workers=12
  [940/10000] (9%) ok=939 fail=1 workers=12
  [concurrency] workers=16 | throughput=0.5 tiles/s | fail_rate=0.0% | → nudge up
  [950/10000] (10%) ok=949 fail=1 workers=16
  [960/10000] (10%) ok=959 fail=1 workers=16
  [concurrency] workers=16 | throughput=0.5 tiles/s | fail_rate=0.0% | → nudge up
  [970/10000] (10%) ok=969 fail=1 workers=16
  [980/10000] (10%) ok=979 fail=1 workers=16
  [concurrency] workers=16 | throughput=0.5 tiles/s | fail_rate=0.0% | → nudge up
  [990/10000] (10%) ok=989 fail=1 workers=16
  [1000/10000] (10%) ok=999 fail=1 workers=16
  [concurrency] workers=16 | throughput=0.5 tiles/s | fail_rate=0.0% | → nudge up
  checkpoint saved at 1000 ok tiles
  [1010/10000] (10%) ok=1009 fail=1 workers=16
  [1020/10000] (10%) ok=1019 fail=1 workers=16
  [concurrency] workers=16 | throughput=0.5 tiles/s | fail_rate=0.0% | → nudge up
  [1030/10000] (10%) ok=1029 fail=1 workers=16
  [1040/10000] (10%) ok=1039 fail=1 workers=16
  [concurrency] workers=16 | throughput=0.5 tiles/s | fail_rate=0.0% | → nudge up
  [1050/10000] (10%) ok=1049 fail=1 workers=16
  [1060/10000] (11%) ok=1059 fail=1 workers=16
  [concurrency] workers=16 | throughput=0.5 tiles/s | fail_rate=0.0% | → nudge up
  [1070/10000] (11%) ok=1069 fail=1 workers=16
  [1080/10000] (11%) ok=1079 fail=1 workers=16
  [concurrency] workers=16 | throughput=0.6 tiles/s | fail_rate=0.0% | → nudge up
  [1090/10000] (11%) ok=1089 fail=1 workers=16
  [1100/10000] (11%) ok=1099 fail=1 workers=16
  [concurrency] workers=16 | throughput=0.5 tiles/s | fail_rate=0.0% | → nudge up
  [1110/10000] (11%) ok=1109 fail=1 workers=16
  [1120/10000] (11%) ok=1119 fail=1 workers=16
  [concurrency] workers=8 | throughput=0.5 tiles/s | fail_rate=0.0% | ↓ decrease (throughput degrading)
  [1130/10000] (11%) ok=1129 fail=1 workers=8
  [1140/10000] (11%) ok=1139 fail=1 workers=8
  [concurrency] workers=12 | throughput=0.5 tiles/s | fail_rate=0.0% | → nudge up
  [1150/10000] (12%) ok=1149 fail=1 workers=12
  [1160/10000] (12%) ok=1159 fail=1 workers=12
  [concurrency] workers=16 | throughput=0.5 tiles/s | fail_rate=0.0% | → nudge up
  [1170/10000] (12%) ok=1169 fail=1 workers=16
  [1180/10000] (12%) ok=1179 fail=1 workers=16
  [concurrency] workers=16 | throughput=0.6 tiles/s | fail_rate=0.0% | → nudge up
  [1190/10000] (12%) ok=1189 fail=1 workers=16
  [1200/10000] (12%) ok=1199 fail=1 workers=16
  [concurrency] workers=8 | throughput=0.4 tiles/s | fail_rate=0.0% | ↓ decrease (throughput degrading)
  checkpoint saved at 1200 ok tiles
  [1210/10000] (12%) ok=1209 fail=1 workers=8
  [1220/10000] (12%) ok=1219 fail=1 workers=8
  [concurrency] workers=12 | throughput=0.5 tiles/s | fail_rate=0.0% | → nudge up
  [1230/10000] (12%) ok=1229 fail=1 workers=12
  [1240/10000] (12%) ok=1239 fail=1 workers=12
  [concurrency] workers=16 | throughput=0.5 tiles/s | fail_rate=0.0% | → nudge up
  [1250/10000] (12%) ok=1249 fail=1 workers=16
  [1260/10000] (13%) ok=1259 fail=1 workers=16
  [concurrency] workers=16 | throughput=0.5 tiles/s | fail_rate=0.0% | → nudge up
  [1270/10000] (13%) ok=1269 fail=1 workers=16
  [1280/10000] (13%) ok=1279 fail=1 workers=16
  [concurrency] workers=16 | throughput=0.5 tiles/s | fail_rate=0.0% | → nudge up
  [1290/10000] (13%) ok=1289 fail=1 workers=16
  [1300/10000] (13%) ok=1299 fail=1 workers=16
  [concurrency] workers=8 | throughput=0.4 tiles/s | fail_rate=0.0% | ↓ decrease (throughput degrading)
  [1310/10000] (13%) ok=1309 fail=1 workers=8
  [1320/10000] (13%) ok=1319 fail=1 workers=8
  [concurrency] workers=12 | throughput=0.5 tiles/s | fail_rate=0.0% | → nudge up
  [1330/10000] (13%) ok=1329 fail=1 workers=12
  [1340/10000] (13%) ok=1339 fail=1 workers=12
  [concurrency] workers=16 | throughput=0.6 tiles/s | fail_rate=0.0% | → nudge up
  [1350/10000] (14%) ok=1349 fail=1 workers=16
  [1360/10000] (14%) ok=1359 fail=1 workers=16
  [concurrency] workers=8 | throughput=0.5 tiles/s | fail_rate=0.0% | ↓ decrease (throughput degrading)
  [1370/10000] (14%) ok=1369 fail=1 workers=8
  [1380/10000] (14%) ok=1379 fail=1 workers=8
  [concurrency] workers=12 | throughput=0.4 tiles/s | fail_rate=0.0% | → nudge up
  [1390/10000] (14%) ok=1389 fail=1 workers=12
  [1400/10000] (14%) ok=1399 fail=1 workers=12
  [concurrency] workers=16 | throughput=0.5 tiles/s | fail_rate=0.0% | → nudge up
  checkpoint saved at 1400 ok tiles
  [1410/10000] (14%) ok=1409 fail=1 workers=16
  [1420/10000] (14%) ok=1419 fail=1 workers=16
  [concurrency] workers=16 | throughput=0.5 tiles/s | fail_rate=0.0% | → nudge up
  [1430/10000] (14%) ok=1429 fail=1 workers=16
  [1440/10000] (14%) ok=1439 fail=1 workers=16
  [concurrency] workers=16 | throughput=0.5 tiles/s | fail_rate=0.0% | → nudge up
  [1450/10000] (14%) ok=1449 fail=1 workers=16
  [1460/10000] (15%) ok=1459 fail=1 workers=16
  [concurrency] workers=16 | throughput=0.5 tiles/s | fail_rate=0.0% | → nudge up
  [1470/10000] (15%) ok=1469 fail=1 workers=16
  [1480/10000] (15%) ok=1479 fail=1 workers=16
  [concurrency] workers=8 | throughput=0.4 tiles/s | fail_rate=0.0% | ↓ decrease (throughput degrading)
  [1490/10000] (15%) ok=1489 fail=1 workers=8
  [1500/10000] (15%) ok=1499 fail=1 workers=8
  [concurrency] workers=12 | throughput=0.5 tiles/s | fail_rate=0.0% | → nudge up
  [1510/10000] (15%) ok=1509 fail=1 workers=12
  [1520/10000] (15%) ok=1519 fail=1 workers=12
  [concurrency] workers=8 | throughput=0.4 tiles/s | fail_rate=0.0% | ↓ decrease (throughput degrading)
  [1530/10000] (15%) ok=1529 fail=1 workers=8
  [1540/10000] (15%) ok=1539 fail=1 workers=8
  [concurrency] workers=8 | throughput=0.3 tiles/s | fail_rate=0.0% | ↓ decrease (throughput degrading)
  [1550/10000] (16%) ok=1549 fail=1 workers=8
  [1560/10000] (16%) ok=1559 fail=1 workers=8
  [concurrency] workers=12 | throughput=0.6 tiles/s | fail_rate=0.0% | → nudge up
  [1570/10000] (16%) ok=1569 fail=1 workers=12
  [1580/10000] (16%) ok=1579 fail=1 workers=12
  [concurrency] workers=8 | throughput=0.5 tiles/s | fail_rate=0.0% | ↓ decrease (throughput degrading)
  [1590/10000] (16%) ok=1589 fail=1 workers=8
  [1600/10000] (16%) ok=1599 fail=1 workers=8
  [concurrency] workers=12 | throughput=0.5 tiles/s | fail_rate=0.0% | → nudge up
  checkpoint saved at 1600 ok tiles
  [1610/10000] (16%) ok=1609 fail=1 workers=12
  [1620/10000] (16%) ok=1619 fail=1 workers=12
  [concurrency] workers=16 | throughput=0.5 tiles/s | fail_rate=0.0% | → nudge up
  [1630/10000] (16%) ok=1629 fail=1 workers=16
  [1640/10000] (16%) ok=1639 fail=1 workers=16
  [concurrency] workers=16 | throughput=0.5 tiles/s | fail_rate=0.0% | → nudge up
  [1650/10000] (16%) ok=1649 fail=1 workers=16
  [1660/10000] (17%) ok=1659 fail=1 workers=16
  [concurrency] workers=16 | throughput=0.6 tiles/s | fail_rate=0.0% | → nudge up
  [1670/10000] (17%) ok=1669 fail=1 workers=16
  [1680/10000] (17%) ok=1679 fail=1 workers=16
  [concurrency] workers=8 | throughput=0.5 tiles/s | fail_rate=0.0% | ↓ decrease (throughput degrading)
  [1690/10000] (17%) ok=1689 fail=1 workers=8
  [1700/10000] (17%) ok=1699 fail=1 workers=8
  [concurrency] workers=12 | throughput=0.5 tiles/s | fail_rate=0.0% | → nudge up
  [1710/10000] (17%) ok=1709 fail=1 workers=12
  [1720/10000] (17%) ok=1719 fail=1 workers=12
  [concurrency] workers=16 | throughput=0.5 tiles/s | fail_rate=0.0% | → nudge up
  [1730/10000] (17%) ok=1729 fail=1 workers=16
  [1740/10000] (17%) ok=1739 fail=1 workers=16
  [concurrency] workers=16 | throughput=0.5 tiles/s | fail_rate=0.0% | → nudge up
  [1750/10000] (18%) ok=1749 fail=1 workers=16
  [1760/10000] (18%) ok=1759 fail=1 workers=16
  [concurrency] workers=16 | throughput=0.6 tiles/s | fail_rate=0.0% | → nudge up
  [1770/10000] (18%) ok=1769 fail=1 workers=16
  [1780/10000] (18%) ok=1779 fail=1 workers=16
  [concurrency] workers=16 | throughput=0.6 tiles/s | fail_rate=0.0% | → nudge up
  [1790/10000] (18%) ok=1789 fail=1 workers=16
  [1800/10000] (18%) ok=1799 fail=1 workers=16
  [concurrency] workers=16 | throughput=0.6 tiles/s | fail_rate=0.0% | → nudge up
  checkpoint saved at 1800 ok tiles
  [1810/10000] (18%) ok=1809 fail=1 workers=16
  [1820/10000] (18%) ok=1819 fail=1 workers=16
  [concurrency] workers=8 | throughput=0.4 tiles/s | fail_rate=0.0% | ↓ decrease (throughput degrading)
  [1830/10000] (18%) ok=1829 fail=1 workers=8
  [1840/10000] (18%) ok=1839 fail=1 workers=8
  [concurrency] workers=12 | throughput=0.5 tiles/s | fail_rate=0.0% | → nudge up
  [1850/10000] (18%) ok=1849 fail=1 workers=12
  [1860/10000] (19%) ok=1859 fail=1 workers=12
  [concurrency] workers=16 | throughput=0.5 tiles/s | fail_rate=0.0% | → nudge up
  [1870/10000] (19%) ok=1869 fail=1 workers=16
  [1880/10000] (19%) ok=1879 fail=1 workers=16
  [concurrency] workers=16 | throughput=0.5 tiles/s | fail_rate=0.0% | → nudge up
  [1890/10000] (19%) ok=1889 fail=1 workers=16
  [1900/10000] (19%) ok=1899 fail=1 workers=16
  [concurrency] workers=16 | throughput=0.5 tiles/s | fail_rate=0.0% | → nudge up
  [1910/10000] (19%) ok=1909 fail=1 workers=16
  [1920/10000] (19%) ok=1919 fail=1 workers=16
  [concurrency] workers=16 | throughput=0.5 tiles/s | fail_rate=0.0% | → nudge up
  [1930/10000] (19%) ok=1929 fail=1 workers=16
  [1940/10000] (19%) ok=1939 fail=1 workers=16
  [concurrency] workers=16 | throughput=0.5 tiles/s | fail_rate=0.0% | → nudge up
  [1950/10000] (20%) ok=1949 fail=1 workers=16
  [1960/10000] (20%) ok=1959 fail=1 workers=16
  [concurrency] workers=8 | throughput=0.4 tiles/s | fail_rate=0.0% | ↓ decrease (throughput degrading)
  [1970/10000] (20%) ok=1969 fail=1 workers=8
  [1980/10000] (20%) ok=1979 fail=1 workers=8
  [concurrency] workers=12 | throughput=0.5 tiles/s | fail_rate=0.0% | → nudge up
  [1990/10000] (20%) ok=1989 fail=1 workers=12
  [2000/10000] (20%) ok=1999 fail=1 workers=12
  [concurrency] workers=16 | throughput=0.5 tiles/s | fail_rate=0.0% | → nudge up
  checkpoint saved at 2000 ok tiles
  [2010/10000] (20%) ok=2009 fail=1 workers=16
  [2020/10000] (20%) ok=2019 fail=1 workers=16
  [concurrency] workers=16 | throughput=0.5 tiles/s | fail_rate=0.0% | → nudge up
  [2030/10000] (20%) ok=2029 fail=1 workers=16
  [2040/10000] (20%) ok=2039 fail=1 workers=16
  [concurrency] workers=16 | throughput=0.5 tiles/s | fail_rate=0.0% | → nudge up
  [2050/10000] (20%) ok=2049 fail=1 workers=16
  [2060/10000] (21%) ok=2059 fail=1 workers=16
  [concurrency] workers=8 | throughput=0.4 tiles/s | fail_rate=0.0% | ↓ decrease (throughput degrading)
  [2070/10000] (21%) ok=2069 fail=1 workers=8
  [2080/10000] (21%) ok=2079 fail=1 workers=8
  [concurrency] workers=12 | throughput=0.5 tiles/s | fail_rate=0.0% | → nudge up
  [2090/10000] (21%) ok=2089 fail=1 workers=12
  [2100/10000] (21%) ok=2099 fail=1 workers=12
  [concurrency] workers=16 | throughput=0.5 tiles/s | fail_rate=0.0% | → nudge up
  [2110/10000] (21%) ok=2109 fail=1 workers=16
  [2120/10000] (21%) ok=2119 fail=1 workers=16
  [concurrency] workers=16 | throughput=0.5 tiles/s | fail_rate=0.0% | → nudge up
  [2130/10000] (21%) ok=2129 fail=1 workers=16
  [2140/10000] (21%) ok=2139 fail=1 workers=16
  [concurrency] workers=16 | throughput=0.5 tiles/s | fail_rate=0.0% | → nudge up
  [2150/10000] (22%) ok=2149 fail=1 workers=16
  [2160/10000] (22%) ok=2159 fail=1 workers=16
  [concurrency] workers=16 | throughput=0.5 tiles/s | fail_rate=0.0% | → nudge up
  [2170/10000] (22%) ok=2169 fail=1 workers=16
  [2180/10000] (22%) ok=2179 fail=1 workers=16
  [concurrency] workers=8 | throughput=0.4 tiles/s | fail_rate=0.0% | ↓ decrease (throughput degrading)
  [2190/10000] (22%) ok=2189 fail=1 workers=8
  [2200/10000] (22%) ok=2199 fail=1 workers=8
  [concurrency] workers=12 | throughput=0.5 tiles/s | fail_rate=0.0% | → nudge up
  checkpoint saved at 2200 ok tiles
  [2210/10000] (22%) ok=2209 fail=1 workers=12
  [2220/10000] (22%) ok=2219 fail=1 workers=12
  [concurrency] workers=16 | throughput=0.6 tiles/s | fail_rate=0.0% | → nudge up
  [2230/10000] (22%) ok=2229 fail=1 workers=16
  [2240/10000] (22%) ok=2239 fail=1 workers=16
  [concurrency] workers=16 | throughput=0.6 tiles/s | fail_rate=0.0% | → nudge up
  [2250/10000] (22%) ok=2249 fail=1 workers=16
  [2260/10000] (23%) ok=2259 fail=1 workers=16
  [concurrency] workers=8 | throughput=0.5 tiles/s | fail_rate=0.0% | ↓ decrease (throughput degrading)
  [2270/10000] (23%) ok=2269 fail=1 workers=8
  [2280/10000] (23%) ok=2279 fail=1 workers=8
  [concurrency] workers=12 | throughput=0.5 tiles/s | fail_rate=0.0% | → nudge up
  [2290/10000] (23%) ok=2289 fail=1 workers=12
  [2300/10000] (23%) ok=2299 fail=1 workers=12
  [concurrency] workers=16 | throughput=0.5 tiles/s | fail_rate=0.0% | → nudge up
  [2310/10000] (23%) ok=2309 fail=1 workers=16
  [2320/10000] (23%) ok=2319 fail=1 workers=16
  [concurrency] workers=16 | throughput=0.6 tiles/s | fail_rate=0.0% | → nudge up
  [2330/10000] (23%) ok=2329 fail=1 workers=16
  [2340/10000] (23%) ok=2339 fail=1 workers=16
  [concurrency] workers=8 | throughput=0.5 tiles/s | fail_rate=0.0% | ↓ decrease (throughput degrading)
  [2350/10000] (24%) ok=2349 fail=1 workers=8
  [2360/10000] (24%) ok=2359 fail=1 workers=8
  [concurrency] workers=12 | throughput=0.5 tiles/s | fail_rate=0.0% | → nudge up
  [2370/10000] (24%) ok=2369 fail=1 workers=12
  [2380/10000] (24%) ok=2379 fail=1 workers=12
  [concurrency] workers=16 | throughput=0.5 tiles/s | fail_rate=0.0% | → nudge up
  [2390/10000] (24%) ok=2389 fail=1 workers=16
  [2400/10000] (24%) ok=2399 fail=1 workers=16
  [concurrency] workers=16 | throughput=0.5 tiles/s | fail_rate=0.0% | → nudge up
  checkpoint saved at 2400 ok tiles
  [2410/10000] (24%) ok=2409 fail=1 workers=16
  [2420/10000] (24%) ok=2419 fail=1 workers=16
  [concurrency] workers=16 | throughput=0.5 tiles/s | fail_rate=0.0% | → nudge up
  [2430/10000] (24%) ok=2429 fail=1 workers=16
  [2440/10000] (24%) ok=2439 fail=1 workers=16
  [concurrency] workers=16 | throughput=0.5 tiles/s | fail_rate=0.0% | → nudge up
  [2450/10000] (24%) ok=2449 fail=1 workers=16
  [2460/10000] (25%) ok=2459 fail=1 workers=16
  [concurrency] workers=16 | throughput=0.5 tiles/s | fail_rate=0.0% | → nudge up
  [2470/10000] (25%) ok=2469 fail=1 workers=16
  [2480/10000] (25%) ok=2479 fail=1 workers=16
  [concurrency] workers=16 | throughput=0.5 tiles/s | fail_rate=0.0% | → nudge up
  [2490/10000] (25%) ok=2489 fail=1 workers=16
  [2500/10000] (25%) ok=2499 fail=1 workers=16
  [concurrency] workers=8 | throughput=0.5 tiles/s | fail_rate=0.0% | ↓ decrease (throughput degrading)
  [2510/10000] (25%) ok=2509 fail=1 workers=8
  [2520/10000] (25%) ok=2519 fail=1 workers=8
  [concurrency] workers=12 | throughput=0.5 tiles/s | fail_rate=0.0% | → nudge up
  [2530/10000] (25%) ok=2529 fail=1 workers=12
  [2540/10000] (25%) ok=2539 fail=1 workers=12
  [concurrency] workers=16 | throughput=0.5 tiles/s | fail_rate=0.0% | → nudge up
  [2550/10000] (26%) ok=2549 fail=1 workers=16
  [2560/10000] (26%) ok=2559 fail=1 workers=16
  [concurrency] workers=8 | throughput=0.5 tiles/s | fail_rate=0.0% | ↓ decrease (throughput degrading)
  [2570/10000] (26%) ok=2569 fail=1 workers=8
  [2580/10000] (26%) ok=2579 fail=1 workers=8
  [concurrency] workers=12 | throughput=0.4 tiles/s | fail_rate=0.0% | → nudge up
  [2590/10000] (26%) ok=2589 fail=1 workers=12
  [2600/10000] (26%) ok=2599 fail=1 workers=12
  [concurrency] workers=16 | throughput=0.5 tiles/s | fail_rate=0.0% | → nudge up
  checkpoint saved at 2600 ok tiles
  [2610/10000] (26%) ok=2609 fail=1 workers=16
  [2620/10000] (26%) ok=2619 fail=1 workers=16
  [concurrency] workers=16 | throughput=0.5 tiles/s | fail_rate=0.0% | → nudge up
  [2630/10000] (26%) ok=2629 fail=1 workers=16
  [2640/10000] (26%) ok=2639 fail=1 workers=16
  [concurrency] workers=16 | throughput=0.5 tiles/s | fail_rate=0.0% | → nudge up
  [2650/10000] (26%) ok=2649 fail=1 workers=16
  [2660/10000] (27%) ok=2659 fail=1 workers=16
  [concurrency] workers=16 | throughput=0.5 tiles/s | fail_rate=0.0% | → nudge up
  [2670/10000] (27%) ok=2669 fail=1 workers=16
  [2680/10000] (27%) ok=2679 fail=1 workers=16
  [concurrency] workers=16 | throughput=0.5 tiles/s | fail_rate=0.0% | → nudge up
  [2690/10000] (27%) ok=2689 fail=1 workers=16
  [2700/10000] (27%) ok=2699 fail=1 workers=16
  [concurrency] workers=16 | throughput=0.5 tiles/s | fail_rate=0.0% | → nudge up
  [2710/10000] (27%) ok=2709 fail=1 workers=16
  [2720/10000] (27%) ok=2719 fail=1 workers=16
  [concurrency] workers=16 | throughput=0.5 tiles/s | fail_rate=0.0% | → nudge up
  [2730/10000] (27%) ok=2729 fail=1 workers=16
  [2740/10000] (27%) ok=2739 fail=1 workers=16
  [concurrency] workers=16 | throughput=0.5 tiles/s | fail_rate=0.0% | → nudge up
  [2750/10000] (28%) ok=2749 fail=1 workers=16
  [2760/10000] (28%) ok=2759 fail=1 workers=16
  [concurrency] workers=16 | throughput=0.5 tiles/s | fail_rate=0.0% | → nudge up
  [2770/10000] (28%) ok=2769 fail=1 workers=16
  [2780/10000] (28%) ok=2779 fail=1 workers=16
  [concurrency] workers=16 | throughput=0.5 tiles/s | fail_rate=0.0% | → nudge up
  [2790/10000] (28%) ok=2789 fail=1 workers=16
  [2800/10000] (28%) ok=2799 fail=1 workers=16
  [concurrency] workers=16 | throughput=0.5 tiles/s | fail_rate=0.0% | → nudge up
  checkpoint saved at 2800 ok tiles
  [2810/10000] (28%) ok=2809 fail=1 workers=16
  [2820/10000] (28%) ok=2819 fail=1 workers=16
  [concurrency] workers=16 | throughput=0.5 tiles/s | fail_rate=0.0% | → nudge up
  [2830/10000] (28%) ok=2829 fail=1 workers=16
  [2840/10000] (28%) ok=2839 fail=1 workers=16
  [concurrency] workers=16 | throughput=0.5 tiles/s | fail_rate=0.0% | → nudge up
  [2850/10000] (28%) ok=2849 fail=1 workers=16
  [2860/10000] (29%) ok=2859 fail=1 workers=16
  [concurrency] workers=16 | throughput=0.6 tiles/s | fail_rate=0.0% | → nudge up
  [2870/10000] (29%) ok=2869 fail=1 workers=16
  [2880/10000] (29%) ok=2879 fail=1 workers=16
  [concurrency] workers=8 | throughput=0.2 tiles/s | fail_rate=0.0% | ↓ decrease (throughput degrading)
  [2890/10000] (29%) ok=2889 fail=1 workers=8
  [2900/10000] (29%) ok=2899 fail=1 workers=8
  [concurrency] workers=12 | throughput=0.5 tiles/s | fail_rate=0.0% | → nudge up
  [2910/10000] (29%) ok=2909 fail=1 workers=12
  [2920/10000] (29%) ok=2919 fail=1 workers=12
  [concurrency] workers=8 | throughput=0.5 tiles/s | fail_rate=0.0% | ↓ decrease (throughput degrading)
  [2930/10000] (29%) ok=2929 fail=1 workers=8
  [2940/10000] (29%) ok=2939 fail=1 workers=8
  [concurrency] workers=12 | throughput=0.5 tiles/s | fail_rate=0.0% | → nudge up
  [2950/10000] (30%) ok=2949 fail=1 workers=12
  [2960/10000] (30%) ok=2959 fail=1 workers=12
  [concurrency] workers=16 | throughput=0.5 tiles/s | fail_rate=0.0% | → nudge up
  [2970/10000] (30%) ok=2969 fail=1 workers=16
  [2980/10000] (30%) ok=2979 fail=1 workers=16
  [concurrency] workers=8 | throughput=0.4 tiles/s | fail_rate=0.0% | ↓ decrease (throughput degrading)
  [2990/10000] (30%) ok=2989 fail=1 workers=8
  [3000/10000] (30%) ok=2999 fail=1 workers=8
  [concurrency] workers=12 | throughput=0.5 tiles/s | fail_rate=0.0% | → nudge up
  checkpoint saved at 3000 ok tiles
  [3010/10000] (30%) ok=3009 fail=1 workers=12
  [3020/10000] (30%) ok=3019 fail=1 workers=12
  [concurrency] workers=16 | throughput=0.5 tiles/s | fail_rate=0.0% | → nudge up
  [3030/10000] (30%) ok=3029 fail=1 workers=16
  [3040/10000] (30%) ok=3039 fail=1 workers=16
  [concurrency] workers=16 | throughput=0.5 tiles/s | fail_rate=0.0% | → nudge up
  [3050/10000] (30%) ok=3049 fail=1 workers=16
  [3060/10000] (31%) ok=3059 fail=1 workers=16
  [concurrency] workers=8 | throughput=0.5 tiles/s | fail_rate=0.0% | ↓ decrease (throughput degrading)
  [3070/10000] (31%) ok=3069 fail=1 workers=8
  [3080/10000] (31%) ok=3079 fail=1 workers=8
  [concurrency] workers=12 | throughput=0.5 tiles/s | fail_rate=0.0% | → nudge up
  [3090/10000] (31%) ok=3089 fail=1 workers=12
  [3100/10000] (31%) ok=3099 fail=1 workers=12
  [concurrency] workers=8 | throughput=0.5 tiles/s | fail_rate=0.0% | ↓ decrease (throughput degrading)
  [3110/10000] (31%) ok=3109 fail=1 workers=8
  [3120/10000] (31%) ok=3119 fail=1 workers=8
  [concurrency] workers=12 | throughput=0.5 tiles/s | fail_rate=0.0% | → nudge up
  [3130/10000] (31%) ok=3129 fail=1 workers=12
  [3140/10000] (31%) ok=3139 fail=1 workers=12
  [concurrency] workers=16 | throughput=0.5 tiles/s | fail_rate=0.0% | → nudge up
  [3150/10000] (32%) ok=3149 fail=1 workers=16
  [3160/10000] (32%) ok=3159 fail=1 workers=16
  [concurrency] workers=16 | throughput=0.5 tiles/s | fail_rate=0.0% | → nudge up
  [3170/10000] (32%) ok=3169 fail=1 workers=16
  [3180/10000] (32%) ok=3179 fail=1 workers=16
  [concurrency] workers=16 | throughput=0.5 tiles/s | fail_rate=0.0% | → nudge up
  [3190/10000] (32%) ok=3189 fail=1 workers=16
  [3200/10000] (32%) ok=3199 fail=1 workers=16
  [concurrency] workers=16 | throughput=0.5 tiles/s | fail_rate=0.0% | → nudge up
  checkpoint saved at 3200 ok tiles
  [3210/10000] (32%) ok=3209 fail=1 workers=16
  [3220/10000] (32%) ok=3219 fail=1 workers=16
  [concurrency] workers=16 | throughput=0.5 tiles/s | fail_rate=0.0% | → nudge up
  [3230/10000] (32%) ok=3229 fail=1 workers=16
  [3240/10000] (32%) ok=3239 fail=1 workers=16
  [concurrency] workers=16 | throughput=0.6 tiles/s | fail_rate=0.0% | → nudge up
  [3250/10000] (32%) ok=3249 fail=1 workers=16
  [3260/10000] (33%) ok=3259 fail=1 workers=16
  [concurrency] workers=8 | throughput=0.5 tiles/s | fail_rate=0.0% | ↓ decrease (throughput degrading)
  [3270/10000] (33%) ok=3269 fail=1 workers=8
  [3280/10000] (33%) ok=3279 fail=1 workers=8
  [concurrency] workers=12 | throughput=0.5 tiles/s | fail_rate=0.0% | → nudge up
  [3290/10000] (33%) ok=3289 fail=1 workers=12
  [3300/10000] (33%) ok=3299 fail=1 workers=12
  [concurrency] workers=16 | throughput=0.6 tiles/s | fail_rate=0.0% | → nudge up
  [3310/10000] (33%) ok=3309 fail=1 workers=16
  [3320/10000] (33%) ok=3319 fail=1 workers=16
  [concurrency] workers=8 | throughput=0.4 tiles/s | fail_rate=0.0% | ↓ decrease (throughput degrading)
  [3330/10000] (33%) ok=3329 fail=1 workers=8
  [3340/10000] (33%) ok=3339 fail=1 workers=8
  [concurrency] workers=16 | throughput=0.6 tiles/s | fail_rate=0.0% | ↑ increase (throughput improving)
  [3350/10000] (34%) ok=3349 fail=1 workers=16
  [3360/10000] (34%) ok=3359 fail=1 workers=16
  [concurrency] workers=8 | throughput=0.4 tiles/s | fail_rate=0.0% | ↓ decrease (throughput degrading)
  [3370/10000] (34%) ok=3369 fail=1 workers=8
  [3380/10000] (34%) ok=3379 fail=1 workers=8
  [concurrency] workers=12 | throughput=0.5 tiles/s | fail_rate=0.0% | → nudge up
  [3390/10000] (34%) ok=3389 fail=1 workers=12
  [3400/10000] (34%) ok=3399 fail=1 workers=12
  [concurrency] workers=16 | throughput=0.6 tiles/s | fail_rate=0.0% | → nudge up
  checkpoint saved at 3400 ok tiles
  [3410/10000] (34%) ok=3409 fail=1 workers=16
  [3420/10000] (34%) ok=3419 fail=1 workers=16
  [concurrency] workers=16 | throughput=0.6 tiles/s | fail_rate=0.0% | → nudge up
  [3430/10000] (34%) ok=3429 fail=1 workers=16
  [3440/10000] (34%) ok=3439 fail=1 workers=16
  [concurrency] workers=8 | throughput=0.5 tiles/s | fail_rate=0.0% | ↓ decrease (throughput degrading)
  [3450/10000] (34%) ok=3449 fail=1 workers=8
  [3460/10000] (35%) ok=3459 fail=1 workers=8
  [concurrency] workers=12 | throughput=0.5 tiles/s | fail_rate=0.0% | → nudge up
  [3470/10000] (35%) ok=3469 fail=1 workers=12
  [3480/10000] (35%) ok=3479 fail=1 workers=12
  [concurrency] workers=16 | throughput=0.5 tiles/s | fail_rate=0.0% | → nudge up
  [3490/10000] (35%) ok=3489 fail=1 workers=16
  [3500/10000] (35%) ok=3499 fail=1 workers=16
  [concurrency] workers=16 | throughput=0.5 tiles/s | fail_rate=0.0% | → nudge up
  [3510/10000] (35%) ok=3509 fail=1 workers=16
  [3520/10000] (35%) ok=3519 fail=1 workers=16
  [concurrency] workers=16 | throughput=0.5 tiles/s | fail_rate=0.0% | → nudge up
  [3530/10000] (35%) ok=3529 fail=1 workers=16
  [3540/10000] (35%) ok=3539 fail=1 workers=16
  [concurrency] workers=16 | throughput=0.5 tiles/s | fail_rate=0.0% | → nudge up
  [3550/10000] (36%) ok=3549 fail=1 workers=16
  [3560/10000] (36%) ok=3559 fail=1 workers=16
  [concurrency] workers=8 | throughput=0.4 tiles/s | fail_rate=0.0% | ↓ decrease (throughput degrading)
  [3570/10000] (36%) ok=3569 fail=1 workers=8
  [3580/10000] (36%) ok=3579 fail=1 workers=8
  [concurrency] workers=12 | throughput=0.5 tiles/s | fail_rate=0.0% | → nudge up
  [3590/10000] (36%) ok=3589 fail=1 workers=12
  [3600/10000] (36%) ok=3599 fail=1 workers=12
  [concurrency] workers=16 | throughput=0.5 tiles/s | fail_rate=0.0% | → nudge up
  checkpoint saved at 3600 ok tiles
  [3610/10000] (36%) ok=3609 fail=1 workers=16
  [3620/10000] (36%) ok=3619 fail=1 workers=16
  [concurrency] workers=16 | throughput=0.5 tiles/s | fail_rate=0.0% | → nudge up
  [3630/10000] (36%) ok=3629 fail=1 workers=16
  [3640/10000] (36%) ok=3639 fail=1 workers=16
  [concurrency] workers=16 | throughput=0.5 tiles/s | fail_rate=0.0% | → nudge up
  [3650/10000] (36%) ok=3649 fail=1 workers=16
  [3660/10000] (37%) ok=3659 fail=1 workers=16
  [concurrency] workers=16 | throughput=0.5 tiles/s | fail_rate=0.0% | → nudge up
  [3670/10000] (37%) ok=3669 fail=1 workers=16
  [3680/10000] (37%) ok=3679 fail=1 workers=16
  [concurrency] workers=16 | throughput=0.5 tiles/s | fail_rate=0.0% | → nudge up
  [3690/10000] (37%) ok=3689 fail=1 workers=16
  [3700/10000] (37%) ok=3699 fail=1 workers=16
  [concurrency] workers=16 | throughput=0.5 tiles/s | fail_rate=0.0% | → nudge up
  [3710/10000] (37%) ok=3709 fail=1 workers=16
  [3720/10000] (37%) ok=3719 fail=1 workers=16
  [concurrency] workers=16 | throughput=0.5 tiles/s | fail_rate=0.0% | → nudge up
  [3730/10000] (37%) ok=3729 fail=1 workers=16
  [3740/10000] (37%) ok=3739 fail=1 workers=16
  [concurrency] workers=8 | throughput=0.5 tiles/s | fail_rate=0.0% | ↓ decrease (throughput degrading)
  [3750/10000] (38%) ok=3749 fail=1 workers=8
  [3760/10000] (38%) ok=3759 fail=1 workers=8
  [concurrency] workers=12 | throughput=0.6 tiles/s | fail_rate=0.0% | → nudge up
  [3770/10000] (38%) ok=3769 fail=1 workers=12
  [3780/10000] (38%) ok=3779 fail=1 workers=12
  [concurrency] workers=8 | throughput=0.5 tiles/s | fail_rate=0.0% | ↓ decrease (throughput degrading)
  [3790/10000] (38%) ok=3789 fail=1 workers=8
  [3800/10000] (38%) ok=3799 fail=1 workers=8
  [concurrency] workers=12 | throughput=0.6 tiles/s | fail_rate=0.0% | → nudge up
  checkpoint saved at 3800 ok tiles
  [3810/10000] (38%) ok=3809 fail=1 workers=12
  [3820/10000] (38%) ok=3819 fail=1 workers=12
  [concurrency] workers=8 | throughput=0.5 tiles/s | fail_rate=0.0% | ↓ decrease (throughput degrading)
  [3830/10000] (38%) ok=3829 fail=1 workers=8
  [3840/10000] (38%) ok=3839 fail=1 workers=8
  [concurrency] workers=12 | throughput=0.5 tiles/s | fail_rate=0.0% | → nudge up
  [3850/10000] (38%) ok=3849 fail=1 workers=12
  [3860/10000] (39%) ok=3859 fail=1 workers=12
  [concurrency] workers=16 | throughput=0.5 tiles/s | fail_rate=0.0% | → nudge up
  [3870/10000] (39%) ok=3869 fail=1 workers=16
  [3880/10000] (39%) ok=3879 fail=1 workers=16
  [concurrency] workers=16 | throughput=0.5 tiles/s | fail_rate=0.0% | → nudge up
  [3890/10000] (39%) ok=3889 fail=1 workers=16
  [3900/10000] (39%) ok=3899 fail=1 workers=16
  [concurrency] workers=16 | throughput=0.5 tiles/s | fail_rate=0.0% | → nudge up
  [3910/10000] (39%) ok=3909 fail=1 workers=16
  [3920/10000] (39%) ok=3919 fail=1 workers=16
  [concurrency] workers=16 | throughput=0.5 tiles/s | fail_rate=0.0% | → nudge up
  [3930/10000] (39%) ok=3929 fail=1 workers=16
  [3940/10000] (39%) ok=3939 fail=1 workers=16
  [concurrency] workers=16 | throughput=0.6 tiles/s | fail_rate=0.0% | → nudge up
  [3950/10000] (40%) ok=3949 fail=1 workers=16
  [3960/10000] (40%) ok=3959 fail=1 workers=16
  [concurrency] workers=16 | throughput=0.5 tiles/s | fail_rate=0.0% | → nudge up
  [3970/10000] (40%) ok=3969 fail=1 workers=16
  [3980/10000] (40%) ok=3979 fail=1 workers=16
  [concurrency] workers=8 | throughput=0.4 tiles/s | fail_rate=0.0% | ↓ decrease (throughput degrading)
  [3990/10000] (40%) ok=3989 fail=1 workers=8
  [4000/10000] (40%) ok=3999 fail=1 workers=8
  [concurrency] workers=12 | throughput=0.6 tiles/s | fail_rate=0.0% | → nudge up
  checkpoint saved at 4000 ok tiles
  [4010/10000] (40%) ok=4009 fail=1 workers=12
  [4020/10000] (40%) ok=4019 fail=1 workers=12
  [concurrency] workers=8 | throughput=0.5 tiles/s | fail_rate=0.0% | ↓ decrease (throughput degrading)
  [4030/10000] (40%) ok=4029 fail=1 workers=8
  [4040/10000] (40%) ok=4039 fail=1 workers=8
  [concurrency] workers=12 | throughput=0.6 tiles/s | fail_rate=0.0% | → nudge up
  [4050/10000] (40%) ok=4049 fail=1 workers=12
  [4060/10000] (41%) ok=4059 fail=1 workers=12
  [concurrency] workers=16 | throughput=0.6 tiles/s | fail_rate=0.0% | → nudge up
  [4070/10000] (41%) ok=4069 fail=1 workers=16
  [4080/10000] (41%) ok=4079 fail=1 workers=16
  [concurrency] workers=16 | throughput=0.5 tiles/s | fail_rate=0.0% | → nudge up
  [4090/10000] (41%) ok=4089 fail=1 workers=16
  [4100/10000] (41%) ok=4099 fail=1 workers=16
  [concurrency] workers=16 | throughput=0.5 tiles/s | fail_rate=0.0% | → nudge up
  [4110/10000] (41%) ok=4109 fail=1 workers=16
  [4120/10000] (41%) ok=4119 fail=1 workers=16
  [concurrency] workers=16 | throughput=0.5 tiles/s | fail_rate=0.0% | → nudge up
  [4130/10000] (41%) ok=4129 fail=1 workers=16
  [4140/10000] (41%) ok=4139 fail=1 workers=16
  [concurrency] workers=16 | throughput=0.5 tiles/s | fail_rate=0.0% | → nudge up
  [4150/10000] (42%) ok=4149 fail=1 workers=16
  [4160/10000] (42%) ok=4159 fail=1 workers=16
  [concurrency] workers=16 | throughput=0.6 tiles/s | fail_rate=0.0% | → nudge up
  [4170/10000] (42%) ok=4169 fail=1 workers=16
  [4180/10000] (42%) ok=4179 fail=1 workers=16
  [concurrency] workers=8 | throughput=0.5 tiles/s | fail_rate=0.0% | ↓ decrease (throughput degrading)
  [4190/10000] (42%) ok=4189 fail=1 workers=8
  [4200/10000] (42%) ok=4199 fail=1 workers=8
  [concurrency] workers=12 | throughput=0.6 tiles/s | fail_rate=0.0% | → nudge up
  checkpoint saved at 4200 ok tiles
  [4210/10000] (42%) ok=4209 fail=1 workers=12
  [4220/10000] (42%) ok=4219 fail=1 workers=12
  [concurrency] workers=8 | throughput=0.2 tiles/s | fail_rate=0.0% | ↓ decrease (throughput degrading)
  [4230/10000] (42%) ok=4229 fail=1 workers=8
  [4240/10000] (42%) ok=4239 fail=1 workers=8
  [concurrency] workers=12 | throughput=0.6 tiles/s | fail_rate=0.0% | → nudge up
  [4250/10000] (42%) ok=4249 fail=1 workers=12
  [4260/10000] (43%) ok=4259 fail=1 workers=12
  [concurrency] workers=8 | throughput=0.5 tiles/s | fail_rate=0.0% | ↓ decrease (throughput degrading)
  [4270/10000] (43%) ok=4269 fail=1 workers=8
  [4280/10000] (43%) ok=4279 fail=1 workers=8
  [concurrency] workers=12 | throughput=0.6 tiles/s | fail_rate=0.0% | → nudge up
  [4290/10000] (43%) ok=4289 fail=1 workers=12
  [4300/10000] (43%) ok=4299 fail=1 workers=12
  [concurrency] workers=8 | throughput=0.4 tiles/s | fail_rate=0.0% | ↓ decrease (throughput degrading)
  [4310/10000] (43%) ok=4309 fail=1 workers=8
  [4320/10000] (43%) ok=4319 fail=1 workers=8
  [concurrency] workers=12 | throughput=0.5 tiles/s | fail_rate=0.0% | → nudge up
  [4330/10000] (43%) ok=4329 fail=1 workers=12
  [4340/10000] (43%) ok=4339 fail=1 workers=12
  [concurrency] workers=8 | throughput=0.5 tiles/s | fail_rate=0.0% | ↓ decrease (throughput degrading)
  [4350/10000] (44%) ok=4349 fail=1 workers=8
  [4360/10000] (44%) ok=4359 fail=1 workers=8
  [concurrency] workers=12 | throughput=0.6 tiles/s | fail_rate=0.0% | → nudge up
  [4370/10000] (44%) ok=4369 fail=1 workers=12
  [4380/10000] (44%) ok=4379 fail=1 workers=12
  [concurrency] workers=8 | throughput=0.5 tiles/s | fail_rate=0.0% | ↓ decrease (throughput degrading)
  [4390/10000] (44%) ok=4389 fail=1 workers=8
  [4400/10000] (44%) ok=4399 fail=1 workers=8
  [concurrency] workers=12 | throughput=0.5 tiles/s | fail_rate=0.0% | → nudge up
  checkpoint saved at 4400 ok tiles
  [4410/10000] (44%) ok=4409 fail=1 workers=12
  [4420/10000] (44%) ok=4419 fail=1 workers=12
  [concurrency] workers=8 | throughput=0.4 tiles/s | fail_rate=0.0% | ↓ decrease (throughput degrading)
  [4430/10000] (44%) ok=4429 fail=1 workers=8
  [4440/10000] (44%) ok=4439 fail=1 workers=8
  [concurrency] workers=12 | throughput=0.6 tiles/s | fail_rate=0.0% | → nudge up
  [4450/10000] (44%) ok=4449 fail=1 workers=12
  [4460/10000] (45%) ok=4459 fail=1 workers=12
  [concurrency] workers=16 | throughput=0.6 tiles/s | fail_rate=0.0% | → nudge up
  [4470/10000] (45%) ok=4469 fail=1 workers=16
  [4480/10000] (45%) ok=4479 fail=1 workers=16
  [concurrency] workers=16 | throughput=0.5 tiles/s | fail_rate=0.0% | → nudge up
  [4490/10000] (45%) ok=4489 fail=1 workers=16
  [4500/10000] (45%) ok=4499 fail=1 workers=16
  [concurrency] workers=16 | throughput=0.5 tiles/s | fail_rate=0.0% | → nudge up
  [4510/10000] (45%) ok=4509 fail=1 workers=16
  [4520/10000] (45%) ok=4519 fail=1 workers=16
  [concurrency] workers=8 | throughput=0.4 tiles/s | fail_rate=0.0% | ↓ decrease (throughput degrading)
  [4530/10000] (45%) ok=4529 fail=1 workers=8
  [4540/10000] (45%) ok=4539 fail=1 workers=8
  [concurrency] workers=12 | throughput=0.5 tiles/s | fail_rate=0.0% | → nudge up
  [4550/10000] (46%) ok=4549 fail=1 workers=12
  [4560/10000] (46%) ok=4559 fail=1 workers=12
  [concurrency] workers=16 | throughput=0.5 tiles/s | fail_rate=0.0% | → nudge up
  [4570/10000] (46%) ok=4569 fail=1 workers=16
  [4580/10000] (46%) ok=4579 fail=1 workers=16
  [concurrency] workers=16 | throughput=0.6 tiles/s | fail_rate=0.0% | → nudge up
  [4590/10000] (46%) ok=4589 fail=1 workers=16
  [4600/10000] (46%) ok=4599 fail=1 workers=16
  [concurrency] workers=8 | throughput=0.5 tiles/s | fail_rate=0.0% | ↓ decrease (throughput degrading)
  checkpoint saved at 4600 ok tiles
  [4610/10000] (46%) ok=4609 fail=1 workers=8
  [4620/10000] (46%) ok=4619 fail=1 workers=8
  [concurrency] workers=12 | throughput=0.5 tiles/s | fail_rate=0.0% | → nudge up
  [4630/10000] (46%) ok=4629 fail=1 workers=12
  [4640/10000] (46%) ok=4639 fail=1 workers=12
  [concurrency] workers=16 | throughput=0.5 tiles/s | fail_rate=0.0% | → nudge up
  [4650/10000] (46%) ok=4649 fail=1 workers=16
  [4660/10000] (47%) ok=4659 fail=1 workers=16
  [concurrency] workers=16 | throughput=0.6 tiles/s | fail_rate=0.0% | → nudge up
  [4670/10000] (47%) ok=4669 fail=1 workers=16
  [4680/10000] (47%) ok=4679 fail=1 workers=16
  [concurrency] workers=16 | throughput=0.5 tiles/s | fail_rate=0.0% | → nudge up
  [4690/10000] (47%) ok=4689 fail=1 workers=16
  [4700/10000] (47%) ok=4699 fail=1 workers=16
  [concurrency] workers=16 | throughput=0.5 tiles/s | fail_rate=0.0% | → nudge up
  [4710/10000] (47%) ok=4709 fail=1 workers=16
  [4720/10000] (47%) ok=4719 fail=1 workers=16
  [concurrency] workers=16 | throughput=0.5 tiles/s | fail_rate=0.0% | → nudge up
  [4730/10000] (47%) ok=4729 fail=1 workers=16
  [4740/10000] (47%) ok=4739 fail=1 workers=16
  [concurrency] workers=16 | throughput=0.5 tiles/s | fail_rate=0.0% | → nudge up
  [4750/10000] (48%) ok=4749 fail=1 workers=16
  [4760/10000] (48%) ok=4759 fail=1 workers=16
  [concurrency] workers=16 | throughput=0.5 tiles/s | fail_rate=0.0% | → nudge up
  [4770/10000] (48%) ok=4769 fail=1 workers=16
  [4780/10000] (48%) ok=4779 fail=1 workers=16
  [concurrency] workers=16 | throughput=0.6 tiles/s | fail_rate=0.0% | → nudge up
  [4790/10000] (48%) ok=4789 fail=1 workers=16
  [4800/10000] (48%) ok=4799 fail=1 workers=16
  [concurrency] workers=8 | throughput=0.5 tiles/s | fail_rate=0.0% | ↓ decrease (throughput degrading)
  checkpoint saved at 4800 ok tiles
  [4810/10000] (48%) ok=4809 fail=1 workers=8
  [4820/10000] (48%) ok=4819 fail=1 workers=8
  [concurrency] workers=12 | throughput=0.5 tiles/s | fail_rate=0.0% | → nudge up
  [4830/10000] (48%) ok=4829 fail=1 workers=12
  [4840/10000] (48%) ok=4839 fail=1 workers=12
  [concurrency] workers=16 | throughput=0.6 tiles/s | fail_rate=0.0% | → nudge up
  [4850/10000] (48%) ok=4849 fail=1 workers=16
  [4860/10000] (49%) ok=4859 fail=1 workers=16
  [concurrency] workers=8 | throughput=0.5 tiles/s | fail_rate=0.0% | ↓ decrease (throughput degrading)
  [4870/10000] (49%) ok=4869 fail=1 workers=8
  [4880/10000] (49%) ok=4879 fail=1 workers=8
  [concurrency] workers=12 | throughput=0.6 tiles/s | fail_rate=0.0% | → nudge up
  [4890/10000] (49%) ok=4889 fail=1 workers=12
  [4900/10000] (49%) ok=4899 fail=1 workers=12
  [concurrency] workers=8 | throughput=0.4 tiles/s | fail_rate=0.0% | ↓ decrease (throughput degrading)
  [4910/10000] (49%) ok=4909 fail=1 workers=8
  [4920/10000] (49%) ok=4919 fail=1 workers=8
  [concurrency] workers=12 | throughput=0.5 tiles/s | fail_rate=0.0% | → nudge up
  [4930/10000] (49%) ok=4929 fail=1 workers=12
  [4940/10000] (49%) ok=4939 fail=1 workers=12
  [concurrency] workers=16 | throughput=0.5 tiles/s | fail_rate=0.0% | → nudge up
  [4950/10000] (50%) ok=4949 fail=1 workers=16
  [4960/10000] (50%) ok=4959 fail=1 workers=16
  [concurrency] workers=16 | throughput=0.6 tiles/s | fail_rate=0.0% | → nudge up
  [4970/10000] (50%) ok=4969 fail=1 workers=16
  [4980/10000] (50%) ok=4979 fail=1 workers=16
  [concurrency] workers=8 | throughput=0.5 tiles/s | fail_rate=0.0% | ↓ decrease (throughput degrading)
  [4990/10000] (50%) ok=4989 fail=1 workers=8
  [5000/10000] (50%) ok=4999 fail=1 workers=8
  [concurrency] workers=12 | throughput=0.5 tiles/s | fail_rate=0.0% | → nudge up
  checkpoint saved at 5000 ok tiles
  [5010/10000] (50%) ok=5009 fail=1 workers=12
  [5020/10000] (50%) ok=5019 fail=1 workers=12
  [concurrency] workers=8 | throughput=0.5 tiles/s | fail_rate=0.0% | ↓ decrease (throughput degrading)
  [5030/10000] (50%) ok=5029 fail=1 workers=8
  [5040/10000] (50%) ok=5039 fail=1 workers=8
  [concurrency] workers=12 | throughput=0.5 tiles/s | fail_rate=0.0% | → nudge up
  [5050/10000] (50%) ok=5049 fail=1 workers=12
  [5060/10000] (51%) ok=5059 fail=1 workers=12
  [concurrency] workers=16 | throughput=0.5 tiles/s | fail_rate=0.0% | → nudge up
  [5070/10000] (51%) ok=5069 fail=1 workers=16
  [5080/10000] (51%) ok=5079 fail=1 workers=16
  [concurrency] workers=16 | throughput=0.6 tiles/s | fail_rate=0.0% | → nudge up
  [5090/10000] (51%) ok=5089 fail=1 workers=16
  [5100/10000] (51%) ok=5099 fail=1 workers=16
  [concurrency] workers=16 | throughput=0.6 tiles/s | fail_rate=0.0% | → nudge up
  [5110/10000] (51%) ok=5109 fail=1 workers=16
  [5120/10000] (51%) ok=5119 fail=1 workers=16
  [concurrency] workers=8 | throughput=0.5 tiles/s | fail_rate=0.0% | ↓ decrease (throughput degrading)
  [5130/10000] (51%) ok=5129 fail=1 workers=8
  [5140/10000] (51%) ok=5139 fail=1 workers=8
  [concurrency] workers=12 | throughput=0.5 tiles/s | fail_rate=0.0% | → nudge up
  [5150/10000] (52%) ok=5149 fail=1 workers=12
  [5160/10000] (52%) ok=5159 fail=1 workers=12
  [concurrency] workers=16 | throughput=0.4 tiles/s | fail_rate=0.0% | → nudge up
  [5170/10000] (52%) ok=5169 fail=1 workers=16
  [5180/10000] (52%) ok=5179 fail=1 workers=16
  [concurrency] workers=16 | throughput=0.6 tiles/s | fail_rate=0.0% | → nudge up
  [5190/10000] (52%) ok=5189 fail=1 workers=16
  [5200/10000] (52%) ok=5199 fail=1 workers=16
  [concurrency] workers=16 | throughput=0.6 tiles/s | fail_rate=0.0% | → nudge up
  checkpoint saved at 5200 ok tiles
  [5210/10000] (52%) ok=5209 fail=1 workers=16
  [5220/10000] (52%) ok=5219 fail=1 workers=16
  [concurrency] workers=16 | throughput=0.6 tiles/s | fail_rate=0.0% | → nudge up
  [5230/10000] (52%) ok=5229 fail=1 workers=16
  [5240/10000] (52%) ok=5239 fail=1 workers=16
  [concurrency] workers=8 | throughput=0.4 tiles/s | fail_rate=0.0% | ↓ decrease (throughput degrading)
  [5250/10000] (52%) ok=5249 fail=1 workers=8
  [5260/10000] (53%) ok=5259 fail=1 workers=8
  [concurrency] workers=12 | throughput=0.5 tiles/s | fail_rate=0.0% | → nudge up
  [5270/10000] (53%) ok=5269 fail=1 workers=12
  [5280/10000] (53%) ok=5279 fail=1 workers=12
  [concurrency] workers=16 | throughput=0.5 tiles/s | fail_rate=0.0% | → nudge up
  [5290/10000] (53%) ok=5289 fail=1 workers=16
  [5300/10000] (53%) ok=5299 fail=1 workers=16
  [concurrency] workers=16 | throughput=0.6 tiles/s | fail_rate=0.0% | → nudge up
  [5310/10000] (53%) ok=5309 fail=1 workers=16
  [5320/10000] (53%) ok=5319 fail=1 workers=16
  [concurrency] workers=16 | throughput=0.6 tiles/s | fail_rate=0.0% | → nudge up
  [5330/10000] (53%) ok=5329 fail=1 workers=16
  [5340/10000] (53%) ok=5339 fail=1 workers=16
  [concurrency] workers=8 | throughput=0.5 tiles/s | fail_rate=0.0% | ↓ decrease (throughput degrading)
  [5350/10000] (54%) ok=5349 fail=1 workers=8
  [5360/10000] (54%) ok=5359 fail=1 workers=8
  [concurrency] workers=12 | throughput=0.5 tiles/s | fail_rate=0.0% | → nudge up
  [5370/10000] (54%) ok=5369 fail=1 workers=12
  [5380/10000] (54%) ok=5379 fail=1 workers=12
  [concurrency] workers=16 | throughput=0.5 tiles/s | fail_rate=0.0% | → nudge up
  [5390/10000] (54%) ok=5389 fail=1 workers=16
  [5400/10000] (54%) ok=5399 fail=1 workers=16
  [concurrency] workers=16 | throughput=0.6 tiles/s | fail_rate=0.0% | → nudge up
  checkpoint saved at 5400 ok tiles
  [5410/10000] (54%) ok=5409 fail=1 workers=16
  [5420/10000] (54%) ok=5419 fail=1 workers=16
  [concurrency] workers=8 | throughput=0.5 tiles/s | fail_rate=0.0% | ↓ decrease (throughput degrading)
  [5430/10000] (54%) ok=5429 fail=1 workers=8
  [5440/10000] (54%) ok=5439 fail=1 workers=8
  [concurrency] workers=12 | throughput=0.5 tiles/s | fail_rate=0.0% | → nudge up
  [5450/10000] (55%) ok=5449 fail=1 workers=12
  [5460/10000] (55%) ok=5459 fail=1 workers=12
  [concurrency] workers=16 | throughput=0.5 tiles/s | fail_rate=0.0% | → nudge up
  [5470/10000] (55%) ok=5469 fail=1 workers=16
  [5480/10000] (55%) ok=5479 fail=1 workers=16
  [concurrency] workers=16 | throughput=0.5 tiles/s | fail_rate=0.0% | → nudge up
  [5490/10000] (55%) ok=5489 fail=1 workers=16
  [5500/10000] (55%) ok=5499 fail=1 workers=16
  [concurrency] workers=16 | throughput=0.6 tiles/s | fail_rate=0.0% | → nudge up
  [5510/10000] (55%) ok=5509 fail=1 workers=16
  [5520/10000] (55%) ok=5519 fail=1 workers=16
  [concurrency] workers=8 | throughput=0.5 tiles/s | fail_rate=0.0% | ↓ decrease (throughput degrading)
  [5530/10000] (55%) ok=5529 fail=1 workers=8
  [5540/10000] (55%) ok=5539 fail=1 workers=8
  [concurrency] workers=12 | throughput=0.5 tiles/s | fail_rate=0.0% | → nudge up
  [5550/10000] (56%) ok=5549 fail=1 workers=12
  [5560/10000] (56%) ok=5559 fail=1 workers=12
  [concurrency] workers=16 | throughput=0.5 tiles/s | fail_rate=0.0% | → nudge up
  [5570/10000] (56%) ok=5569 fail=1 workers=16
  [5580/10000] (56%) ok=5579 fail=1 workers=16
  [concurrency] workers=8 | throughput=0.3 tiles/s | fail_rate=0.0% | ↓ decrease (throughput degrading)
  [5590/10000] (56%) ok=5589 fail=1 workers=8
  [5600/10000] (56%) ok=5599 fail=1 workers=8
  [concurrency] workers=12 | throughput=0.4 tiles/s | fail_rate=0.0% | → nudge up
  checkpoint saved at 5600 ok tiles
  [5610/10000] (56%) ok=5609 fail=1 workers=12
  [5620/10000] (56%) ok=5619 fail=1 workers=12
  [concurrency] workers=16 | throughput=0.6 tiles/s | fail_rate=0.0% | → nudge up
  [5630/10000] (56%) ok=5629 fail=1 workers=16
  [5640/10000] (56%) ok=5639 fail=1 workers=16
  [concurrency] workers=16 | throughput=0.5 tiles/s | fail_rate=0.0% | → nudge up
  [5650/10000] (56%) ok=5649 fail=1 workers=16
  [5660/10000] (57%) ok=5659 fail=1 workers=16
  [concurrency] workers=16 | throughput=0.6 tiles/s | fail_rate=0.0% | → nudge up
  [5670/10000] (57%) ok=5669 fail=1 workers=16
  [5680/10000] (57%) ok=5679 fail=1 workers=16
  [concurrency] workers=8 | throughput=0.5 tiles/s | fail_rate=0.0% | ↓ decrease (throughput degrading)
  [5690/10000] (57%) ok=5689 fail=1 workers=8
  [5700/10000] (57%) ok=5699 fail=1 workers=8
  [concurrency] workers=12 | throughput=0.5 tiles/s | fail_rate=0.0% | → nudge up
  [5710/10000] (57%) ok=5709 fail=1 workers=12
  [5720/10000] (57%) ok=5719 fail=1 workers=12
  [concurrency] workers=16 | throughput=0.6 tiles/s | fail_rate=0.0% | → nudge up
  [5730/10000] (57%) ok=5729 fail=1 workers=16
  [5740/10000] (57%) ok=5739 fail=1 workers=16
  [concurrency] workers=16 | throughput=0.6 tiles/s | fail_rate=0.0% | → nudge up
  [5750/10000] (57%) ok=5749 fail=1 workers=16
  [5760/10000] (58%) ok=5759 fail=1 workers=16
  [concurrency] workers=8 | throughput=0.5 tiles/s | fail_rate=0.0% | ↓ decrease (throughput degrading)
  [5770/10000] (58%) ok=5769 fail=1 workers=8
  [5780/10000] (58%) ok=5779 fail=1 workers=8
  [concurrency] workers=12 | throughput=0.5 tiles/s | fail_rate=0.0% | → nudge up
  [5790/10000] (58%) ok=5789 fail=1 workers=12
  [5800/10000] (58%) ok=5799 fail=1 workers=12
  [concurrency] workers=16 | throughput=0.5 tiles/s | fail_rate=0.0% | → nudge up
  checkpoint saved at 5800 ok tiles
  [5810/10000] (58%) ok=5809 fail=1 workers=16
  [5820/10000] (58%) ok=5819 fail=1 workers=16
  [concurrency] workers=16 | throughput=0.5 tiles/s | fail_rate=0.0% | → nudge up
  [5830/10000] (58%) ok=5829 fail=1 workers=16
  [5840/10000] (58%) ok=5839 fail=1 workers=16
  [concurrency] workers=16 | throughput=0.5 tiles/s | fail_rate=0.0% | → nudge up
  [5850/10000] (58%) ok=5849 fail=1 workers=16
  [5860/10000] (59%) ok=5859 fail=1 workers=16
  [concurrency] workers=16 | throughput=0.5 tiles/s | fail_rate=0.0% | → nudge up
  [5870/10000] (59%) ok=5869 fail=1 workers=16
  [5880/10000] (59%) ok=5879 fail=1 workers=16
  [concurrency] workers=16 | throughput=0.5 tiles/s | fail_rate=0.0% | → nudge up
  [5890/10000] (59%) ok=5889 fail=1 workers=16
  [5900/10000] (59%) ok=5899 fail=1 workers=16
  [concurrency] workers=16 | throughput=0.5 tiles/s | fail_rate=0.0% | → nudge up
  [5910/10000] (59%) ok=5909 fail=1 workers=16
  [5920/10000] (59%) ok=5919 fail=1 workers=16
  [concurrency] workers=8 | throughput=0.4 tiles/s | fail_rate=0.0% | ↓ decrease (throughput degrading)
  [5930/10000] (59%) ok=5929 fail=1 workers=8
  [5940/10000] (59%) ok=5939 fail=1 workers=8
  [concurrency] workers=12 | throughput=0.5 tiles/s | fail_rate=0.0% | → nudge up
  [5950/10000] (60%) ok=5949 fail=1 workers=12
  [5960/10000] (60%) ok=5959 fail=1 workers=12
  [concurrency] workers=8 | throughput=0.4 tiles/s | fail_rate=0.0% | ↓ decrease (throughput degrading)
  [5970/10000] (60%) ok=5969 fail=1 workers=8
  [5980/10000] (60%) ok=5979 fail=1 workers=8
  [concurrency] workers=12 | throughput=0.5 tiles/s | fail_rate=0.0% | → nudge up
  [5990/10000] (60%) ok=5989 fail=1 workers=12
  [6000/10000] (60%) ok=5999 fail=1 workers=12
  [concurrency] workers=16 | throughput=0.5 tiles/s | fail_rate=0.0% | → nudge up
  checkpoint saved at 6000 ok tiles
  [6010/10000] (60%) ok=6009 fail=1 workers=16
  [6020/10000] (60%) ok=6019 fail=1 workers=16
  [concurrency] workers=16 | throughput=0.6 tiles/s | fail_rate=0.0% | → nudge up
  [6030/10000] (60%) ok=6029 fail=1 workers=16
  [6040/10000] (60%) ok=6039 fail=1 workers=16
  [concurrency] workers=8 | throughput=0.5 tiles/s | fail_rate=0.0% | ↓ decrease (throughput degrading)
  [6050/10000] (60%) ok=6049 fail=1 workers=8
  [6060/10000] (61%) ok=6059 fail=1 workers=8
  [concurrency] workers=12 | throughput=0.5 tiles/s | fail_rate=0.0% | → nudge up
  [6070/10000] (61%) ok=6069 fail=1 workers=12
  [6080/10000] (61%) ok=6079 fail=1 workers=12
  [concurrency] workers=16 | throughput=0.5 tiles/s | fail_rate=0.0% | → nudge up
  [6090/10000] (61%) ok=6089 fail=1 workers=16
  [6100/10000] (61%) ok=6099 fail=1 workers=16
  [concurrency] workers=16 | throughput=0.6 tiles/s | fail_rate=0.0% | → nudge up
  [6110/10000] (61%) ok=6109 fail=1 workers=16
  [6120/10000] (61%) ok=6119 fail=1 workers=16
  [concurrency] workers=8 | throughput=0.5 tiles/s | fail_rate=0.0% | ↓ decrease (throughput degrading)
  [6130/10000] (61%) ok=6129 fail=1 workers=8
  [6140/10000] (61%) ok=6139 fail=1 workers=8
  [concurrency] workers=12 | throughput=0.5 tiles/s | fail_rate=0.0% | → nudge up
  [6150/10000] (62%) ok=6149 fail=1 workers=12
  [6160/10000] (62%) ok=6159 fail=1 workers=12
  [concurrency] workers=16 | throughput=0.5 tiles/s | fail_rate=0.0% | → nudge up
  [6170/10000] (62%) ok=6169 fail=1 workers=16
  [6180/10000] (62%) ok=6179 fail=1 workers=16
  [concurrency] workers=16 | throughput=0.6 tiles/s | fail_rate=0.0% | → nudge up
  [6190/10000] (62%) ok=6189 fail=1 workers=16
  [6200/10000] (62%) ok=6199 fail=1 workers=16
  [concurrency] workers=8 | throughput=0.5 tiles/s | fail_rate=0.0% | ↓ decrease (throughput degrading)
  checkpoint saved at 6200 ok tiles
  [6210/10000] (62%) ok=6209 fail=1 workers=8
  [6220/10000] (62%) ok=6219 fail=1 workers=8
  [concurrency] workers=12 | throughput=0.5 tiles/s | fail_rate=0.0% | → nudge up
  [6230/10000] (62%) ok=6229 fail=1 workers=12
  [6240/10000] (62%) ok=6239 fail=1 workers=12
  [concurrency] workers=16 | throughput=0.6 tiles/s | fail_rate=0.0% | → nudge up
  [6250/10000] (62%) ok=6249 fail=1 workers=16
  [6260/10000] (63%) ok=6259 fail=1 workers=16
  [concurrency] workers=8 | throughput=0.5 tiles/s | fail_rate=0.0% | ↓ decrease (throughput degrading)
  [6270/10000] (63%) ok=6269 fail=1 workers=8
  [6280/10000] (63%) ok=6279 fail=1 workers=8
  [concurrency] workers=12 | throughput=0.6 tiles/s | fail_rate=0.0% | → nudge up
  [6290/10000] (63%) ok=6289 fail=1 workers=12
  [6300/10000] (63%) ok=6299 fail=1 workers=12
  [concurrency] workers=16 | throughput=0.5 tiles/s | fail_rate=0.0% | → nudge up
  [6310/10000] (63%) ok=6309 fail=1 workers=16
  [6320/10000] (63%) ok=6319 fail=1 workers=16
  [concurrency] workers=16 | throughput=0.5 tiles/s | fail_rate=0.0% | → nudge up
  [6330/10000] (63%) ok=6329 fail=1 workers=16
  [6340/10000] (63%) ok=6339 fail=1 workers=16
  [concurrency] workers=16 | throughput=0.5 tiles/s | fail_rate=0.0% | → nudge up
  [6350/10000] (64%) ok=6349 fail=1 workers=16
  [6360/10000] (64%) ok=6359 fail=1 workers=16
  [concurrency] workers=16 | throughput=0.5 tiles/s | fail_rate=0.0% | → nudge up
  [6370/10000] (64%) ok=6369 fail=1 workers=16
  [6380/10000] (64%) ok=6379 fail=1 workers=16
  [concurrency] workers=16 | throughput=0.5 tiles/s | fail_rate=0.0% | → nudge up
  [6390/10000] (64%) ok=6389 fail=1 workers=16
  [6400/10000] (64%) ok=6399 fail=1 workers=16
  [concurrency] workers=16 | throughput=0.5 tiles/s | fail_rate=0.0% | → nudge up
  checkpoint saved at 6400 ok tiles
  [6410/10000] (64%) ok=6409 fail=1 workers=16
  [6420/10000] (64%) ok=6419 fail=1 workers=16
  [concurrency] workers=16 | throughput=0.6 tiles/s | fail_rate=0.0% | → nudge up
  [6430/10000] (64%) ok=6429 fail=1 workers=16
  [6440/10000] (64%) ok=6439 fail=1 workers=16
  [concurrency] workers=8 | throughput=0.5 tiles/s | fail_rate=0.0% | ↓ decrease (throughput degrading)
  [6450/10000] (64%) ok=6449 fail=1 workers=8
  [6460/10000] (65%) ok=6459 fail=1 workers=8
  [concurrency] workers=12 | throughput=0.5 tiles/s | fail_rate=0.0% | → nudge up
  [6470/10000] (65%) ok=6469 fail=1 workers=12
  [6480/10000] (65%) ok=6479 fail=1 workers=12
  [concurrency] workers=16 | throughput=0.5 tiles/s | fail_rate=0.0% | → nudge up
  [6490/10000] (65%) ok=6489 fail=1 workers=16
  [6500/10000] (65%) ok=6499 fail=1 workers=16
  [concurrency] workers=16 | throughput=0.5 tiles/s | fail_rate=0.0% | → nudge up
  [6510/10000] (65%) ok=6509 fail=1 workers=16
  [6520/10000] (65%) ok=6519 fail=1 workers=16
  [concurrency] workers=16 | throughput=0.5 tiles/s | fail_rate=0.0% | → nudge up
  [6530/10000] (65%) ok=6529 fail=1 workers=16
  [6540/10000] (65%) ok=6539 fail=1 workers=16
  [concurrency] workers=16 | throughput=0.6 tiles/s | fail_rate=0.0% | → nudge up
  [6550/10000] (66%) ok=6549 fail=1 workers=16
  [6560/10000] (66%) ok=6559 fail=1 workers=16
  [concurrency] workers=8 | throughput=0.5 tiles/s | fail_rate=0.0% | ↓ decrease (throughput degrading)
  [6570/10000] (66%) ok=6569 fail=1 workers=8
  [6580/10000] (66%) ok=6579 fail=1 workers=8
  [concurrency] workers=12 | throughput=0.5 tiles/s | fail_rate=0.0% | → nudge up
  [6590/10000] (66%) ok=6589 fail=1 workers=12
  [6600/10000] (66%) ok=6599 fail=1 workers=12
  [concurrency] workers=16 | throughput=0.5 tiles/s | fail_rate=0.0% | → nudge up
  checkpoint saved at 6600 ok tiles
  [6610/10000] (66%) ok=6609 fail=1 workers=16
  [6620/10000] (66%) ok=6619 fail=1 workers=16
  [concurrency] workers=16 | throughput=0.5 tiles/s | fail_rate=0.0% | → nudge up
  [6630/10000] (66%) ok=6629 fail=1 workers=16
  [6640/10000] (66%) ok=6639 fail=1 workers=16
  [concurrency] workers=16 | throughput=0.6 tiles/s | fail_rate=0.0% | → nudge up
  [6650/10000] (66%) ok=6649 fail=1 workers=16
  [6660/10000] (67%) ok=6659 fail=1 workers=16
  [concurrency] workers=16 | throughput=0.5 tiles/s | fail_rate=0.0% | → nudge up
  [6670/10000] (67%) ok=6669 fail=1 workers=16
  [6680/10000] (67%) ok=6679 fail=1 workers=16
  [concurrency] workers=8 | throughput=0.5 tiles/s | fail_rate=0.0% | ↓ decrease (throughput degrading)
  [6690/10000] (67%) ok=6689 fail=1 workers=8
  [6700/10000] (67%) ok=6699 fail=1 workers=8
  [concurrency] workers=12 | throughput=0.6 tiles/s | fail_rate=0.0% | → nudge up
  [6710/10000] (67%) ok=6709 fail=1 workers=12
  [6720/10000] (67%) ok=6719 fail=1 workers=12
  [concurrency] workers=16 | throughput=0.5 tiles/s | fail_rate=0.0% | → nudge up
  [6730/10000] (67%) ok=6729 fail=1 workers=16
  [6740/10000] (67%) ok=6739 fail=1 workers=16
  [concurrency] workers=16 | throughput=0.5 tiles/s | fail_rate=0.0% | → nudge up
  [6750/10000] (68%) ok=6749 fail=1 workers=16
  [6760/10000] (68%) ok=6759 fail=1 workers=16
  [concurrency] workers=16 | throughput=0.5 tiles/s | fail_rate=0.0% | → nudge up
  [6770/10000] (68%) ok=6769 fail=1 workers=16
  [6780/10000] (68%) ok=6779 fail=1 workers=16
  [concurrency] workers=16 | throughput=0.5 tiles/s | fail_rate=0.0% | → nudge up
  [6790/10000] (68%) ok=6789 fail=1 workers=16
  [6800/10000] (68%) ok=6799 fail=1 workers=16
  [concurrency] workers=8 | throughput=0.4 tiles/s | fail_rate=0.0% | ↓ decrease (throughput degrading)
  checkpoint saved at 6800 ok tiles
  [6810/10000] (68%) ok=6809 fail=1 workers=8
  [6820/10000] (68%) ok=6819 fail=1 workers=8
  [concurrency] workers=12 | throughput=0.6 tiles/s | fail_rate=0.0% | → nudge up
  [6830/10000] (68%) ok=6829 fail=1 workers=12
  [6840/10000] (68%) ok=6839 fail=1 workers=12
  [concurrency] workers=8 | throughput=0.5 tiles/s | fail_rate=0.0% | ↓ decrease (throughput degrading)
  [6850/10000] (68%) ok=6849 fail=1 workers=8
  [6860/10000] (69%) ok=6859 fail=1 workers=8
  [concurrency] workers=12 | throughput=0.6 tiles/s | fail_rate=0.0% | → nudge up
  [6870/10000] (69%) ok=6869 fail=1 workers=12
  [6880/10000] (69%) ok=6879 fail=1 workers=12
  [concurrency] workers=8 | throughput=0.4 tiles/s | fail_rate=0.0% | ↓ decrease (throughput degrading)
  [6890/10000] (69%) ok=6889 fail=1 workers=8
  [6900/10000] (69%) ok=6899 fail=1 workers=8
  [concurrency] workers=12 | throughput=0.5 tiles/s | fail_rate=0.0% | → nudge up
  [6910/10000] (69%) ok=6909 fail=1 workers=12
  [6920/10000] (69%) ok=6919 fail=1 workers=12
  [concurrency] workers=16 | throughput=0.6 tiles/s | fail_rate=0.0% | → nudge up
  [6930/10000] (69%) ok=6929 fail=1 workers=16
  [6940/10000] (69%) ok=6939 fail=1 workers=16
  [concurrency] workers=8 | throughput=0.3 tiles/s | fail_rate=0.0% | ↓ decrease (throughput degrading)
  [6950/10000] (70%) ok=6949 fail=1 workers=8
  [6960/10000] (70%) ok=6959 fail=1 workers=8
  [concurrency] workers=12 | throughput=0.6 tiles/s | fail_rate=0.0% | → nudge up
  [6970/10000] (70%) ok=6969 fail=1 workers=12
  [6980/10000] (70%) ok=6979 fail=1 workers=12
  [concurrency] workers=8 | throughput=0.5 tiles/s | fail_rate=0.0% | ↓ decrease (throughput degrading)
  [6990/10000] (70%) ok=6989 fail=1 workers=8
  [7000/10000] (70%) ok=6999 fail=1 workers=8
  [concurrency] workers=12 | throughput=0.5 tiles/s | fail_rate=0.0% | → nudge up
  checkpoint saved at 7000 ok tiles
  [7010/10000] (70%) ok=7009 fail=1 workers=12
  [7020/10000] (70%) ok=7019 fail=1 workers=12
  [concurrency] workers=16 | throughput=0.5 tiles/s | fail_rate=0.0% | → nudge up
  [7030/10000] (70%) ok=7029 fail=1 workers=16
  [7040/10000] (70%) ok=7039 fail=1 workers=16
  [concurrency] workers=16 | throughput=0.5 tiles/s | fail_rate=0.0% | → nudge up
  [7050/10000] (70%) ok=7049 fail=1 workers=16
  [7060/10000] (71%) ok=7059 fail=1 workers=16
  [concurrency] workers=16 | throughput=0.6 tiles/s | fail_rate=0.0% | → nudge up
  [7070/10000] (71%) ok=7069 fail=1 workers=16
  [7080/10000] (71%) ok=7079 fail=1 workers=16
  [concurrency] workers=8 | throughput=0.5 tiles/s | fail_rate=0.0% | ↓ decrease (throughput degrading)
  [7090/10000] (71%) ok=7089 fail=1 workers=8
  [7100/10000] (71%) ok=7099 fail=1 workers=8
  [concurrency] workers=12 | throughput=0.6 tiles/s | fail_rate=0.0% | → nudge up
  [7110/10000] (71%) ok=7109 fail=1 workers=12
  [7120/10000] (71%) ok=7119 fail=1 workers=12
  [concurrency] workers=8 | throughput=0.4 tiles/s | fail_rate=0.0% | ↓ decrease (throughput degrading)
  [7130/10000] (71%) ok=7129 fail=1 workers=8
  [7140/10000] (71%) ok=7139 fail=1 workers=8
  [concurrency] workers=12 | throughput=0.5 tiles/s | fail_rate=0.0% | → nudge up
  [7150/10000] (72%) ok=7149 fail=1 workers=12
  [7160/10000] (72%) ok=7159 fail=1 workers=12
  [concurrency] workers=16 | throughput=0.5 tiles/s | fail_rate=0.0% | → nudge up
  [7170/10000] (72%) ok=7169 fail=1 workers=16
  [7180/10000] (72%) ok=7179 fail=1 workers=16
  [concurrency] workers=16 | throughput=0.5 tiles/s | fail_rate=0.0% | → nudge up
  [7190/10000] (72%) ok=7189 fail=1 workers=16
  [7200/10000] (72%) ok=7199 fail=1 workers=16
  [concurrency] workers=16 | throughput=0.5 tiles/s | fail_rate=0.0% | → nudge up
  checkpoint saved at 7200 ok tiles
  [7210/10000] (72%) ok=7209 fail=1 workers=16
  [7220/10000] (72%) ok=7219 fail=1 workers=16
  [concurrency] workers=16 | throughput=0.5 tiles/s | fail_rate=0.0% | → nudge up
  [7230/10000] (72%) ok=7229 fail=1 workers=16
  [7240/10000] (72%) ok=7239 fail=1 workers=16
  [concurrency] workers=16 | throughput=0.5 tiles/s | fail_rate=0.0% | → nudge up
  [7250/10000] (72%) ok=7249 fail=1 workers=16
  [7260/10000] (73%) ok=7259 fail=1 workers=16
  [concurrency] workers=16 | throughput=0.6 tiles/s | fail_rate=0.0% | → nudge up
  [7270/10000] (73%) ok=7269 fail=1 workers=16
  [7280/10000] (73%) ok=7279 fail=1 workers=16
  [concurrency] workers=8 | throughput=0.5 tiles/s | fail_rate=0.0% | ↓ decrease (throughput degrading)
  [7290/10000] (73%) ok=7289 fail=1 workers=8
  [7300/10000] (73%) ok=7299 fail=1 workers=8
  [concurrency] workers=12 | throughput=0.4 tiles/s | fail_rate=0.0% | → nudge up
  [7310/10000] (73%) ok=7309 fail=1 workers=12
  [7320/10000] (73%) ok=7319 fail=1 workers=12
  [concurrency] workers=16 | throughput=0.5 tiles/s | fail_rate=0.0% | → nudge up
  [7330/10000] (73%) ok=7329 fail=1 workers=16
  [7340/10000] (73%) ok=7339 fail=1 workers=16
  [concurrency] workers=16 | throughput=0.6 tiles/s | fail_rate=0.0% | → nudge up
  [7350/10000] (74%) ok=7349 fail=1 workers=16
  [7360/10000] (74%) ok=7359 fail=1 workers=16
  [concurrency] workers=16 | throughput=0.6 tiles/s | fail_rate=0.0% | → nudge up
  [7370/10000] (74%) ok=7369 fail=1 workers=16
  [7380/10000] (74%) ok=7379 fail=1 workers=16
  [concurrency] workers=8 | throughput=0.5 tiles/s | fail_rate=0.0% | ↓ decrease (throughput degrading)
  [7390/10000] (74%) ok=7389 fail=1 workers=8
  [7400/10000] (74%) ok=7399 fail=1 workers=8
  [concurrency] workers=12 | throughput=0.6 tiles/s | fail_rate=0.0% | → nudge up
  checkpoint saved at 7400 ok tiles
  [7410/10000] (74%) ok=7409 fail=1 workers=12
  [7420/10000] (74%) ok=7419 fail=1 workers=12
  [concurrency] workers=16 | throughput=0.5 tiles/s | fail_rate=0.0% | → nudge up
  [7430/10000] (74%) ok=7429 fail=1 workers=16
  [7440/10000] (74%) ok=7439 fail=1 workers=16
  [concurrency] workers=16 | throughput=0.6 tiles/s | fail_rate=0.0% | → nudge up
  [7450/10000] (74%) ok=7449 fail=1 workers=16
  [7460/10000] (75%) ok=7459 fail=1 workers=16
  [concurrency] workers=8 | throughput=0.5 tiles/s | fail_rate=0.0% | ↓ decrease (throughput degrading)
  [7470/10000] (75%) ok=7469 fail=1 workers=8
  [7480/10000] (75%) ok=7479 fail=1 workers=8
  [concurrency] workers=12 | throughput=0.6 tiles/s | fail_rate=0.0% | → nudge up
  [7490/10000] (75%) ok=7489 fail=1 workers=12
  [7500/10000] (75%) ok=7499 fail=1 workers=12
  [concurrency] workers=8 | throughput=0.5 tiles/s | fail_rate=0.0% | ↓ decrease (throughput degrading)
  [7510/10000] (75%) ok=7509 fail=1 workers=8
  [7520/10000] (75%) ok=7519 fail=1 workers=8
  [concurrency] workers=12 | throughput=0.5 tiles/s | fail_rate=0.0% | → nudge up
  [7530/10000] (75%) ok=7529 fail=1 workers=12
  [7540/10000] (75%) ok=7539 fail=1 workers=12
  [concurrency] workers=16 | throughput=0.5 tiles/s | fail_rate=0.0% | → nudge up
  [7550/10000] (76%) ok=7549 fail=1 workers=16
  [7560/10000] (76%) ok=7559 fail=1 workers=16
  [concurrency] workers=16 | throughput=0.6 tiles/s | fail_rate=0.0% | → nudge up
  [7570/10000] (76%) ok=7569 fail=1 workers=16
  [7580/10000] (76%) ok=7579 fail=1 workers=16
  [concurrency] workers=8 | throughput=0.5 tiles/s | fail_rate=0.0% | ↓ decrease (throughput degrading)
  [7590/10000] (76%) ok=7589 fail=1 workers=8
  [7600/10000] (76%) ok=7599 fail=1 workers=8
  [concurrency] workers=12 | throughput=0.5 tiles/s | fail_rate=0.0% | → nudge up
  checkpoint saved at 7600 ok tiles
  [7610/10000] (76%) ok=7609 fail=1 workers=12
  [7620/10000] (76%) ok=7619 fail=1 workers=12
  [concurrency] workers=16 | throughput=0.5 tiles/s | fail_rate=0.0% | → nudge up
  [7630/10000] (76%) ok=7629 fail=1 workers=16
  [7640/10000] (76%) ok=7639 fail=1 workers=16
  [concurrency] workers=16 | throughput=0.6 tiles/s | fail_rate=0.0% | → nudge up
  [7650/10000] (76%) ok=7649 fail=1 workers=16
  [7660/10000] (77%) ok=7659 fail=1 workers=16
  [concurrency] workers=16 | throughput=0.5 tiles/s | fail_rate=0.0% | → nudge up
  [7670/10000] (77%) ok=7669 fail=1 workers=16
  [7680/10000] (77%) ok=7679 fail=1 workers=16
  [concurrency] workers=16 | throughput=0.6 tiles/s | fail_rate=0.0% | → nudge up
  [7690/10000] (77%) ok=7689 fail=1 workers=16
  [7700/10000] (77%) ok=7699 fail=1 workers=16
  [concurrency] workers=16 | throughput=0.6 tiles/s | fail_rate=0.0% | → nudge up
  [7710/10000] (77%) ok=7709 fail=1 workers=16
  [7720/10000] (77%) ok=7719 fail=1 workers=16
  [concurrency] workers=8 | throughput=0.5 tiles/s | fail_rate=0.0% | ↓ decrease (throughput degrading)
  [7730/10000] (77%) ok=7729 fail=1 workers=8
  [7740/10000] (77%) ok=7739 fail=1 workers=8
  [concurrency] workers=12 | throughput=0.5 tiles/s | fail_rate=0.0% | → nudge up
  [7750/10000] (78%) ok=7749 fail=1 workers=12
  [7760/10000] (78%) ok=7759 fail=1 workers=12
  [concurrency] workers=16 | throughput=0.6 tiles/s | fail_rate=0.0% | → nudge up
  [7770/10000] (78%) ok=7769 fail=1 workers=16
  [7780/10000] (78%) ok=7779 fail=1 workers=16
  [concurrency] workers=8 | throughput=0.5 tiles/s | fail_rate=0.0% | ↓ decrease (throughput degrading)
  [7790/10000] (78%) ok=7789 fail=1 workers=8
  [7800/10000] (78%) ok=7799 fail=1 workers=8
  [concurrency] workers=12 | throughput=0.5 tiles/s | fail_rate=0.0% | → nudge up
  checkpoint saved at 7800 ok tiles
  [7810/10000] (78%) ok=7809 fail=1 workers=12
  [7820/10000] (78%) ok=7819 fail=1 workers=12
  [concurrency] workers=16 | throughput=0.5 tiles/s | fail_rate=0.0% | → nudge up
  [7830/10000] (78%) ok=7829 fail=1 workers=16
  [7840/10000] (78%) ok=7839 fail=1 workers=16
  [concurrency] workers=8 | throughput=0.5 tiles/s | fail_rate=0.0% | ↓ decrease (throughput degrading)
  [7850/10000] (78%) ok=7849 fail=1 workers=8
  [7860/10000] (79%) ok=7859 fail=1 workers=8
  [concurrency] workers=16 | throughput=0.6 tiles/s | fail_rate=0.0% | ↑ increase (throughput improving)
  [7870/10000] (79%) ok=7869 fail=1 workers=16
  [7880/10000] (79%) ok=7879 fail=1 workers=16
  [concurrency] workers=8 | throughput=0.5 tiles/s | fail_rate=0.0% | ↓ decrease (throughput degrading)
  [7890/10000] (79%) ok=7889 fail=1 workers=8
  [7900/10000] (79%) ok=7899 fail=1 workers=8
  [concurrency] workers=12 | throughput=0.5 tiles/s | fail_rate=0.0% | → nudge up
  [7910/10000] (79%) ok=7909 fail=1 workers=12
  [7920/10000] (79%) ok=7919 fail=1 workers=12
  [concurrency] workers=16 | throughput=0.5 tiles/s | fail_rate=0.0% | → nudge up
  [7930/10000] (79%) ok=7929 fail=1 workers=16
  [7940/10000] (79%) ok=7939 fail=1 workers=16
  [concurrency] workers=16 | throughput=0.6 tiles/s | fail_rate=0.0% | → nudge up
  [7950/10000] (80%) ok=7949 fail=1 workers=16
  [7960/10000] (80%) ok=7959 fail=1 workers=16
  [concurrency] workers=8 | throughput=0.5 tiles/s | fail_rate=0.0% | ↓ decrease (throughput degrading)
  [7970/10000] (80%) ok=7969 fail=1 workers=8
  [7980/10000] (80%) ok=7979 fail=1 workers=8
  [concurrency] workers=12 | throughput=0.5 tiles/s | fail_rate=0.0% | → nudge up
  [7990/10000] (80%) ok=7989 fail=1 workers=12
  [8000/10000] (80%) ok=7999 fail=1 workers=12
  [concurrency] workers=16 | throughput=0.6 tiles/s | fail_rate=0.0% | → nudge up
  checkpoint saved at 8000 ok tiles
  [8010/10000] (80%) ok=8009 fail=1 workers=16
  [8020/10000] (80%) ok=8019 fail=1 workers=16
  [concurrency] workers=8 | throughput=0.5 tiles/s | fail_rate=0.0% | ↓ decrease (throughput degrading)
  [8030/10000] (80%) ok=8029 fail=1 workers=8
  [8040/10000] (80%) ok=8039 fail=1 workers=8
  [concurrency] workers=12 | throughput=0.5 tiles/s | fail_rate=0.0% | → nudge up
  [8050/10000] (80%) ok=8049 fail=1 workers=12
  [8060/10000] (81%) ok=8059 fail=1 workers=12
  [concurrency] workers=16 | throughput=0.5 tiles/s | fail_rate=0.0% | → nudge up
  [8070/10000] (81%) ok=8069 fail=1 workers=16
  [8080/10000] (81%) ok=8079 fail=1 workers=16
  [concurrency] workers=16 | throughput=0.5 tiles/s | fail_rate=0.0% | → nudge up
  [8090/10000] (81%) ok=8089 fail=1 workers=16
  [8100/10000] (81%) ok=8099 fail=1 workers=16
  [concurrency] workers=16 | throughput=0.5 tiles/s | fail_rate=0.0% | → nudge up
  [8110/10000] (81%) ok=8109 fail=1 workers=16
  [8120/10000] (81%) ok=8119 fail=1 workers=16
  [concurrency] workers=16 | throughput=0.6 tiles/s | fail_rate=0.0% | → nudge up
  [8130/10000] (81%) ok=8129 fail=1 workers=16
  [8140/10000] (81%) ok=8139 fail=1 workers=16
  [concurrency] workers=16 | throughput=0.5 tiles/s | fail_rate=0.0% | → nudge up
  [8150/10000] (82%) ok=8149 fail=1 workers=16
  [8160/10000] (82%) ok=8159 fail=1 workers=16
  [concurrency] workers=16 | throughput=0.5 tiles/s | fail_rate=0.0% | → nudge up
  [8170/10000] (82%) ok=8169 fail=1 workers=16
  [8180/10000] (82%) ok=8179 fail=1 workers=16
  [concurrency] workers=16 | throughput=0.5 tiles/s | fail_rate=0.0% | → nudge up
  [8190/10000] (82%) ok=8189 fail=1 workers=16
  [8200/10000] (82%) ok=8199 fail=1 workers=16
  [concurrency] workers=16 | throughput=0.5 tiles/s | fail_rate=0.0% | → nudge up
  checkpoint saved at 8200 ok tiles
  [8210/10000] (82%) ok=8209 fail=1 workers=16
  [8220/10000] (82%) ok=8219 fail=1 workers=16
  [concurrency] workers=16 | throughput=0.5 tiles/s | fail_rate=0.0% | → nudge up
  [8230/10000] (82%) ok=8229 fail=1 workers=16
  [8240/10000] (82%) ok=8239 fail=1 workers=16
  [concurrency] workers=16 | throughput=0.5 tiles/s | fail_rate=0.0% | → nudge up
  [8250/10000] (82%) ok=8249 fail=1 workers=16
  [8260/10000] (83%) ok=8259 fail=1 workers=16
  [concurrency] workers=16 | throughput=0.6 tiles/s | fail_rate=0.0% | → nudge up
  [8270/10000] (83%) ok=8269 fail=1 workers=16
  [8280/10000] (83%) ok=8279 fail=1 workers=16
  [concurrency] workers=16 | throughput=0.6 tiles/s | fail_rate=0.0% | → nudge up
  [8290/10000] (83%) ok=8289 fail=1 workers=16
  [8300/10000] (83%) ok=8299 fail=1 workers=16
  [concurrency] workers=8 | throughput=0.5 tiles/s | fail_rate=0.0% | ↓ decrease (throughput degrading)
  [8310/10000] (83%) ok=8309 fail=1 workers=8
  [8320/10000] (83%) ok=8319 fail=1 workers=8
  [concurrency] workers=8 | throughput=0.3 tiles/s | fail_rate=0.0% | ↓ decrease (throughput degrading)
  [8330/10000] (83%) ok=8329 fail=1 workers=8
  [8340/10000] (83%) ok=8339 fail=1 workers=8
  [concurrency] workers=12 | throughput=0.5 tiles/s | fail_rate=0.0% | → nudge up
  [8350/10000] (84%) ok=8349 fail=1 workers=12
  [8360/10000] (84%) ok=8359 fail=1 workers=12
  [concurrency] workers=16 | throughput=0.4 tiles/s | fail_rate=0.0% | → nudge up
  [8370/10000] (84%) ok=8369 fail=1 workers=16
  [8380/10000] (84%) ok=8379 fail=1 workers=16
  [concurrency] workers=16 | throughput=0.6 tiles/s | fail_rate=0.0% | → nudge up
  [8390/10000] (84%) ok=8389 fail=1 workers=16
  [8400/10000] (84%) ok=8399 fail=1 workers=16
  [concurrency] workers=16 | throughput=0.6 tiles/s | fail_rate=0.0% | → nudge up
  checkpoint saved at 8400 ok tiles
  [8410/10000] (84%) ok=8409 fail=1 workers=16
  [8420/10000] (84%) ok=8419 fail=1 workers=16
  [concurrency] workers=16 | throughput=0.5 tiles/s | fail_rate=0.0% | → nudge up
  [8430/10000] (84%) ok=8429 fail=1 workers=16
  [8440/10000] (84%) ok=8439 fail=1 workers=16
  [concurrency] workers=8 | throughput=0.4 tiles/s | fail_rate=0.0% | ↓ decrease (throughput degrading)
  [8450/10000] (84%) ok=8449 fail=1 workers=8
  [8460/10000] (85%) ok=8459 fail=1 workers=8
  [concurrency] workers=12 | throughput=0.6 tiles/s | fail_rate=0.0% | → nudge up
  [8470/10000] (85%) ok=8469 fail=1 workers=12
  [8480/10000] (85%) ok=8479 fail=1 workers=12
  [concurrency] workers=16 | throughput=0.6 tiles/s | fail_rate=0.0% | → nudge up
  [8490/10000] (85%) ok=8489 fail=1 workers=16
  [8500/10000] (85%) ok=8499 fail=1 workers=16
  [concurrency] workers=16 | throughput=0.5 tiles/s | fail_rate=0.0% | → nudge up
  [8510/10000] (85%) ok=8509 fail=1 workers=16
  [8520/10000] (85%) ok=8519 fail=1 workers=16
  [concurrency] workers=16 | throughput=0.5 tiles/s | fail_rate=0.0% | → nudge up
  [8530/10000] (85%) ok=8529 fail=1 workers=16
  [8540/10000] (85%) ok=8539 fail=1 workers=16
  [concurrency] workers=16 | throughput=0.5 tiles/s | fail_rate=0.0% | → nudge up
  [8550/10000] (86%) ok=8549 fail=1 workers=16
  [8560/10000] (86%) ok=8559 fail=1 workers=16
  [concurrency] workers=16 | throughput=0.5 tiles/s | fail_rate=0.0% | → nudge up
  [8570/10000] (86%) ok=8569 fail=1 workers=16
  [8580/10000] (86%) ok=8579 fail=1 workers=16
  [concurrency] workers=16 | throughput=0.6 tiles/s | fail_rate=0.0% | → nudge up
  [8590/10000] (86%) ok=8589 fail=1 workers=16
  [8600/10000] (86%) ok=8599 fail=1 workers=16
  [concurrency] workers=16 | throughput=0.5 tiles/s | fail_rate=0.0% | → nudge up
  checkpoint saved at 8600 ok tiles
  [8610/10000] (86%) ok=8609 fail=1 workers=16
  [8620/10000] (86%) ok=8619 fail=1 workers=16
  [concurrency] workers=8 | throughput=0.5 tiles/s | fail_rate=0.0% | ↓ decrease (throughput degrading)
  [8630/10000] (86%) ok=8629 fail=1 workers=8
  [8640/10000] (86%) ok=8639 fail=1 workers=8
  [concurrency] workers=12 | throughput=0.5 tiles/s | fail_rate=0.0% | → nudge up
  [8650/10000] (86%) ok=8649 fail=1 workers=12
  [8660/10000] (87%) ok=8659 fail=1 workers=12
  [concurrency] workers=16 | throughput=0.6 tiles/s | fail_rate=0.0% | → nudge up
  [8670/10000] (87%) ok=8669 fail=1 workers=16
  [8680/10000] (87%) ok=8679 fail=1 workers=16
  [concurrency] workers=16 | throughput=0.5 tiles/s | fail_rate=0.0% | → nudge up
  [8690/10000] (87%) ok=8689 fail=1 workers=16
  [8700/10000] (87%) ok=8699 fail=1 workers=16
  [concurrency] workers=16 | throughput=0.5 tiles/s | fail_rate=0.0% | → nudge up
  [8710/10000] (87%) ok=8709 fail=1 workers=16
  [8720/10000] (87%) ok=8719 fail=1 workers=16
  [concurrency] workers=16 | throughput=0.5 tiles/s | fail_rate=0.0% | → nudge up
  [8730/10000] (87%) ok=8729 fail=1 workers=16
  [8740/10000] (87%) ok=8739 fail=1 workers=16
  [concurrency] workers=16 | throughput=0.5 tiles/s | fail_rate=0.0% | → nudge up
  [8750/10000] (88%) ok=8749 fail=1 workers=16
  [8760/10000] (88%) ok=8759 fail=1 workers=16
  [concurrency] workers=16 | throughput=0.6 tiles/s | fail_rate=0.0% | → nudge up
  [8770/10000] (88%) ok=8769 fail=1 workers=16
  [8780/10000] (88%) ok=8779 fail=1 workers=16
  [concurrency] workers=16 | throughput=0.5 tiles/s | fail_rate=0.0% | → nudge up
  [8790/10000] (88%) ok=8789 fail=1 workers=16
  [8800/10000] (88%) ok=8799 fail=1 workers=16
  [concurrency] workers=16 | throughput=0.5 tiles/s | fail_rate=0.0% | → nudge up
  checkpoint saved at 8800 ok tiles
  [8810/10000] (88%) ok=8809 fail=1 workers=16
  [8820/10000] (88%) ok=8819 fail=1 workers=16
  [concurrency] workers=8 | throughput=0.5 tiles/s | fail_rate=0.0% | ↓ decrease (throughput degrading)
  [8830/10000] (88%) ok=8829 fail=1 workers=8
  [8840/10000] (88%) ok=8839 fail=1 workers=8
  [concurrency] workers=12 | throughput=0.6 tiles/s | fail_rate=0.0% | → nudge up
  [8850/10000] (88%) ok=8849 fail=1 workers=12
  [8860/10000] (89%) ok=8859 fail=1 workers=12
  [concurrency] workers=16 | throughput=0.5 tiles/s | fail_rate=0.0% | → nudge up
  [8870/10000] (89%) ok=8869 fail=1 workers=16
  [8880/10000] (89%) ok=8879 fail=1 workers=16
  [concurrency] workers=16 | throughput=0.5 tiles/s | fail_rate=0.0% | → nudge up
  [8890/10000] (89%) ok=8889 fail=1 workers=16
  [8900/10000] (89%) ok=8899 fail=1 workers=16
  [concurrency] workers=8 | throughput=0.5 tiles/s | fail_rate=0.0% | ↓ decrease (throughput degrading)
  [8910/10000] (89%) ok=8909 fail=1 workers=8
  [8920/10000] (89%) ok=8919 fail=1 workers=8
  [concurrency] workers=12 | throughput=0.6 tiles/s | fail_rate=0.0% | → nudge up
  [8930/10000] (89%) ok=8929 fail=1 workers=12
  [8940/10000] (89%) ok=8939 fail=1 workers=12
  [concurrency] workers=16 | throughput=0.5 tiles/s | fail_rate=0.0% | → nudge up
  [8950/10000] (90%) ok=8949 fail=1 workers=16
  [8960/10000] (90%) ok=8959 fail=1 workers=16
  [concurrency] workers=16 | throughput=0.5 tiles/s | fail_rate=0.0% | → nudge up
  [8970/10000] (90%) ok=8969 fail=1 workers=16
  [8980/10000] (90%) ok=8979 fail=1 workers=16
  [concurrency] workers=16 | throughput=0.5 tiles/s | fail_rate=0.0% | → nudge up
  [8990/10000] (90%) ok=8989 fail=1 workers=16
  [9000/10000] (90%) ok=8999 fail=1 workers=16
  [concurrency] workers=16 | throughput=0.6 tiles/s | fail_rate=0.0% | → nudge up
  checkpoint saved at 9000 ok tiles
  [9010/10000] (90%) ok=9009 fail=1 workers=16
  [9020/10000] (90%) ok=9019 fail=1 workers=16
  [concurrency] workers=8 | throughput=0.5 tiles/s | fail_rate=0.0% | ↓ decrease (throughput degrading)
  [9030/10000] (90%) ok=9029 fail=1 workers=8
  [9040/10000] (90%) ok=9039 fail=1 workers=8
  [concurrency] workers=12 | throughput=0.6 tiles/s | fail_rate=0.0% | → nudge up
  [9050/10000] (90%) ok=9049 fail=1 workers=12
  [9060/10000] (91%) ok=9059 fail=1 workers=12
  [concurrency] workers=8 | throughput=0.5 tiles/s | fail_rate=0.0% | ↓ decrease (throughput degrading)
  [9070/10000] (91%) ok=9069 fail=1 workers=8
  [9080/10000] (91%) ok=9079 fail=1 workers=8
  [concurrency] workers=12 | throughput=0.6 tiles/s | fail_rate=0.0% | → nudge up
  [9090/10000] (91%) ok=9089 fail=1 workers=12
  [9100/10000] (91%) ok=9099 fail=1 workers=12
  [concurrency] workers=8 | throughput=0.5 tiles/s | fail_rate=0.0% | ↓ decrease (throughput degrading)
  [9110/10000] (91%) ok=9109 fail=1 workers=8
  [9120/10000] (91%) ok=9119 fail=1 workers=8
  [concurrency] workers=12 | throughput=0.6 tiles/s | fail_rate=0.0% | → nudge up
  [9130/10000] (91%) ok=9129 fail=1 workers=12
  [9140/10000] (91%) ok=9139 fail=1 workers=12
  [concurrency] workers=8 | throughput=0.5 tiles/s | fail_rate=0.0% | ↓ decrease (throughput degrading)
  [9150/10000] (92%) ok=9149 fail=1 workers=8
  [9160/10000] (92%) ok=9159 fail=1 workers=8
  [concurrency] workers=12 | throughput=0.6 tiles/s | fail_rate=0.0% | → nudge up
  [9170/10000] (92%) ok=9169 fail=1 workers=12
  [9180/10000] (92%) ok=9179 fail=1 workers=12
  [concurrency] workers=8 | throughput=0.5 tiles/s | fail_rate=0.0% | ↓ decrease (throughput degrading)
  [9190/10000] (92%) ok=9189 fail=1 workers=8
  [9200/10000] (92%) ok=9199 fail=1 workers=8
  [concurrency] workers=12 | throughput=0.5 tiles/s | fail_rate=0.0% | → nudge up
  checkpoint saved at 9200 ok tiles
  [9210/10000] (92%) ok=9209 fail=1 workers=12
  [9220/10000] (92%) ok=9219 fail=1 workers=12
  [concurrency] workers=16 | throughput=0.5 tiles/s | fail_rate=0.0% | → nudge up
  [9230/10000] (92%) ok=9229 fail=1 workers=16
  [9240/10000] (92%) ok=9239 fail=1 workers=16
  [concurrency] workers=16 | throughput=0.5 tiles/s | fail_rate=0.0% | → nudge up
  [9250/10000] (92%) ok=9249 fail=1 workers=16
  [9260/10000] (93%) ok=9259 fail=1 workers=16
  [concurrency] workers=16 | throughput=0.5 tiles/s | fail_rate=0.0% | → nudge up
  [9270/10000] (93%) ok=9269 fail=1 workers=16
  [9280/10000] (93%) ok=9279 fail=1 workers=16
  [concurrency] workers=16 | throughput=0.5 tiles/s | fail_rate=0.0% | → nudge up
  [9290/10000] (93%) ok=9289 fail=1 workers=16
  [9300/10000] (93%) ok=9299 fail=1 workers=16
  [concurrency] workers=16 | throughput=0.5 tiles/s | fail_rate=0.0% | → nudge up
  [9310/10000] (93%) ok=9309 fail=1 workers=16
  [9320/10000] (93%) ok=9319 fail=1 workers=16
  [concurrency] workers=16 | throughput=0.5 tiles/s | fail_rate=0.0% | → nudge up
  [9330/10000] (93%) ok=9329 fail=1 workers=16
  [9340/10000] (93%) ok=9339 fail=1 workers=16
  [concurrency] workers=16 | throughput=0.6 tiles/s | fail_rate=0.0% | → nudge up
  [9350/10000] (94%) ok=9349 fail=1 workers=16
  [9360/10000] (94%) ok=9359 fail=1 workers=16
  [concurrency] workers=8 | throughput=0.5 tiles/s | fail_rate=0.0% | ↓ decrease (throughput degrading)
  [9370/10000] (94%) ok=9369 fail=1 workers=8
  [9380/10000] (94%) ok=9379 fail=1 workers=8
  [concurrency] workers=12 | throughput=0.5 tiles/s | fail_rate=0.0% | → nudge up
  [9390/10000] (94%) ok=9389 fail=1 workers=12
  [9400/10000] (94%) ok=9399 fail=1 workers=12
  [concurrency] workers=16 | throughput=0.5 tiles/s | fail_rate=0.0% | → nudge up
  checkpoint saved at 9400 ok tiles
  [9410/10000] (94%) ok=9409 fail=1 workers=16
  [9420/10000] (94%) ok=9419 fail=1 workers=16
  [concurrency] workers=16 | throughput=0.6 tiles/s | fail_rate=0.0% | → nudge up
  [9430/10000] (94%) ok=9429 fail=1 workers=16
  [9440/10000] (94%) ok=9439 fail=1 workers=16
  [concurrency] workers=16 | throughput=0.6 tiles/s | fail_rate=0.0% | → nudge up
  [9450/10000] (94%) ok=9449 fail=1 workers=16
  [9460/10000] (95%) ok=9459 fail=1 workers=16
  [concurrency] workers=16 | throughput=0.5 tiles/s | fail_rate=0.0% | → nudge up
  [9470/10000] (95%) ok=9469 fail=1 workers=16
  [9480/10000] (95%) ok=9479 fail=1 workers=16
  [concurrency] workers=16 | throughput=0.5 tiles/s | fail_rate=0.0% | → nudge up
  [9490/10000] (95%) ok=9489 fail=1 workers=16
  [9500/10000] (95%) ok=9499 fail=1 workers=16
  [concurrency] workers=16 | throughput=0.6 tiles/s | fail_rate=0.0% | → nudge up
  [9510/10000] (95%) ok=9509 fail=1 workers=16
  [9520/10000] (95%) ok=9519 fail=1 workers=16
  [concurrency] workers=16 | throughput=0.6 tiles/s | fail_rate=0.0% | → nudge up
  [9530/10000] (95%) ok=9529 fail=1 workers=16
  [9540/10000] (95%) ok=9539 fail=1 workers=16
  [concurrency] workers=16 | throughput=0.6 tiles/s | fail_rate=0.0% | → nudge up
  [9550/10000] (96%) ok=9549 fail=1 workers=16
  [9560/10000] (96%) ok=9559 fail=1 workers=16
  [concurrency] workers=8 | throughput=0.5 tiles/s | fail_rate=0.0% | ↓ decrease (throughput degrading)
  [9570/10000] (96%) ok=9569 fail=1 workers=8
  [9580/10000] (96%) ok=9579 fail=1 workers=8
  [concurrency] workers=12 | throughput=0.6 tiles/s | fail_rate=0.0% | → nudge up
  [9590/10000] (96%) ok=9589 fail=1 workers=12
  [9600/10000] (96%) ok=9599 fail=1 workers=12
  [concurrency] workers=16 | throughput=0.5 tiles/s | fail_rate=0.0% | → nudge up
  checkpoint saved at 9600 ok tiles
  [9610/10000] (96%) ok=9609 fail=1 workers=16
  [9620/10000] (96%) ok=9619 fail=1 workers=16
  [concurrency] workers=16 | throughput=0.5 tiles/s | fail_rate=0.0% | → nudge up
  [9630/10000] (96%) ok=9629 fail=1 workers=16
  [9640/10000] (96%) ok=9639 fail=1 workers=16
  [concurrency] workers=16 | throughput=0.5 tiles/s | fail_rate=0.0% | → nudge up
  [9650/10000] (96%) ok=9649 fail=1 workers=16
  [9660/10000] (97%) ok=9659 fail=1 workers=16
  [concurrency] workers=16 | throughput=0.6 tiles/s | fail_rate=0.0% | → nudge up
  [9670/10000] (97%) ok=9669 fail=1 workers=16
  [9680/10000] (97%) ok=9679 fail=1 workers=16
  [concurrency] workers=8 | throughput=0.5 tiles/s | fail_rate=0.0% | ↓ decrease (throughput degrading)
  [9690/10000] (97%) ok=9689 fail=1 workers=8
  [9700/10000] (97%) ok=9699 fail=1 workers=8
  [concurrency] workers=12 | throughput=0.5 tiles/s | fail_rate=0.0% | → nudge up
  [9710/10000] (97%) ok=9709 fail=1 workers=12
  [9720/10000] (97%) ok=9719 fail=1 workers=12
  [concurrency] workers=16 | throughput=0.5 tiles/s | fail_rate=0.0% | → nudge up
  [9730/10000] (97%) ok=9729 fail=1 workers=16
  [9740/10000] (97%) ok=9739 fail=1 workers=16
  [concurrency] workers=8 | throughput=0.3 tiles/s | fail_rate=0.0% | ↓ decrease (throughput degrading)
  [9750/10000] (98%) ok=9749 fail=1 workers=8
  [9760/10000] (98%) ok=9759 fail=1 workers=8
  [concurrency] workers=12 | throughput=0.6 tiles/s | fail_rate=0.0% | → nudge up
  [9770/10000] (98%) ok=9769 fail=1 workers=12
  [9780/10000] (98%) ok=9779 fail=1 workers=12
  [concurrency] workers=16 | throughput=0.5 tiles/s | fail_rate=0.0% | → nudge up
  [9790/10000] (98%) ok=9789 fail=1 workers=16
  [9800/10000] (98%) ok=9799 fail=1 workers=16
  [concurrency] workers=16 | throughput=0.5 tiles/s | fail_rate=0.0% | → nudge up
  checkpoint saved at 9800 ok tiles
  [9810/10000] (98%) ok=9809 fail=1 workers=16
  [9820/10000] (98%) ok=9819 fail=1 workers=16
  [concurrency] workers=16 | throughput=0.6 tiles/s | fail_rate=0.0% | → nudge up
  [9830/10000] (98%) ok=9829 fail=1 workers=16
  [9840/10000] (98%) ok=9839 fail=1 workers=16
  [concurrency] workers=16 | throughput=0.6 tiles/s | fail_rate=0.0% | → nudge up
  [9850/10000] (98%) ok=9849 fail=1 workers=16
  [9860/10000] (99%) ok=9859 fail=1 workers=16
  [concurrency] workers=16 | throughput=0.6 tiles/s | fail_rate=0.0% | → nudge up
  [9870/10000] (99%) ok=9869 fail=1 workers=16
  [9880/10000] (99%) ok=9879 fail=1 workers=16
  [concurrency] workers=8 | throughput=0.5 tiles/s | fail_rate=0.0% | ↓ decrease (throughput degrading)
  [9890/10000] (99%) ok=9889 fail=1 workers=8
  [9900/10000] (99%) ok=9899 fail=1 workers=8
  [concurrency] workers=12 | throughput=0.6 tiles/s | fail_rate=0.0% | → nudge up
  [9910/10000] (99%) ok=9909 fail=1 workers=12
  [9920/10000] (99%) ok=9919 fail=1 workers=12
  [concurrency] workers=8 | throughput=0.5 tiles/s | fail_rate=0.0% | ↓ decrease (throughput degrading)
  [9930/10000] (99%) ok=9929 fail=1 workers=8
  [9940/10000] (99%) ok=9939 fail=1 workers=8
  [concurrency] workers=12 | throughput=0.5 tiles/s | fail_rate=0.0% | → nudge up
  [9950/10000] (100%) ok=9949 fail=1 workers=12
  [9960/10000] (100%) ok=9959 fail=1 workers=12
  [concurrency] workers=16 | throughput=0.6 tiles/s | fail_rate=0.0% | → nudge up
  [9970/10000] (100%) ok=9969 fail=1 workers=16
  [9980/10000] (100%) ok=9979 fail=1 workers=16
  [concurrency] workers=8 | throughput=0.5 tiles/s | fail_rate=0.0% | ↓ decrease (throughput degrading)
  [9990/10000] (100%) ok=9989 fail=1 workers=8
  [10000/10000] (100%) ok=9999 fail=1 workers=8
  [concurrency] workers=8 | throughput=0.4 tiles/s | fail_rate=0.0% | ↓ decrease (throughput degrading)

  Concurrency tuning summary:
   workers    tiles/s  fail_rate
         8       0.22       0.0% ← best
        16       0.47       0.0%
        16       0.32       0.0%
         8       0.56       0.0% ← best
        16       0.53       0.0%
        16       0.55       0.0%
        16       0.47       0.0%
         8       0.51       0.0% ← best
        12       0.52       0.0%
        16       0.52       0.0%
        16       0.47       0.0%
        16       0.23       0.0%
         8       0.51       5.0% ← best
        12       0.55       0.0%
        16       0.61       0.0%
        16       0.45       0.0%
         8       0.53       0.0% ← best
        12       0.46       0.0%
         8       0.50       0.0% ← best
        12       0.52       0.0%
        16       0.54       0.0%
        16       0.52       0.0%
        16       0.45       0.0%
         8       0.56       0.0% ← best
        12       0.50       0.0%
         8       0.52       0.0% ← best
        12       0.43       0.0%
         8       0.57       0.0% ← best
        12       0.48       0.0%
         8       0.51       0.0% ← best
        12       0.49       0.0%
        16       0.50       0.0%
        16       0.54       0.0%
        16       0.55       0.0%
        16       0.46       0.0%
         8       0.43       0.0% ← best
        12       0.53       0.0%
        16       0.54       0.0%
        16       0.48       0.0%
         8       0.51       0.0% ← best
        12       0.44       0.0%
         8       0.56       0.0% ← best
        12       0.49       0.0%
         8       0.57       0.0% ← best
        12       0.47       0.0%
         8       0.44       0.0% ← best
        12       0.47       0.0%
        16       0.53       0.0%
        16       0.49       0.0%
        16       0.46       0.0%
        16       0.53       0.0%
        16       0.48       0.0%
        16       0.49       0.0%
        16       0.55       0.0%
        16       0.54       0.0%
        16       0.46       0.0%
         8       0.53       0.0% ← best
        12       0.53       0.0%
        16       0.57       0.0%
        16       0.43       0.0%
         8       0.45       0.0% ← best
        12       0.48       0.0%
        16       0.55       0.0%
        16       0.52       0.0%
        16       0.45       0.0%
         8       0.46       0.0% ← best
        12       0.56       0.0%
        16       0.47       0.0%
         8       0.43       0.0% ← best
        12       0.47       0.0%
        16       0.55       0.0%
        16       0.52       0.0%
        16       0.50       0.0%
        16       0.45       0.0%
         8       0.51       0.0% ← best
        12       0.44       0.0%
         8       0.27       0.0% ← best
         8       0.57       0.0% ← best
        12       0.50       0.0%
         8       0.45       0.0% ← best
        12       0.52       0.0%
        16       0.54       0.0%
        16       0.55       0.0%
        16       0.47       0.0%
         8       0.54       0.0% ← best
        12       0.50       0.0%
        16       0.53       0.0%
        16       0.58       0.0%
        16       0.55       0.0%
        16       0.56       0.0%
        16       0.43       0.0%
         8       0.53       0.0% ← best
        12       0.50       0.0%
        16       0.55       0.0%
        16       0.55       0.0%
        16       0.51       0.0%
        16       0.53       0.0%
        16       0.41       0.0%
         8       0.53       0.0% ← best
        12       0.53       0.0%
        16       0.54       0.0%
        16       0.54       0.0%
        16       0.45       0.0%
         8       0.48       0.0% ← best
        12       0.49       0.0%
        16       0.53       0.0%
        16       0.48       0.0%
        16       0.52       0.0%
        16       0.38       0.0%
         8       0.53       0.0% ← best
        12       0.56       0.0%
        16       0.55       0.0%
        16       0.46       0.0%
         8       0.50       0.0% ← best
        12       0.48       0.0%
        16       0.57       0.0%
        16       0.49       0.0%
         8       0.49       0.0% ← best
        12       0.46       0.0%
        16       0.48       0.0%
        16       0.51       0.0%
        16       0.52       0.0%
        16       0.48       0.0%
        16       0.55       0.0%
        16       0.48       0.0%
         8       0.53       0.0% ← best
        12       0.54       0.0%
        16       0.48       0.0%
         8       0.45       0.0% ← best
        12       0.49       0.0%
        16       0.50       0.0%
        16       0.55       0.0%
        16       0.54       0.0%
        16       0.55       0.0%
        16       0.51       0.0%
        16       0.50       0.0%
        16       0.52       0.0%
        16       0.54       0.0%
        16       0.55       0.0%
        16       0.53       0.0%
        16       0.53       0.0%
        16       0.49       0.0%
        16       0.59       0.0%
        16       0.23       0.0%
         8       0.53       0.0% ← best
        12       0.48       0.0%
         8       0.54       0.0% ← best
        12       0.49       0.0%
        16       0.43       0.0%
         8       0.48       0.0% ← best
        12       0.52       0.0%
        16       0.54       0.0%
        16       0.45       0.0%
         8       0.52       0.0% ← best
        12       0.47       0.0%
         8       0.47       0.0% ← best
        12       0.47       0.0%
        16       0.49       0.0%
        16       0.52       0.0%
        16       0.50       0.0%
        16       0.53       0.0%
        16       0.55       0.0%
        16       0.49       0.0%
         8       0.46       0.0% ← best
        12       0.59       0.0%
        16       0.45       0.0%
         8       0.63       0.0% ← best
        16       0.44       0.0%
         8       0.50       0.0% ← best
        12       0.62       0.0%
        16       0.56       0.0%
        16       0.47       0.0%
         8       0.50       0.0% ← best
        12       0.53       0.0%
        16       0.51       0.0%
        16       0.48       0.0%
        16       0.52       0.0%
        16       0.42       0.0%
         8       0.51       0.0% ← best
        12       0.53       0.0%
        16       0.53       0.0%
        16       0.53       0.0%
        16       0.51       0.0%
        16       0.48       0.0%
        16       0.51       0.0%
        16       0.53       0.0%
        16       0.47       0.0%
         8       0.59       0.0% ← best
        12       0.45       0.0%
         8       0.61       0.0% ← best
        12       0.52       0.0%
         8       0.48       0.0% ← best
        12       0.47       0.0%
        16       0.49       0.0%
        16       0.48       0.0%
        16       0.51       0.0%
        16       0.56       0.0%
        16       0.54       0.0%
        16       0.44       0.0%
         8       0.58       0.0% ← best
        12       0.50       0.0%
         8       0.57       0.0% ← best
        12       0.55       0.0%
        16       0.53       0.0%
        16       0.48       0.0%
        16       0.53       0.0%
        16       0.53       0.0%
        16       0.60       0.0%
        16       0.50       0.0%
         8       0.62       0.0% ← best
        12       0.22       0.0%
         8       0.58       0.0% ← best
        12       0.45       0.0%
         8       0.55       0.0% ← best
        12       0.43       0.0%
         8       0.52       0.0% ← best
        12       0.47       0.0%
         8       0.57       0.0% ← best
        12       0.50       0.0%
         8       0.54       0.0% ← best
        12       0.43       0.0%
         8       0.58       0.0% ← best
        12       0.56       0.0%
        16       0.54       0.0%
        16       0.52       0.0%
        16       0.44       0.0%
         8       0.49       0.0% ← best
        12       0.48       0.0%
        16       0.56       0.0%
        16       0.46       0.0%
         8       0.52       0.0% ← best
        12       0.50       0.0%
        16       0.55       0.0%
        16       0.50       0.0%
        16       0.52       0.0%
        16       0.54       0.0%
        16       0.49       0.0%
        16       0.50       0.0%
        16       0.57       0.0%
        16       0.46       0.0%
         8       0.50       0.0% ← best
        12       0.60       0.0%
        16       0.50       0.0%
         8       0.56       0.0% ← best
        12       0.40       0.0%
         8       0.47       0.0% ← best
        12       0.46       0.0%
        16       0.57       0.0%
        16       0.49       0.0%
         8       0.53       0.0% ← best
        12       0.47       0.0%
         8       0.48       0.0% ← best
        12       0.47       0.0%
        16       0.56       0.0%
        16       0.58       0.0%
        16       0.52       0.0%
         8       0.49       0.0% ← best
        12       0.45       0.0%
        16       0.60       0.0%
        16       0.57       0.0%
        16       0.56       0.0%
        16       0.43       0.0%
         8       0.51       0.0% ← best
        12       0.53       0.0%
        16       0.56       0.0%
        16       0.55       0.0%
        16       0.46       0.0%
         8       0.52       0.0% ← best
        12       0.51       0.0%
        16       0.57       0.0%
        16       0.49       0.0%
         8       0.52       0.0% ← best
        12       0.49       0.0%
        16       0.52       0.0%
        16       0.61       0.0%
        16       0.54       0.0%
         8       0.49       0.0% ← best
        12       0.54       0.0%
        16       0.28       0.0%
         8       0.41       0.0% ← best
        12       0.56       0.0%
        16       0.50       0.0%
        16       0.57       0.0%
        16       0.47       0.0%
         8       0.46       0.0% ← best
        12       0.57       0.0%
        16       0.61       0.0%
        16       0.51       0.0%
         8       0.52       0.0% ← best
        12       0.52       0.0%
        16       0.54       0.0%
        16       0.52       0.0%
        16       0.53       0.0%
        16       0.49       0.0%
        16       0.53       0.0%
        16       0.38       0.0%
         8       0.50       0.0% ← best
        12       0.42       0.0%
         8       0.51       0.0% ← best
        12       0.49       0.0%
        16       0.55       0.0%
        16       0.47       0.0%
         8       0.50       0.0% ← best
        12       0.52       0.0%
        16       0.57       0.0%
        16       0.47       0.0%
         8       0.51       0.0% ← best
        12       0.49       0.0%
        16       0.59       0.0%
        16       0.51       0.0%
         8       0.50       0.0% ← best
        12       0.58       0.0%
        16       0.48       0.0%
         8       0.57       0.0% ← best
        12       0.53       0.0%
        16       0.51       0.0%
        16       0.51       0.0%
        16       0.51       0.0%
        16       0.50       0.0%
        16       0.53       0.0%
        16       0.56       0.0%
        16       0.49       0.0%
         8       0.53       0.0% ← best
        12       0.50       0.0%
        16       0.49       0.0%
        16       0.54       0.0%
        16       0.60       0.0%
        16       0.52       0.0%
         8       0.50       0.0% ← best
        12       0.51       0.0%
        16       0.49       0.0%
        16       0.56       0.0%
        16       0.54       0.0%
        16       0.48       0.0%
         8       0.56       0.0% ← best
        12       0.53       0.0%
        16       0.55       0.0%
        16       0.54       0.0%
        16       0.50       0.0%
        16       0.42       0.0%
         8       0.59       0.0% ← best
        12       0.53       0.0%
         8       0.58       0.0% ← best
        12       0.42       0.0%
         8       0.55       0.0% ← best
        12       0.57       0.0%
        16       0.32       0.0%
         8       0.59       0.0% ← best
        12       0.47       0.0%
         8       0.49       0.0% ← best
        12       0.50       0.0%
        16       0.55       0.0%
        16       0.56       0.0%
        16       0.51       0.0%
         8       0.58       0.0% ← best
        12       0.44       0.0%
         8       0.54       0.0% ← best
        12       0.51       0.0%
        16       0.50       0.0%
        16       0.53       0.0%
        16       0.54       0.0%
        16       0.52       0.0%
        16       0.56       0.0%
        16       0.49       0.0%
         8       0.45       0.0% ← best
        12       0.51       0.0%
        16       0.56       0.0%
        16       0.55       0.0%
        16       0.48       0.0%
         8       0.55       0.0% ← best
        12       0.53       0.0%
        16       0.55       0.0%
        16       0.48       0.0%
         8       0.56       0.0% ← best
        12       0.48       0.0%
         8       0.51       0.0% ← best
        12       0.52       0.0%
        16       0.57       0.0%
        16       0.50       0.0%
         8       0.51       0.0% ← best
        12       0.48       0.0%
        16       0.58       0.0%
        16       0.55       0.0%
        16       0.56       0.0%
        16       0.55       0.0%
        16       0.49       0.0%
         8       0.54       0.0% ← best
        12       0.59       0.0%
        16       0.52       0.0%
         8       0.55       0.0% ← best
        12       0.51       0.0%
        16       0.45       0.0%
         8       0.63       0.0% ← best
        16       0.54       0.0%
         8       0.51       0.0% ← best
        12       0.47       0.0%
        16       0.63       0.0%
        16       0.47       0.0%
         8       0.51       0.0% ← best
        12       0.56       0.0%
        16       0.50       0.0%
         8       0.53       0.0% ← best
        12       0.53       0.0%
        16       0.53       0.0%
        16       0.53       0.0%
        16       0.55       0.0%
        16       0.52       0.0%
        16       0.54       0.0%
        16       0.54       0.0%
        16       0.55       0.0%
        16       0.53       0.0%
        16       0.49       0.0%
        16       0.57       0.0%
        16       0.59       0.0%
        16       0.47       0.0%
         8       0.35       0.0% ← best
         8       0.47       0.0% ← best
        12       0.44       0.0%
        16       0.61       0.0%
        16       0.61       0.0%
        16       0.55       0.0%
        16       0.42       0.0%
         8       0.57       0.0% ← best
        12       0.59       0.0%
        16       0.54       0.0%
        16       0.53       0.0%
        16       0.49       0.0%
        16       0.55       0.0%
        16       0.56       0.0%
        16       0.54       0.0%
        16       0.49       0.0%
         8       0.50       0.0% ← best
        12       0.57       0.0%
        16       0.53       0.0%
        16       0.50       0.0%
        16       0.48       0.0%
        16       0.53       0.0%
        16       0.55       0.0%
        16       0.53       0.0%
        16       0.53       0.0%
        16       0.46       0.0%
         8       0.57       0.0% ← best
        12       0.55       0.0%
        16       0.54       0.0%
        16       0.48       0.0%
         8       0.57       0.0% ← best
        12       0.53       0.0%
        16       0.53       0.0%
        16       0.51       0.0%
        16       0.59       0.0%
        16       0.50       0.0%
         8       0.59       0.0% ← best
        12       0.50       0.0%
         8       0.60       0.0% ← best
        12       0.47       0.0%
         8       0.63       0.0% ← best
        12       0.50       0.0%
         8       0.59       0.0% ← best
        12       0.49       0.0%
         8       0.51       0.0% ← best
        12       0.54       0.0%
        16       0.53       0.0%
        16       0.54       0.0%
        16       0.49       0.0%
        16       0.54       0.0%
        16       0.50       0.0%
        16       0.63       0.0%
        16       0.51       0.0%
         8       0.50       0.0% ← best
        12       0.52       0.0%
        16       0.55       0.0%
        16       0.56       0.0%
        16       0.52       0.0%
        16       0.49       0.0%
        16       0.56       0.0%
        16       0.57       0.0%
        16       0.56       0.0%
        16       0.49       0.0%
         8       0.57       0.0% ← best
        12       0.54       0.0%
        16       0.50       0.0%
        16       0.54       0.0%
        16       0.58       0.0%
        16       0.50       0.0%
         8       0.51       0.0% ← best
        12       0.53       0.0%
        16       0.30       0.0%
         8       0.56       0.0% ← best
        12       0.51       0.0%
        16       0.51       0.0%
        16       0.56       0.0%
        16       0.57       0.0%
        16       0.56       0.0%
        16       0.49       0.0%
         8       0.56       0.0% ← best
        12       0.50       0.0%
         8       0.49       0.0% ← best
        12       0.56       0.0%
        16       0.50       0.0%
         8       0.41       0.0% ← best
  Best: 8 workers @ 0.63 tiles/s
  Checkpoint preserved (some assets failed).

  STAC fetch complete: 9999 ok / 1 failed
        fetched ok=9999 fail=1
  [2/4] QC (min_valid_ratio=0.8) ...
  QC [1000/10000] passed=986
  QC [2000/10000] passed=1975
  QC [3000/10000] passed=2962
  QC [4000/10000] passed=3940
  QC [5000/10000] passed=4926
  QC [6000/10000] passed=5914
  QC [7000/10000] passed=6904
  QC [8000/10000] passed=7896
  QC [9000/10000] passed=8881
  QC [10000/10000] passed=9863
QC complete: 9863 passed, 137 failed (10000 total)
        QC passed 9863 / 10000
  [3/4] triage ...
  Triage [1000/9863] high=1000 low=0 contradiction=0
  Triage [2000/9863] high=2000 low=0 contradiction=0
  Triage [3000/9863] high=3000 low=0 contradiction=0
  Triage [4000/9863] high=4000 low=0 contradiction=0
  Triage [5000/9863] high=5000 low=0 contradiction=0
  Triage [6000/9863] high=6000 low=0 contradiction=0
  Triage [7000/9863] high=7000 low=0 contradiction=0
  Triage [8000/9863] high=8000 low=0 contradiction=0
  Triage [9000/9863] high=9000 low=0 contradiction=0
  Triage [9863/9863] high=9863 low=0 contradiction=0
Triage complete: 9863 high / 0 low / 0 contradiction (9863 total)
        accepted 9863
  [4/4] assemble -> C:\Users\j.guthrie\Downloads\RESEARCH\infra_fm\data\curated_datasets\dataset_australia-oceania_water_v1
C:\Users\j.guthrie\Downloads\RESEARCH\infra_fm\fetch_v1_overnight.py:221: DeprecationWarning: datetime.datetime.utcnow() is deprecated and scheduled for removal in a future version. Use timezone-aware objects to represent datetimes in UTC: datetime.datetime.now(datetime.UTC).
  "completed_at"   : datetime.utcnow().isoformat() + "Z",
  [1000/9863] saved=1000 failed=0
  [2000/9863] saved=2000 failed=0
  [3000/9863] saved=3000 failed=0
  [4000/9863] saved=4000 failed=0
  [5000/9863] saved=5000 failed=0
  [6000/9863] saved=6000 failed=0
  [7000/9863] saved=7000 failed=0
  [8000/9863] saved=8000 failed=0
  [9000/9863] saved=9000 failed=0
  [9863/9863] saved=9863 failed=0

Dataset assembled: 9863 tiles saved, 0 failed
  Images:   C:\Users\j.guthrie\Downloads\RESEARCH\infra_fm\data\curated_datasets\dataset_australia-oceania_water_v1\images
  Manifest: C:\Users\j.guthrie\Downloads\RESEARCH\infra_fm\data\curated_datasets\dataset_australia-oceania_water_v1\manifest.json
  Summary:  C:\Users\j.guthrie\Downloads\RESEARCH\infra_fm\data\curated_datasets\dataset_australia-oceania_water_v1\summary.csv

Tiles by asset type:
asset_type
water.storage_tank        9412
water.wastewater.plant     311
water.treatment.plant      140

Tiles by source/modality:
source
stac_sentinel2_ms+sentinel1    9863

Temporal tiles: 0 / 9863
  [done] australia-oceania/water in 19877s — 9863 tiles assembled

>>> [9/28] south-america/telecom (n=8)

========================================================================
CELL  south-america/telecom   (2026-06-02 22:58:21)
========================================================================
  loaded 8 assets from south-america_telecom_v1_sample.parquet
  [1/4] STAC fetch ...
STACImageryFetcher: modalities=['sentinel2_ms', 'sentinel1'], n_bands=9, temporal_stack=False, buffer_m=300, workers=8 (adaptive)
  STAC fetch: 8 assets pending (0 already checkpointed)
  [8/8] (100%) ok=8 fail=0 workers=8

  STAC fetch complete: 8 ok / 0 failed
        fetched ok=8 fail=0
  [2/4] QC (min_valid_ratio=0.8) ...
  QC [8/8] passed=7
QC complete: 7 passed, 1 failed (8 total)
        QC passed 7 / 8
  [3/4] triage ...
  Triage [7/7] high=7 low=0 contradiction=0
Triage complete: 7 high / 0 low / 0 contradiction (7 total)
        accepted 7
  [4/4] assemble -> C:\Users\j.guthrie\Downloads\RESEARCH\infra_fm\data\curated_datasets\dataset_south-america_telecom_v1
C:\Users\j.guthrie\Downloads\RESEARCH\infra_fm\fetch_v1_overnight.py:221: DeprecationWarning: datetime.datetime.utcnow() is deprecated and scheduled for removal in a future version. Use timezone-aware objects to represent datetimes in UTC: datetime.datetime.now(datetime.UTC).
  "completed_at"   : datetime.utcnow().isoformat() + "Z",
  [7/7] saved=7 failed=0

Dataset assembled: 7 tiles saved, 0 failed
  Images:   C:\Users\j.guthrie\Downloads\RESEARCH\infra_fm\data\curated_datasets\dataset_south-america_telecom_v1\images
  Manifest: C:\Users\j.guthrie\Downloads\RESEARCH\infra_fm\data\curated_datasets\dataset_south-america_telecom_v1\manifest.json
  Summary:  C:\Users\j.guthrie\Downloads\RESEARCH\infra_fm\data\curated_datasets\dataset_south-america_telecom_v1\summary.csv

Tiles by asset type:
asset_type
telecom.data_center    7

Tiles by source/modality:
source
stac_sentinel2_ms+sentinel1    7

Temporal tiles: 0 / 7
  [done] south-america/telecom in 33s — 7 tiles assembled

>>> [10/28] south-america/transport (n=3,997)

========================================================================
CELL  south-america/transport   (2026-06-02 22:58:54)
========================================================================
  loaded 3,997 assets from south-america_transport_v1_sample.parquet
  [1/4] STAC fetch ...
STACImageryFetcher: modalities=['sentinel2_ms', 'sentinel1'], n_bands=9, temporal_stack=False, buffer_m=300, workers=8 (adaptive)
  STAC fetch: 3997 assets pending (0 already checkpointed)
  [10/3997] (0%) ok=10 fail=0 workers=8
  [20/3997] (1%) ok=20 fail=0 workers=8
  [concurrency] workers=16 | throughput=0.2 tiles/s | fail_rate=0.0% | ↑ increase (throughput improving)
  [30/3997] (1%) ok=30 fail=0 workers=16
C:\Users\j.guthrie\Downloads\RESEARCH\infra_fm\curation\stac_imagery.py:240: RuntimeWarning: invalid value encountered in log10
  arr = np.where(arr > 0, 10 * np.log10(arr + 1e-10), vmin)
  [40/3997] (1%) ok=40 fail=0 workers=16
  [concurrency] workers=16 | throughput=0.5 tiles/s | fail_rate=0.0% | ↑ increase (throughput improving)
  [50/3997] (1%) ok=50 fail=0 workers=16
  [60/3997] (2%) ok=60 fail=0 workers=16
  [concurrency] workers=8 | throughput=0.4 tiles/s | fail_rate=0.0% | ↓ decrease (throughput degrading)
  [70/3997] (2%) ok=70 fail=0 workers=8
  [80/3997] (2%) ok=80 fail=0 workers=8
  [concurrency] workers=16 | throughput=0.6 tiles/s | fail_rate=0.0% | ↑ increase (throughput improving)
  [90/3997] (2%) ok=90 fail=0 workers=16
  [100/3997] (3%) ok=100 fail=0 workers=16
  [concurrency] workers=16 | throughput=0.6 tiles/s | fail_rate=0.0% | ↑ increase (throughput improving)
  [110/3997] (3%) ok=110 fail=0 workers=16
  [120/3997] (3%) ok=120 fail=0 workers=16
  [concurrency] workers=8 | throughput=0.5 tiles/s | fail_rate=0.0% | ↓ decrease (throughput degrading)
  [130/3997] (3%) ok=130 fail=0 workers=8
  [140/3997] (4%) ok=140 fail=0 workers=8
  [concurrency] workers=12 | throughput=0.5 tiles/s | fail_rate=0.0% | → nudge up
  [150/3997] (4%) ok=150 fail=0 workers=12
  [160/3997] (4%) ok=160 fail=0 workers=12
  [concurrency] workers=16 | throughput=0.6 tiles/s | fail_rate=0.0% | ↑ increase (throughput improving)
  [170/3997] (4%) ok=170 fail=0 workers=16
  [180/3997] (5%) ok=180 fail=0 workers=16
  [concurrency] workers=16 | throughput=0.6 tiles/s | fail_rate=0.0% | ↑ increase (throughput improving)
  [190/3997] (5%) ok=190 fail=0 workers=16
  [200/3997] (5%) ok=200 fail=0 workers=16
  [concurrency] workers=16 | throughput=0.5 tiles/s | fail_rate=0.0% | → nudge up
  checkpoint saved at 200 ok tiles
  [210/3997] (5%) ok=210 fail=0 workers=16
  [220/3997] (6%) ok=220 fail=0 workers=16
  [concurrency] workers=8 | throughput=0.5 tiles/s | fail_rate=0.0% | ↓ decrease (throughput degrading)
  [230/3997] (6%) ok=230 fail=0 workers=8
  [240/3997] (6%) ok=240 fail=0 workers=8
  [concurrency] workers=12 | throughput=0.6 tiles/s | fail_rate=0.0% | → nudge up
  [250/3997] (6%) ok=250 fail=0 workers=12
  [260/3997] (7%) ok=260 fail=0 workers=12
  [concurrency] workers=16 | throughput=0.5 tiles/s | fail_rate=0.0% | → nudge up
  [270/3997] (7%) ok=270 fail=0 workers=16
  [280/3997] (7%) ok=280 fail=0 workers=16
  [concurrency] workers=16 | throughput=0.6 tiles/s | fail_rate=0.0% | ↑ increase (throughput improving)
  [290/3997] (7%) ok=290 fail=0 workers=16
  [300/3997] (8%) ok=300 fail=0 workers=16
  [concurrency] workers=16 | throughput=0.6 tiles/s | fail_rate=0.0% | → nudge up
  [310/3997] (8%) ok=310 fail=0 workers=16
  [320/3997] (8%) ok=320 fail=0 workers=16
  [concurrency] workers=8 | throughput=0.5 tiles/s | fail_rate=0.0% | ↓ decrease (throughput degrading)
  [330/3997] (8%) ok=330 fail=0 workers=8
  [340/3997] (9%) ok=340 fail=0 workers=8
  [concurrency] workers=12 | throughput=0.6 tiles/s | fail_rate=0.0% | → nudge up
  [350/3997] (9%) ok=350 fail=0 workers=12
  [360/3997] (9%) ok=360 fail=0 workers=12
  [concurrency] workers=16 | throughput=0.6 tiles/s | fail_rate=0.0% | → nudge up
  [370/3997] (9%) ok=370 fail=0 workers=16
  [380/3997] (10%) ok=380 fail=0 workers=16
  [concurrency] workers=16 | throughput=0.5 tiles/s | fail_rate=0.0% | → nudge up
  [390/3997] (10%) ok=390 fail=0 workers=16
  [400/3997] (10%) ok=400 fail=0 workers=16
  [concurrency] workers=16 | throughput=0.6 tiles/s | fail_rate=0.0% | ↑ increase (throughput improving)
  checkpoint saved at 400 ok tiles
  [410/3997] (10%) ok=410 fail=0 workers=16
  [420/3997] (11%) ok=420 fail=0 workers=16
  [concurrency] workers=8 | throughput=0.5 tiles/s | fail_rate=0.0% | ↓ decrease (throughput degrading)
  [430/3997] (11%) ok=430 fail=0 workers=8
  [440/3997] (11%) ok=440 fail=0 workers=8
  [concurrency] workers=12 | throughput=0.6 tiles/s | fail_rate=0.0% | → nudge up
  [450/3997] (11%) ok=450 fail=0 workers=12
  [460/3997] (12%) ok=460 fail=0 workers=12
  [concurrency] workers=16 | throughput=0.5 tiles/s | fail_rate=0.0% | → nudge up
  [470/3997] (12%) ok=470 fail=0 workers=16
  [480/3997] (12%) ok=480 fail=0 workers=16
  [concurrency] workers=16 | throughput=0.6 tiles/s | fail_rate=0.0% | ↑ increase (throughput improving)
  [490/3997] (12%) ok=490 fail=0 workers=16
  [500/3997] (13%) ok=500 fail=0 workers=16
  [concurrency] workers=8 | throughput=0.5 tiles/s | fail_rate=0.0% | ↓ decrease (throughput degrading)
  [510/3997] (13%) ok=510 fail=0 workers=8
  [520/3997] (13%) ok=520 fail=0 workers=8
  [concurrency] workers=12 | throughput=0.6 tiles/s | fail_rate=0.0% | → nudge up
  [530/3997] (13%) ok=530 fail=0 workers=12
  [540/3997] (14%) ok=540 fail=0 workers=12
  [concurrency] workers=8 | throughput=0.5 tiles/s | fail_rate=0.0% | ↓ decrease (throughput degrading)
  [550/3997] (14%) ok=550 fail=0 workers=8
  [560/3997] (14%) ok=560 fail=0 workers=8
  [concurrency] workers=12 | throughput=0.6 tiles/s | fail_rate=0.0% | → nudge up
  [570/3997] (14%) ok=570 fail=0 workers=12
  [580/3997] (15%) ok=580 fail=0 workers=12
  [concurrency] workers=8 | throughput=0.5 tiles/s | fail_rate=0.0% | ↓ decrease (throughput degrading)
  [590/3997] (15%) ok=590 fail=0 workers=8
  [600/3997] (15%) ok=600 fail=0 workers=8
  [concurrency] workers=12 | throughput=0.5 tiles/s | fail_rate=0.0% | → nudge up
  checkpoint saved at 600 ok tiles
  [610/3997] (15%) ok=610 fail=0 workers=12
  [620/3997] (16%) ok=620 fail=0 workers=12
  [concurrency] workers=16 | throughput=0.5 tiles/s | fail_rate=0.0% | → nudge up
  [630/3997] (16%) ok=630 fail=0 workers=16
  [640/3997] (16%) ok=640 fail=0 workers=16
  [concurrency] workers=16 | throughput=0.6 tiles/s | fail_rate=0.0% | → nudge up
  [650/3997] (16%) ok=650 fail=0 workers=16
  [660/3997] (17%) ok=660 fail=0 workers=16
  [concurrency] workers=8 | throughput=0.5 tiles/s | fail_rate=0.0% | ↓ decrease (throughput degrading)
  [670/3997] (17%) ok=670 fail=0 workers=8
  [680/3997] (17%) ok=680 fail=0 workers=8
  [concurrency] workers=12 | throughput=0.5 tiles/s | fail_rate=0.0% | → nudge up
  [690/3997] (17%) ok=690 fail=0 workers=12
  [700/3997] (18%) ok=700 fail=0 workers=12
  [concurrency] workers=16 | throughput=0.6 tiles/s | fail_rate=0.0% | → nudge up
  [710/3997] (18%) ok=710 fail=0 workers=16
  [720/3997] (18%) ok=720 fail=0 workers=16
  [concurrency] workers=16 | throughput=0.5 tiles/s | fail_rate=0.0% | → nudge up
  [730/3997] (18%) ok=730 fail=0 workers=16
  [740/3997] (19%) ok=740 fail=0 workers=16
  [concurrency] workers=8 | throughput=0.4 tiles/s | fail_rate=0.0% | ↓ decrease (throughput degrading)
  [750/3997] (19%) ok=750 fail=0 workers=8
  [760/3997] (19%) ok=760 fail=0 workers=8
  [concurrency] workers=12 | throughput=0.6 tiles/s | fail_rate=0.0% | → nudge up
  [770/3997] (19%) ok=770 fail=0 workers=12
  [780/3997] (20%) ok=780 fail=0 workers=12
  [concurrency] workers=16 | throughput=0.6 tiles/s | fail_rate=0.0% | → nudge up
  [790/3997] (20%) ok=790 fail=0 workers=16
  [800/3997] (20%) ok=800 fail=0 workers=16
  [concurrency] workers=8 | throughput=0.5 tiles/s | fail_rate=0.0% | ↓ decrease (throughput degrading)
  checkpoint saved at 800 ok tiles
  [810/3997] (20%) ok=810 fail=0 workers=8
  [820/3997] (21%) ok=820 fail=0 workers=8
  [concurrency] workers=12 | throughput=0.5 tiles/s | fail_rate=0.0% | → nudge up
  [830/3997] (21%) ok=830 fail=0 workers=12
  [840/3997] (21%) ok=840 fail=0 workers=12
  [concurrency] workers=16 | throughput=0.6 tiles/s | fail_rate=0.0% | → nudge up
  [850/3997] (21%) ok=850 fail=0 workers=16
  [860/3997] (22%) ok=860 fail=0 workers=16
  [concurrency] workers=16 | throughput=0.6 tiles/s | fail_rate=0.0% | → nudge up
  [870/3997] (22%) ok=870 fail=0 workers=16
  [880/3997] (22%) ok=880 fail=0 workers=16
  [concurrency] workers=8 | throughput=0.5 tiles/s | fail_rate=0.0% | ↓ decrease (throughput degrading)
  [890/3997] (22%) ok=890 fail=0 workers=8
  [900/3997] (23%) ok=900 fail=0 workers=8
  [concurrency] workers=16 | throughput=0.7 tiles/s | fail_rate=0.0% | ↑ increase (throughput improving)
  [910/3997] (23%) ok=910 fail=0 workers=16
  [920/3997] (23%) ok=920 fail=0 workers=16
  [concurrency] workers=8 | throughput=0.6 tiles/s | fail_rate=0.0% | ↓ decrease (throughput degrading)
  [930/3997] (23%) ok=930 fail=0 workers=8
  [940/3997] (24%) ok=940 fail=0 workers=8
  [concurrency] workers=12 | throughput=0.6 tiles/s | fail_rate=0.0% | → nudge up
  [950/3997] (24%) ok=950 fail=0 workers=12
  [960/3997] (24%) ok=960 fail=0 workers=12
  [concurrency] workers=16 | throughput=0.6 tiles/s | fail_rate=0.0% | → nudge up
  [970/3997] (24%) ok=970 fail=0 workers=16
  [980/3997] (25%) ok=980 fail=0 workers=16
  [concurrency] workers=16 | throughput=0.6 tiles/s | fail_rate=0.0% | → nudge up
  [990/3997] (25%) ok=990 fail=0 workers=16
  [1000/3997] (25%) ok=1000 fail=0 workers=16
  [concurrency] workers=16 | throughput=0.6 tiles/s | fail_rate=0.0% | → nudge up
  checkpoint saved at 1000 ok tiles
  [1010/3997] (25%) ok=1010 fail=0 workers=16
  [1020/3997] (26%) ok=1020 fail=0 workers=16
  [concurrency] workers=8 | throughput=0.5 tiles/s | fail_rate=0.0% | ↓ decrease (throughput degrading)
  [1030/3997] (26%) ok=1030 fail=0 workers=8
  [1040/3997] (26%) ok=1040 fail=0 workers=8
  [concurrency] workers=12 | throughput=0.6 tiles/s | fail_rate=0.0% | → nudge up
  [1050/3997] (26%) ok=1050 fail=0 workers=12
  [1060/3997] (27%) ok=1060 fail=0 workers=12
  [concurrency] workers=16 | throughput=0.6 tiles/s | fail_rate=0.0% | → nudge up
  [1070/3997] (27%) ok=1070 fail=0 workers=16
  [1080/3997] (27%) ok=1080 fail=0 workers=16
  [concurrency] workers=16 | throughput=0.6 tiles/s | fail_rate=0.0% | → nudge up
  [1090/3997] (27%) ok=1090 fail=0 workers=16
  [1100/3997] (28%) ok=1100 fail=0 workers=16
  [concurrency] workers=8 | throughput=0.3 tiles/s | fail_rate=0.0% | ↓ decrease (throughput degrading)
  [1110/3997] (28%) ok=1110 fail=0 workers=8
  [1120/3997] (28%) ok=1120 fail=0 workers=8
  [concurrency] workers=12 | throughput=0.4 tiles/s | fail_rate=0.0% | → nudge up
  [1130/3997] (28%) ok=1130 fail=0 workers=12
  [1140/3997] (29%) ok=1140 fail=0 workers=12
  [concurrency] workers=16 | throughput=0.6 tiles/s | fail_rate=0.0% | → nudge up
  [1150/3997] (29%) ok=1150 fail=0 workers=16
  [1160/3997] (29%) ok=1160 fail=0 workers=16
  [concurrency] workers=8 | throughput=0.4 tiles/s | fail_rate=0.0% | ↓ decrease (throughput degrading)
  [1170/3997] (29%) ok=1170 fail=0 workers=8
  [1180/3997] (30%) ok=1180 fail=0 workers=8
  [concurrency] workers=12 | throughput=0.6 tiles/s | fail_rate=0.0% | → nudge up
  [1190/3997] (30%) ok=1190 fail=0 workers=12
  [1200/3997] (30%) ok=1200 fail=0 workers=12
  [concurrency] workers=16 | throughput=0.6 tiles/s | fail_rate=0.0% | → nudge up
  checkpoint saved at 1200 ok tiles
  [1210/3997] (30%) ok=1210 fail=0 workers=16
  [1220/3997] (31%) ok=1220 fail=0 workers=16
  [concurrency] workers=16 | throughput=0.7 tiles/s | fail_rate=0.0% | ↑ increase (throughput improving)
  [1230/3997] (31%) ok=1230 fail=0 workers=16
  [1240/3997] (31%) ok=1240 fail=0 workers=16
  [concurrency] workers=8 | throughput=0.5 tiles/s | fail_rate=0.0% | ↓ decrease (throughput degrading)
  [1250/3997] (31%) ok=1250 fail=0 workers=8
  [1260/3997] (32%) ok=1260 fail=0 workers=8
  [concurrency] workers=8 | throughput=0.5 tiles/s | fail_rate=0.0% | ↓ decrease (throughput degrading)
  [1270/3997] (32%) ok=1270 fail=0 workers=8
  [1280/3997] (32%) ok=1280 fail=0 workers=8
  [concurrency] workers=12 | throughput=0.5 tiles/s | fail_rate=0.0% | → nudge up
  [1290/3997] (32%) ok=1290 fail=0 workers=12
  [1300/3997] (33%) ok=1300 fail=0 workers=12
  [concurrency] workers=16 | throughput=0.6 tiles/s | fail_rate=0.0% | → nudge up
  [1310/3997] (33%) ok=1310 fail=0 workers=16
  [1320/3997] (33%) ok=1320 fail=0 workers=16
  [concurrency] workers=16 | throughput=0.6 tiles/s | fail_rate=0.0% | → nudge up
  [1330/3997] (33%) ok=1330 fail=0 workers=16
  [1340/3997] (34%) ok=1340 fail=0 workers=16
  [concurrency] workers=8 | throughput=0.5 tiles/s | fail_rate=0.0% | ↓ decrease (throughput degrading)
  [1350/3997] (34%) ok=1350 fail=0 workers=8
  [1360/3997] (34%) ok=1360 fail=0 workers=8
  [concurrency] workers=12 | throughput=0.5 tiles/s | fail_rate=0.0% | → nudge up
  [1370/3997] (34%) ok=1370 fail=0 workers=12
  [1380/3997] (35%) ok=1380 fail=0 workers=12
  [concurrency] workers=16 | throughput=0.5 tiles/s | fail_rate=0.0% | → nudge up
  [1390/3997] (35%) ok=1390 fail=0 workers=16
  [1400/3997] (35%) ok=1400 fail=0 workers=16
  [concurrency] workers=16 | throughput=0.6 tiles/s | fail_rate=0.0% | → nudge up
  checkpoint saved at 1400 ok tiles
  [1410/3997] (35%) ok=1410 fail=0 workers=16
  [1420/3997] (36%) ok=1420 fail=0 workers=16
  [concurrency] workers=16 | throughput=0.7 tiles/s | fail_rate=0.0% | ↑ increase (throughput improving)
  [1430/3997] (36%) ok=1430 fail=0 workers=16
  [1440/3997] (36%) ok=1440 fail=0 workers=16
  [concurrency] workers=8 | throughput=0.5 tiles/s | fail_rate=0.0% | ↓ decrease (throughput degrading)
  [1450/3997] (36%) ok=1450 fail=0 workers=8
  [1460/3997] (37%) ok=1460 fail=0 workers=8
  [concurrency] workers=12 | throughput=0.5 tiles/s | fail_rate=0.0% | → nudge up
  [1470/3997] (37%) ok=1470 fail=0 workers=12
  [1480/3997] (37%) ok=1480 fail=0 workers=12
  [concurrency] workers=8 | throughput=0.5 tiles/s | fail_rate=0.0% | ↓ decrease (throughput degrading)
  [1490/3997] (37%) ok=1490 fail=0 workers=8
  [1500/3997] (38%) ok=1500 fail=0 workers=8
  [concurrency] workers=12 | throughput=0.6 tiles/s | fail_rate=0.0% | → nudge up
  [1510/3997] (38%) ok=1510 fail=0 workers=12
  [1520/3997] (38%) ok=1520 fail=0 workers=12
  [concurrency] workers=16 | throughput=0.6 tiles/s | fail_rate=0.0% | → nudge up
  [1530/3997] (38%) ok=1530 fail=0 workers=16
  [1540/3997] (39%) ok=1540 fail=0 workers=16
  [concurrency] workers=8 | throughput=0.5 tiles/s | fail_rate=0.0% | ↓ decrease (throughput degrading)
  [1550/3997] (39%) ok=1550 fail=0 workers=8
  [1560/3997] (39%) ok=1560 fail=0 workers=8
  [concurrency] workers=12 | throughput=0.5 tiles/s | fail_rate=0.0% | → nudge up
  [1570/3997] (39%) ok=1570 fail=0 workers=12
  [1580/3997] (40%) ok=1580 fail=0 workers=12
  [concurrency] workers=16 | throughput=0.6 tiles/s | fail_rate=0.0% | → nudge up
  [1590/3997] (40%) ok=1590 fail=0 workers=16
  [1600/3997] (40%) ok=1600 fail=0 workers=16
  [concurrency] workers=16 | throughput=0.6 tiles/s | fail_rate=0.0% | → nudge up
  checkpoint saved at 1600 ok tiles
  [1610/3997] (40%) ok=1610 fail=0 workers=16
  [1620/3997] (41%) ok=1620 fail=0 workers=16
  [concurrency] workers=16 | throughput=0.5 tiles/s | fail_rate=0.0% | → nudge up
  [1630/3997] (41%) ok=1630 fail=0 workers=16
  [1640/3997] (41%) ok=1640 fail=0 workers=16
  [concurrency] workers=16 | throughput=0.6 tiles/s | fail_rate=0.0% | → nudge up
  [1650/3997] (41%) ok=1650 fail=0 workers=16
  [1660/3997] (42%) ok=1660 fail=0 workers=16
  [concurrency] workers=16 | throughput=0.6 tiles/s | fail_rate=0.0% | → nudge up
  [1670/3997] (42%) ok=1670 fail=0 workers=16
  [1680/3997] (42%) ok=1680 fail=0 workers=16
  [concurrency] workers=16 | throughput=0.5 tiles/s | fail_rate=0.0% | → nudge up
  [1690/3997] (42%) ok=1690 fail=0 workers=16
  [1700/3997] (43%) ok=1700 fail=0 workers=16
  [concurrency] workers=16 | throughput=0.6 tiles/s | fail_rate=0.0% | → nudge up
  [1710/3997] (43%) ok=1710 fail=0 workers=16
  [1720/3997] (43%) ok=1720 fail=0 workers=16
  [concurrency] workers=16 | throughput=0.6 tiles/s | fail_rate=0.0% | → nudge up
  [1730/3997] (43%) ok=1730 fail=0 workers=16
  [1740/3997] (44%) ok=1740 fail=0 workers=16
  [concurrency] workers=8 | throughput=0.5 tiles/s | fail_rate=0.0% | ↓ decrease (throughput degrading)
  [1750/3997] (44%) ok=1750 fail=0 workers=8
  [1760/3997] (44%) ok=1760 fail=0 workers=8
  [concurrency] workers=12 | throughput=0.6 tiles/s | fail_rate=0.0% | → nudge up
  [1770/3997] (44%) ok=1770 fail=0 workers=12
  [1780/3997] (45%) ok=1780 fail=0 workers=12
  [concurrency] workers=8 | throughput=0.5 tiles/s | fail_rate=0.0% | ↓ decrease (throughput degrading)
  [1790/3997] (45%) ok=1790 fail=0 workers=8
  [1800/3997] (45%) ok=1800 fail=0 workers=8
  [concurrency] workers=12 | throughput=0.6 tiles/s | fail_rate=0.0% | → nudge up
  checkpoint saved at 1800 ok tiles
  [1810/3997] (45%) ok=1810 fail=0 workers=12
  [1820/3997] (46%) ok=1820 fail=0 workers=12
  [concurrency] workers=16 | throughput=0.5 tiles/s | fail_rate=0.0% | → nudge up
  [1830/3997] (46%) ok=1830 fail=0 workers=16
  [1840/3997] (46%) ok=1840 fail=0 workers=16
  [concurrency] workers=16 | throughput=0.5 tiles/s | fail_rate=0.0% | → nudge up
  [1850/3997] (46%) ok=1850 fail=0 workers=16
  [1860/3997] (47%) ok=1860 fail=0 workers=16
  [concurrency] workers=16 | throughput=0.6 tiles/s | fail_rate=0.0% | → nudge up
  [1870/3997] (47%) ok=1870 fail=0 workers=16
  [1880/3997] (47%) ok=1880 fail=0 workers=16
  [concurrency] workers=8 | throughput=0.5 tiles/s | fail_rate=0.0% | ↓ decrease (throughput degrading)
  [1890/3997] (47%) ok=1890 fail=0 workers=8
  [1900/3997] (48%) ok=1900 fail=0 workers=8
  [concurrency] workers=12 | throughput=0.5 tiles/s | fail_rate=0.0% | → nudge up
  [1910/3997] (48%) ok=1910 fail=0 workers=12
  [1920/3997] (48%) ok=1920 fail=0 workers=12
  [concurrency] workers=16 | throughput=0.7 tiles/s | fail_rate=0.0% | → nudge up
  [1930/3997] (48%) ok=1930 fail=0 workers=16
  [1940/3997] (49%) ok=1940 fail=0 workers=16
  [concurrency] workers=16 | throughput=0.7 tiles/s | fail_rate=0.0% | → nudge up
  [1950/3997] (49%) ok=1950 fail=0 workers=16
  [1960/3997] (49%) ok=1960 fail=0 workers=16
  [concurrency] workers=8 | throughput=0.5 tiles/s | fail_rate=0.0% | ↓ decrease (throughput degrading)
  [1970/3997] (49%) ok=1970 fail=0 workers=8
  [1980/3997] (50%) ok=1980 fail=0 workers=8
  [concurrency] workers=12 | throughput=0.5 tiles/s | fail_rate=0.0% | → nudge up
  [1990/3997] (50%) ok=1990 fail=0 workers=12
  [2000/3997] (50%) ok=2000 fail=0 workers=12
  [concurrency] workers=16 | throughput=0.6 tiles/s | fail_rate=0.0% | → nudge up
  checkpoint saved at 2000 ok tiles
  [2010/3997] (50%) ok=2010 fail=0 workers=16
  [2020/3997] (51%) ok=2020 fail=0 workers=16
  [concurrency] workers=16 | throughput=0.7 tiles/s | fail_rate=0.0% | → nudge up
  [2030/3997] (51%) ok=2030 fail=0 workers=16
  [2040/3997] (51%) ok=2040 fail=0 workers=16
  [concurrency] workers=8 | throughput=0.6 tiles/s | fail_rate=0.0% | ↓ decrease (throughput degrading)
  [2050/3997] (51%) ok=2050 fail=0 workers=8
  [2060/3997] (52%) ok=2060 fail=0 workers=8
  [concurrency] workers=8 | throughput=0.5 tiles/s | fail_rate=0.0% | ↓ decrease (throughput degrading)
  [2070/3997] (52%) ok=2070 fail=0 workers=8
  [2080/3997] (52%) ok=2080 fail=0 workers=8
  [concurrency] workers=12 | throughput=0.5 tiles/s | fail_rate=0.0% | → nudge up
  [2090/3997] (52%) ok=2090 fail=0 workers=12
  [2100/3997] (53%) ok=2100 fail=0 workers=12
  [concurrency] workers=16 | throughput=0.6 tiles/s | fail_rate=0.0% | → nudge up
  [2110/3997] (53%) ok=2110 fail=0 workers=16
  [2120/3997] (53%) ok=2120 fail=0 workers=16
  [concurrency] workers=16 | throughput=0.6 tiles/s | fail_rate=0.0% | → nudge up
  [2130/3997] (53%) ok=2130 fail=0 workers=16
  [2140/3997] (54%) ok=2140 fail=0 workers=16
  [concurrency] workers=8 | throughput=0.5 tiles/s | fail_rate=0.0% | ↓ decrease (throughput degrading)
  [2150/3997] (54%) ok=2150 fail=0 workers=8
  [2160/3997] (54%) ok=2160 fail=0 workers=8
  [concurrency] workers=12 | throughput=0.5 tiles/s | fail_rate=0.0% | → nudge up
  [2170/3997] (54%) ok=2170 fail=0 workers=12
  [2180/3997] (55%) ok=2180 fail=0 workers=12
  [concurrency] workers=16 | throughput=0.7 tiles/s | fail_rate=0.0% | → nudge up
  [2190/3997] (55%) ok=2190 fail=0 workers=16
  [2200/3997] (55%) ok=2200 fail=0 workers=16
  [concurrency] workers=16 | throughput=0.6 tiles/s | fail_rate=0.0% | → nudge up
  checkpoint saved at 2200 ok tiles
  [2210/3997] (55%) ok=2210 fail=0 workers=16
  [2220/3997] (56%) ok=2220 fail=0 workers=16
  [concurrency] workers=8 | throughput=0.5 tiles/s | fail_rate=0.0% | ↓ decrease (throughput degrading)
  [2230/3997] (56%) ok=2230 fail=0 workers=8
  [2240/3997] (56%) ok=2240 fail=0 workers=8
  [concurrency] workers=12 | throughput=0.6 tiles/s | fail_rate=0.0% | → nudge up
  [2250/3997] (56%) ok=2250 fail=0 workers=12
  [2260/3997] (57%) ok=2260 fail=0 workers=12
  [concurrency] workers=8 | throughput=0.5 tiles/s | fail_rate=0.0% | ↓ decrease (throughput degrading)
  [2270/3997] (57%) ok=2270 fail=0 workers=8
  [2280/3997] (57%) ok=2280 fail=0 workers=8
  [concurrency] workers=12 | throughput=0.5 tiles/s | fail_rate=0.0% | → nudge up
  [2290/3997] (57%) ok=2290 fail=0 workers=12
  [2300/3997] (58%) ok=2300 fail=0 workers=12
  [concurrency] workers=16 | throughput=0.5 tiles/s | fail_rate=0.0% | → nudge up
  [2310/3997] (58%) ok=2310 fail=0 workers=16
  [2320/3997] (58%) ok=2320 fail=0 workers=16
  [concurrency] workers=16 | throughput=0.7 tiles/s | fail_rate=0.0% | → nudge up
  [2330/3997] (58%) ok=2330 fail=0 workers=16
  [2340/3997] (59%) ok=2340 fail=0 workers=16
  [concurrency] workers=8 | throughput=0.5 tiles/s | fail_rate=0.0% | ↓ decrease (throughput degrading)
  [2350/3997] (59%) ok=2350 fail=0 workers=8
  [2360/3997] (59%) ok=2360 fail=0 workers=8
  [concurrency] workers=12 | throughput=0.6 tiles/s | fail_rate=0.0% | → nudge up
  [2370/3997] (59%) ok=2370 fail=0 workers=12
  [2380/3997] (60%) ok=2380 fail=0 workers=12
  [concurrency] workers=8 | throughput=0.6 tiles/s | fail_rate=0.0% | ↓ decrease (throughput degrading)
  [2390/3997] (60%) ok=2390 fail=0 workers=8
  [2400/3997] (60%) ok=2400 fail=0 workers=8
  [concurrency] workers=12 | throughput=0.6 tiles/s | fail_rate=0.0% | → nudge up
  checkpoint saved at 2400 ok tiles
  [2410/3997] (60%) ok=2410 fail=0 workers=12
  [2420/3997] (61%) ok=2420 fail=0 workers=12
  [concurrency] workers=8 | throughput=0.5 tiles/s | fail_rate=0.0% | ↓ decrease (throughput degrading)
  [2430/3997] (61%) ok=2430 fail=0 workers=8
  [2440/3997] (61%) ok=2440 fail=0 workers=8
  [concurrency] workers=12 | throughput=0.6 tiles/s | fail_rate=0.0% | → nudge up
  [2450/3997] (61%) ok=2450 fail=0 workers=12
  [2460/3997] (62%) ok=2460 fail=0 workers=12
  [concurrency] workers=8 | throughput=0.5 tiles/s | fail_rate=0.0% | ↓ decrease (throughput degrading)
  [2470/3997] (62%) ok=2470 fail=0 workers=8
  [2480/3997] (62%) ok=2480 fail=0 workers=8
  [concurrency] workers=12 | throughput=0.6 tiles/s | fail_rate=0.0% | → nudge up
  [2490/3997] (62%) ok=2490 fail=0 workers=12
  [2500/3997] (63%) ok=2500 fail=0 workers=12
  [concurrency] workers=16 | throughput=0.6 tiles/s | fail_rate=0.0% | → nudge up
  [2510/3997] (63%) ok=2510 fail=0 workers=16
  [2520/3997] (63%) ok=2520 fail=0 workers=16
  [concurrency] workers=8 | throughput=0.5 tiles/s | fail_rate=0.0% | ↓ decrease (throughput degrading)
  [2530/3997] (63%) ok=2530 fail=0 workers=8
  [2540/3997] (64%) ok=2540 fail=0 workers=8
  [concurrency] workers=12 | throughput=0.5 tiles/s | fail_rate=0.0% | → nudge up
  [2550/3997] (64%) ok=2550 fail=0 workers=12
  [2560/3997] (64%) ok=2560 fail=0 workers=12
  [concurrency] workers=16 | throughput=0.6 tiles/s | fail_rate=0.0% | → nudge up
  [2570/3997] (64%) ok=2570 fail=0 workers=16
  [2580/3997] (65%) ok=2580 fail=0 workers=16
  [concurrency] workers=8 | throughput=0.3 tiles/s | fail_rate=0.0% | ↓ decrease (throughput degrading)
  [2590/3997] (65%) ok=2590 fail=0 workers=8
  [2600/3997] (65%) ok=2600 fail=0 workers=8
  [concurrency] workers=12 | throughput=0.7 tiles/s | fail_rate=0.0% | → nudge up
  checkpoint saved at 2600 ok tiles
  [2610/3997] (65%) ok=2610 fail=0 workers=12
  [2620/3997] (66%) ok=2620 fail=0 workers=12
  [concurrency] workers=8 | throughput=0.6 tiles/s | fail_rate=0.0% | ↓ decrease (throughput degrading)
  [2630/3997] (66%) ok=2630 fail=0 workers=8
  [2640/3997] (66%) ok=2640 fail=0 workers=8
  [concurrency] workers=8 | throughput=0.5 tiles/s | fail_rate=0.0% | ↓ decrease (throughput degrading)
  [2650/3997] (66%) ok=2650 fail=0 workers=8
  [2660/3997] (67%) ok=2660 fail=0 workers=8
  [concurrency] workers=12 | throughput=0.5 tiles/s | fail_rate=0.0% | → nudge up
  [2670/3997] (67%) ok=2670 fail=0 workers=12
  [2680/3997] (67%) ok=2680 fail=0 workers=12
  [concurrency] workers=16 | throughput=0.6 tiles/s | fail_rate=0.0% | → nudge up
  [2690/3997] (67%) ok=2690 fail=0 workers=16
  [2700/3997] (68%) ok=2700 fail=0 workers=16
  [concurrency] workers=16 | throughput=0.6 tiles/s | fail_rate=0.0% | → nudge up
  [2710/3997] (68%) ok=2710 fail=0 workers=16
  [2720/3997] (68%) ok=2720 fail=0 workers=16
  [concurrency] workers=8 | throughput=0.5 tiles/s | fail_rate=0.0% | ↓ decrease (throughput degrading)
  [2730/3997] (68%) ok=2730 fail=0 workers=8
  [2740/3997] (69%) ok=2740 fail=0 workers=8
  [concurrency] workers=12 | throughput=0.6 tiles/s | fail_rate=0.0% | → nudge up
  [2750/3997] (69%) ok=2750 fail=0 workers=12
  [2760/3997] (69%) ok=2760 fail=0 workers=12
  [concurrency] workers=8 | throughput=0.5 tiles/s | fail_rate=0.0% | ↓ decrease (throughput degrading)
  [2770/3997] (69%) ok=2770 fail=0 workers=8
  [2780/3997] (70%) ok=2780 fail=0 workers=8
  [concurrency] workers=12 | throughput=0.5 tiles/s | fail_rate=0.0% | → nudge up
  [2790/3997] (70%) ok=2790 fail=0 workers=12
  [2800/3997] (70%) ok=2800 fail=0 workers=12
  [concurrency] workers=16 | throughput=0.5 tiles/s | fail_rate=0.0% | → nudge up
  checkpoint saved at 2800 ok tiles
  [2810/3997] (70%) ok=2810 fail=0 workers=16
  [2820/3997] (71%) ok=2820 fail=0 workers=16
  [concurrency] workers=16 | throughput=0.6 tiles/s | fail_rate=0.0% | → nudge up
  [2830/3997] (71%) ok=2830 fail=0 workers=16
  [2840/3997] (71%) ok=2840 fail=0 workers=16
  [concurrency] workers=16 | throughput=0.6 tiles/s | fail_rate=0.0% | → nudge up
  [2850/3997] (71%) ok=2850 fail=0 workers=16
  [2860/3997] (72%) ok=2860 fail=0 workers=16
  [concurrency] workers=16 | throughput=0.6 tiles/s | fail_rate=0.0% | → nudge up
  [2870/3997] (72%) ok=2870 fail=0 workers=16
  [2880/3997] (72%) ok=2880 fail=0 workers=16
  [concurrency] workers=8 | throughput=0.5 tiles/s | fail_rate=0.0% | ↓ decrease (throughput degrading)
  [2890/3997] (72%) ok=2890 fail=0 workers=8
  [2900/3997] (73%) ok=2900 fail=0 workers=8
  [concurrency] workers=12 | throughput=0.5 tiles/s | fail_rate=0.0% | → nudge up
  [2910/3997] (73%) ok=2910 fail=0 workers=12
  [2920/3997] (73%) ok=2920 fail=0 workers=12
  [concurrency] workers=16 | throughput=0.6 tiles/s | fail_rate=0.0% | → nudge up
  [2930/3997] (73%) ok=2930 fail=0 workers=16
  [2940/3997] (74%) ok=2940 fail=0 workers=16
  [concurrency] workers=16 | throughput=0.6 tiles/s | fail_rate=0.0% | → nudge up
  [2950/3997] (74%) ok=2950 fail=0 workers=16
  [2960/3997] (74%) ok=2960 fail=0 workers=16
  [concurrency] workers=16 | throughput=0.5 tiles/s | fail_rate=0.0% | → nudge up
  [2970/3997] (74%) ok=2970 fail=0 workers=16
  [2980/3997] (75%) ok=2980 fail=0 workers=16
  [concurrency] workers=16 | throughput=0.6 tiles/s | fail_rate=0.0% | → nudge up
  [2990/3997] (75%) ok=2990 fail=0 workers=16
  [3000/3997] (75%) ok=3000 fail=0 workers=16
  [concurrency] workers=8 | throughput=0.5 tiles/s | fail_rate=0.0% | ↓ decrease (throughput degrading)
  checkpoint saved at 3000 ok tiles
  [3010/3997] (75%) ok=3010 fail=0 workers=8
  [3020/3997] (76%) ok=3020 fail=0 workers=8
  [concurrency] workers=12 | throughput=0.6 tiles/s | fail_rate=0.0% | → nudge up
  [3030/3997] (76%) ok=3030 fail=0 workers=12
  [3040/3997] (76%) ok=3040 fail=0 workers=12
  [concurrency] workers=16 | throughput=0.6 tiles/s | fail_rate=0.0% | → nudge up
  [3050/3997] (76%) ok=3050 fail=0 workers=16
  [3060/3997] (77%) ok=3060 fail=0 workers=16
  [concurrency] workers=16 | throughput=0.6 tiles/s | fail_rate=0.0% | → nudge up
  [3070/3997] (77%) ok=3070 fail=0 workers=16
  [3080/3997] (77%) ok=3080 fail=0 workers=16
  [concurrency] workers=8 | throughput=0.5 tiles/s | fail_rate=0.0% | ↓ decrease (throughput degrading)
  [3090/3997] (77%) ok=3090 fail=0 workers=8
  [3100/3997] (78%) ok=3100 fail=0 workers=8
  [concurrency] workers=12 | throughput=0.5 tiles/s | fail_rate=0.0% | → nudge up
  [3110/3997] (78%) ok=3110 fail=0 workers=12
  [3120/3997] (78%) ok=3120 fail=0 workers=12
  [concurrency] workers=16 | throughput=0.6 tiles/s | fail_rate=0.0% | → nudge up
  [3130/3997] (78%) ok=3130 fail=0 workers=16
  [3140/3997] (79%) ok=3140 fail=0 workers=16
  [concurrency] workers=16 | throughput=0.7 tiles/s | fail_rate=0.0% | → nudge up
  [3150/3997] (79%) ok=3150 fail=0 workers=16
  [3160/3997] (79%) ok=3160 fail=0 workers=16
  [concurrency] workers=8 | throughput=0.5 tiles/s | fail_rate=0.0% | ↓ decrease (throughput degrading)
  [3170/3997] (79%) ok=3170 fail=0 workers=8
  [3180/3997] (80%) ok=3180 fail=0 workers=8
  [concurrency] workers=12 | throughput=0.6 tiles/s | fail_rate=0.0% | → nudge up
  [3190/3997] (80%) ok=3190 fail=0 workers=12
  [3200/3997] (80%) ok=3200 fail=0 workers=12
  [concurrency] workers=16 | throughput=0.5 tiles/s | fail_rate=0.0% | → nudge up
  checkpoint saved at 3200 ok tiles
  [3210/3997] (80%) ok=3210 fail=0 workers=16
  [3220/3997] (81%) ok=3220 fail=0 workers=16
  [concurrency] workers=16 | throughput=0.6 tiles/s | fail_rate=0.0% | → nudge up
  [3230/3997] (81%) ok=3230 fail=0 workers=16
  [3240/3997] (81%) ok=3240 fail=0 workers=16
  [concurrency] workers=16 | throughput=0.6 tiles/s | fail_rate=0.0% | → nudge up
  [3250/3997] (81%) ok=3250 fail=0 workers=16
  [3260/3997] (82%) ok=3260 fail=0 workers=16
  [concurrency] workers=16 | throughput=0.5 tiles/s | fail_rate=0.0% | → nudge up
  [3270/3997] (82%) ok=3270 fail=0 workers=16
  [3280/3997] (82%) ok=3280 fail=0 workers=16
  [concurrency] workers=16 | throughput=0.5 tiles/s | fail_rate=0.0% | → nudge up
  [3290/3997] (82%) ok=3290 fail=0 workers=16
  [3300/3997] (83%) ok=3300 fail=0 workers=16
  [concurrency] workers=16 | throughput=0.5 tiles/s | fail_rate=0.0% | → nudge up
  [3310/3997] (83%) ok=3310 fail=0 workers=16
  [3320/3997] (83%) ok=3320 fail=0 workers=16
  [concurrency] workers=16 | throughput=0.6 tiles/s | fail_rate=0.0% | → nudge up
  [3330/3997] (83%) ok=3330 fail=0 workers=16
  [3340/3997] (84%) ok=3340 fail=0 workers=16
  [concurrency] workers=16 | throughput=0.5 tiles/s | fail_rate=0.0% | → nudge up
  [3350/3997] (84%) ok=3350 fail=0 workers=16
  [3360/3997] (84%) ok=3360 fail=0 workers=16
  [concurrency] workers=16 | throughput=0.6 tiles/s | fail_rate=0.0% | → nudge up
  [3370/3997] (84%) ok=3370 fail=0 workers=16
  [3380/3997] (85%) ok=3380 fail=0 workers=16
  [concurrency] workers=16 | throughput=0.6 tiles/s | fail_rate=0.0% | → nudge up
  [3390/3997] (85%) ok=3390 fail=0 workers=16
  [3400/3997] (85%) ok=3400 fail=0 workers=16
  [concurrency] workers=16 | throughput=0.6 tiles/s | fail_rate=0.0% | → nudge up
  checkpoint saved at 3400 ok tiles
  [3410/3997] (85%) ok=3410 fail=0 workers=16
  [3420/3997] (86%) ok=3420 fail=0 workers=16
  [concurrency] workers=16 | throughput=0.5 tiles/s | fail_rate=0.0% | → nudge up
  [3430/3997] (86%) ok=3430 fail=0 workers=16
  [3440/3997] (86%) ok=3440 fail=0 workers=16
  [concurrency] workers=16 | throughput=0.6 tiles/s | fail_rate=0.0% | → nudge up
  [3450/3997] (86%) ok=3450 fail=0 workers=16
  [3460/3997] (87%) ok=3460 fail=0 workers=16
  [concurrency] workers=16 | throughput=0.6 tiles/s | fail_rate=0.0% | → nudge up
  [3470/3997] (87%) ok=3470 fail=0 workers=16
  [3480/3997] (87%) ok=3480 fail=0 workers=16
  [concurrency] workers=16 | throughput=0.5 tiles/s | fail_rate=0.0% | → nudge up
  [3490/3997] (87%) ok=3490 fail=0 workers=16
  [3500/3997] (88%) ok=3500 fail=0 workers=16
  [concurrency] workers=16 | throughput=0.6 tiles/s | fail_rate=0.0% | → nudge up
  [3510/3997] (88%) ok=3510 fail=0 workers=16
  [3520/3997] (88%) ok=3520 fail=0 workers=16
  [concurrency] workers=16 | throughput=0.6 tiles/s | fail_rate=0.0% | → nudge up
  [3530/3997] (88%) ok=3530 fail=0 workers=16
  [3540/3997] (89%) ok=3540 fail=0 workers=16
  [concurrency] workers=16 | throughput=0.5 tiles/s | fail_rate=0.0% | → nudge up
  [3550/3997] (89%) ok=3550 fail=0 workers=16
  [3560/3997] (89%) ok=3560 fail=0 workers=16
  [concurrency] workers=16 | throughput=0.6 tiles/s | fail_rate=0.0% | → nudge up
  [3570/3997] (89%) ok=3570 fail=0 workers=16
  [3580/3997] (90%) ok=3580 fail=0 workers=16
  [concurrency] workers=16 | throughput=0.6 tiles/s | fail_rate=0.0% | → nudge up
  [3590/3997] (90%) ok=3590 fail=0 workers=16
  [3600/3997] (90%) ok=3600 fail=0 workers=16
  [concurrency] workers=8 | throughput=0.5 tiles/s | fail_rate=0.0% | ↓ decrease (throughput degrading)
  checkpoint saved at 3600 ok tiles
  [3610/3997] (90%) ok=3610 fail=0 workers=8
  [3620/3997] (91%) ok=3620 fail=0 workers=8
  [concurrency] workers=12 | throughput=0.5 tiles/s | fail_rate=0.0% | → nudge up
  [3630/3997] (91%) ok=3630 fail=0 workers=12
  [3640/3997] (91%) ok=3640 fail=0 workers=12
  [concurrency] workers=16 | throughput=0.6 tiles/s | fail_rate=0.0% | → nudge up
  [3650/3997] (91%) ok=3650 fail=0 workers=16
  [3660/3997] (92%) ok=3660 fail=0 workers=16
  [concurrency] workers=16 | throughput=0.7 tiles/s | fail_rate=0.0% | → nudge up
  [3670/3997] (92%) ok=3670 fail=0 workers=16
  [3680/3997] (92%) ok=3680 fail=0 workers=16
  [concurrency] workers=8 | throughput=0.5 tiles/s | fail_rate=0.0% | ↓ decrease (throughput degrading)
  [3690/3997] (92%) ok=3690 fail=0 workers=8
  [3700/3997] (93%) ok=3700 fail=0 workers=8
  [concurrency] workers=12 | throughput=0.6 tiles/s | fail_rate=0.0% | → nudge up
  [3710/3997] (93%) ok=3710 fail=0 workers=12
  [3720/3997] (93%) ok=3720 fail=0 workers=12
  [concurrency] workers=16 | throughput=0.5 tiles/s | fail_rate=0.0% | → nudge up
  [3730/3997] (93%) ok=3730 fail=0 workers=16
  [3740/3997] (94%) ok=3740 fail=0 workers=16
  [concurrency] workers=16 | throughput=0.6 tiles/s | fail_rate=0.0% | → nudge up
  [3750/3997] (94%) ok=3750 fail=0 workers=16
  [3760/3997] (94%) ok=3760 fail=0 workers=16
  [concurrency] workers=8 | throughput=0.4 tiles/s | fail_rate=0.0% | ↓ decrease (throughput degrading)
  [3770/3997] (94%) ok=3770 fail=0 workers=8
  [3780/3997] (95%) ok=3780 fail=0 workers=8
  [concurrency] workers=12 | throughput=0.6 tiles/s | fail_rate=0.0% | → nudge up
  [3790/3997] (95%) ok=3790 fail=0 workers=12
  [3800/3997] (95%) ok=3800 fail=0 workers=12
  [concurrency] workers=16 | throughput=0.5 tiles/s | fail_rate=0.0% | → nudge up
  checkpoint saved at 3800 ok tiles
  [3810/3997] (95%) ok=3810 fail=0 workers=16
  [3820/3997] (96%) ok=3820 fail=0 workers=16
  [concurrency] workers=16 | throughput=0.6 tiles/s | fail_rate=0.0% | → nudge up
  [3830/3997] (96%) ok=3830 fail=0 workers=16
  [3840/3997] (96%) ok=3840 fail=0 workers=16
  [concurrency] workers=8 | throughput=0.5 tiles/s | fail_rate=0.0% | ↓ decrease (throughput degrading)
  [3850/3997] (96%) ok=3850 fail=0 workers=8
  [3860/3997] (97%) ok=3860 fail=0 workers=8
  [concurrency] workers=8 | throughput=0.4 tiles/s | fail_rate=0.0% | ↓ decrease (throughput degrading)
  [3870/3997] (97%) ok=3870 fail=0 workers=8
  [3880/3997] (97%) ok=3880 fail=0 workers=8
  [concurrency] workers=12 | throughput=0.5 tiles/s | fail_rate=0.0% | → nudge up
  [3890/3997] (97%) ok=3890 fail=0 workers=12
  [3900/3997] (98%) ok=3900 fail=0 workers=12
  [concurrency] workers=16 | throughput=0.7 tiles/s | fail_rate=0.0% | → nudge up
  [3910/3997] (98%) ok=3910 fail=0 workers=16
  [3920/3997] (98%) ok=3920 fail=0 workers=16
  [concurrency] workers=8 | throughput=0.6 tiles/s | fail_rate=0.0% | ↓ decrease (throughput degrading)
  [3930/3997] (98%) ok=3930 fail=0 workers=8
  [3940/3997] (99%) ok=3940 fail=0 workers=8
  [concurrency] workers=8 | throughput=0.4 tiles/s | fail_rate=0.0% | ↓ decrease (throughput degrading)
  [3950/3997] (99%) ok=3950 fail=0 workers=8
  [3960/3997] (99%) ok=3960 fail=0 workers=8
  [concurrency] workers=12 | throughput=0.6 tiles/s | fail_rate=0.0% | → nudge up
  [3970/3997] (99%) ok=3970 fail=0 workers=12
  [3980/3997] (100%) ok=3980 fail=0 workers=12
  [concurrency] workers=16 | throughput=0.6 tiles/s | fail_rate=0.0% | → nudge up
  [3990/3997] (100%) ok=3990 fail=0 workers=16
  [3997/3997] (100%) ok=3997 fail=0 workers=16

  Concurrency tuning summary:
   workers    tiles/s  fail_rate
         8       0.22       0.0%
        16       0.53       0.0% ← best
        16       0.38       0.0% ← best
         8       0.56       0.0%
        16       0.57       0.0% ← best
        16       0.49       0.0% ← best
         8       0.53       0.0%
        12       0.58       0.0%
        16       0.59       0.0% ← best
        16       0.54       0.0% ← best
        16       0.49       0.0% ← best
         8       0.55       0.0%
        12       0.55       0.0%
        16       0.60       0.0% ← best
        16       0.57       0.0% ← best
        16       0.47       0.0% ← best
         8       0.59       0.0%
        12       0.57       0.0%
        16       0.53       0.0% ← best
        16       0.61       0.0% ← best
        16       0.46       0.0% ← best
         8       0.60       0.0%
        12       0.54       0.0%
        16       0.64       0.0% ← best
        16       0.45       0.0% ← best
         8       0.64       0.0%
        12       0.53       0.0%
         8       0.61       0.0%
        12       0.51       0.0%
         8       0.55       0.0%
        12       0.55       0.0%
        16       0.59       0.0% ← best
        16       0.49       0.0% ← best
         8       0.52       0.0%
        12       0.59       0.0%
        16       0.55       0.0% ← best
        16       0.42       0.0% ← best
         8       0.59       0.0%
        12       0.62       0.0%
        16       0.50       0.0% ← best
         8       0.55       0.0%
        12       0.64       0.0%
        16       0.62       0.0% ← best
        16       0.52       0.0% ← best
         8       0.65       0.0%
        16       0.55       0.0% ← best
         8       0.62       0.0%
        12       0.60       0.0%
        16       0.63       0.0% ← best
        16       0.62       0.0% ← best
        16       0.54       0.0% ← best
         8       0.61       0.0%
        12       0.56       0.0%
        16       0.61       0.0% ← best
        16       0.33       0.0% ← best
         8       0.40       0.0%
        12       0.60       0.0%
        16       0.42       0.0% ← best
         8       0.58       0.0%
        12       0.58       0.0%
        16       0.67       0.0% ← best
        16       0.53       0.0% ← best
         8       0.47       0.0%
         8       0.55       0.0%
        12       0.58       0.0%
        16       0.62       0.0% ← best
        16       0.54       0.0% ← best
         8       0.53       0.0%
        12       0.54       0.0%
        16       0.59       0.0% ← best
        16       0.71       0.0% ← best
        16       0.47       0.0% ← best
         8       0.54       0.0%
        12       0.49       0.0%
         8       0.58       0.0%
        12       0.61       0.0%
        16       0.53       0.0% ← best
         8       0.49       0.0%
        12       0.61       0.0%
        16       0.56       0.0% ← best
        16       0.53       0.0% ← best
        16       0.59       0.0% ← best
        16       0.55       0.0% ← best
        16       0.54       0.0% ← best
        16       0.58       0.0% ← best
        16       0.57       0.0% ← best
        16       0.48       0.0% ← best
         8       0.64       0.0%
        12       0.52       0.0%
         8       0.57       0.0%
        12       0.55       0.0%
        16       0.54       0.0% ← best
        16       0.63       0.0% ← best
        16       0.52       0.0% ← best
         8       0.51       0.0%
        12       0.67       0.0%
        16       0.67       0.0% ← best
        16       0.52       0.0% ← best
         8       0.51       0.0%
        12       0.60       0.0%
        16       0.67       0.0% ← best
        16       0.57       0.0% ← best
         8       0.48       0.0%
         8       0.52       0.0%
        12       0.59       0.0%
        16       0.59       0.0% ← best
        16       0.48       0.0% ← best
         8       0.54       0.0%
        12       0.65       0.0%
        16       0.64       0.0% ← best
        16       0.48       0.0% ← best
         8       0.57       0.0%
        12       0.50       0.0%
         8       0.53       0.0%
        12       0.51       0.0%
        16       0.65       0.0% ← best
        16       0.51       0.0% ← best
         8       0.62       0.0%
        12       0.55       0.0%
         8       0.59       0.0%
        12       0.52       0.0%
         8       0.59       0.0%
        12       0.52       0.0%
         8       0.58       0.0%
        12       0.59       0.0%
        16       0.50       0.0% ← best
         8       0.54       0.0%
        12       0.62       0.0%
        16       0.26       0.0% ← best
         8       0.66       0.0%
        12       0.59       0.0%
         8       0.51       0.0%
         8       0.51       0.0%
        12       0.57       0.0%
        16       0.62       0.0% ← best
        16       0.55       0.0% ← best
         8       0.61       0.0%
        12       0.51       0.0%
         8       0.53       0.0%
        12       0.50       0.0%
        16       0.60       0.0% ← best
        16       0.60       0.0% ← best
        16       0.65       0.0% ← best
        16       0.50       0.0% ← best
         8       0.52       0.0%
        12       0.56       0.0%
        16       0.57       0.0% ← best
        16       0.53       0.0% ← best
        16       0.60       0.0% ← best
        16       0.45       0.0% ← best
         8       0.58       0.0%
        12       0.56       0.0%
        16       0.59       0.0% ← best
        16       0.47       0.0% ← best
         8       0.53       0.0%
        12       0.57       0.0%
        16       0.66       0.0% ← best
        16       0.55       0.0% ← best
         8       0.58       0.0%
        12       0.53       0.0%
        16       0.58       0.0% ← best
        16       0.56       0.0% ← best
        16       0.52       0.0% ← best
        16       0.51       0.0% ← best
        16       0.53       0.0% ← best
        16       0.57       0.0% ← best
        16       0.55       0.0% ← best
        16       0.59       0.0% ← best
        16       0.61       0.0% ← best
        16       0.60       0.0% ← best
        16       0.54       0.0% ← best
        16       0.57       0.0% ← best
        16       0.57       0.0% ← best
        16       0.52       0.0% ← best
        16       0.57       0.0% ← best
        16       0.57       0.0% ← best
        16       0.53       0.0% ← best
        16       0.60       0.0% ← best
        16       0.59       0.0% ← best
        16       0.53       0.0% ← best
         8       0.52       0.0%
        12       0.58       0.0%
        16       0.66       0.0% ← best
        16       0.54       0.0% ← best
         8       0.56       0.0%
        12       0.53       0.0%
        16       0.59       0.0% ← best
        16       0.42       0.0% ← best
         8       0.59       0.0%
        12       0.54       0.0%
        16       0.62       0.0% ← best
        16       0.52       0.0% ← best
         8       0.45       0.0%
         8       0.53       0.0%
        12       0.68       0.0%
        16       0.59       0.0% ← best
         8       0.42       0.0%
         8       0.59       0.0%
        12       0.60       0.0%
  Best: 16 workers @ 0.71 tiles/s

  STAC fetch complete: 3997 ok / 0 failed
        fetched ok=3997 fail=0
  [2/4] QC (min_valid_ratio=0.8) ...
  QC [1000/3997] passed=992
  QC [2000/3997] passed=1981
  QC [3000/3997] passed=2977
  QC [3997/3997] passed=3961
QC complete: 3961 passed, 36 failed (3997 total)
        QC passed 3961 / 3997
  [3/4] triage ...
  Triage [1000/3961] high=1000 low=0 contradiction=0
  Triage [2000/3961] high=2000 low=0 contradiction=0
  Triage [3000/3961] high=3000 low=0 contradiction=0
  Triage [3961/3961] high=3961 low=0 contradiction=0
Triage complete: 3961 high / 0 low / 0 contradiction (3961 total)
        accepted 3961
  [4/4] assemble -> C:\Users\j.guthrie\Downloads\RESEARCH\infra_fm\data\curated_datasets\dataset_south-america_transport_v1
C:\Users\j.guthrie\Downloads\RESEARCH\infra_fm\fetch_v1_overnight.py:221: DeprecationWarning: datetime.datetime.utcnow() is deprecated and scheduled for removal in a future version. Use timezone-aware objects to represent datetimes in UTC: datetime.datetime.now(datetime.UTC).
  "completed_at"   : datetime.utcnow().isoformat() + "Z",
  [1000/3961] saved=1000 failed=0
  [2000/3961] saved=2000 failed=0
  [3000/3961] saved=3000 failed=0
  [3961/3961] saved=3961 failed=0

Dataset assembled: 3961 tiles saved, 0 failed
  Images:   C:\Users\j.guthrie\Downloads\RESEARCH\infra_fm\data\curated_datasets\dataset_south-america_transport_v1\images
  Manifest: C:\Users\j.guthrie\Downloads\RESEARCH\infra_fm\data\curated_datasets\dataset_south-america_transport_v1\manifest.json
  Summary:  C:\Users\j.guthrie\Downloads\RESEARCH\infra_fm\data\curated_datasets\dataset_south-america_transport_v1\summary.csv

Tiles by asset type:
asset_type
transport.train_station    3400
transport.airport           544
transport.port_terminal      17

Tiles by source/modality:
source
stac_sentinel2_ms+sentinel1    3961

Temporal tiles: 0 / 3961
  [done] south-america/transport in 7368s — 3961 tiles assembled

>>> [11/28] south-america/energy (n=9,999)

========================================================================
CELL  south-america/energy   (2026-06-03 01:01:42)
========================================================================
  loaded 9,999 assets from south-america_energy_v1_sample.parquet
  [1/4] STAC fetch ...
STACImageryFetcher: modalities=['sentinel2_ms', 'sentinel1'], n_bands=9, temporal_stack=False, buffer_m=300, workers=8 (adaptive)
  STAC fetch: 9999 assets pending (0 already checkpointed)
  [10/9999] (0%) ok=10 fail=0 workers=8
  [20/9999] (0%) ok=20 fail=0 workers=8
  [concurrency] workers=16 | throughput=0.2 tiles/s | fail_rate=0.0% | ↑ increase (throughput improving)
  [30/9999] (0%) ok=30 fail=0 workers=16
  [40/9999] (0%) ok=40 fail=0 workers=16
  [concurrency] workers=16 | throughput=0.5 tiles/s | fail_rate=0.0% | ↑ increase (throughput improving)
  [50/9999] (1%) ok=50 fail=0 workers=16
  [60/9999] (1%) ok=60 fail=0 workers=16
  [concurrency] workers=8 | throughput=0.4 tiles/s | fail_rate=0.0% | ↓ decrease (throughput degrading)
  [70/9999] (1%) ok=70 fail=0 workers=8
  [80/9999] (1%) ok=80 fail=0 workers=8
  [concurrency] workers=16 | throughput=0.6 tiles/s | fail_rate=0.0% | ↑ increase (throughput improving)
  [90/9999] (1%) ok=90 fail=0 workers=16
  [100/9999] (1%) ok=100 fail=0 workers=16
  [concurrency] workers=16 | throughput=0.6 tiles/s | fail_rate=0.0% | → nudge up
  [110/9999] (1%) ok=110 fail=0 workers=16
  [120/9999] (1%) ok=120 fail=0 workers=16
  [concurrency] workers=8 | throughput=0.5 tiles/s | fail_rate=0.0% | ↓ decrease (throughput degrading)
  [130/9999] (1%) ok=130 fail=0 workers=8
  [140/9999] (1%) ok=140 fail=0 workers=8
  [concurrency] workers=12 | throughput=0.5 tiles/s | fail_rate=0.0% | → nudge up
  [150/9999] (2%) ok=150 fail=0 workers=12
  [160/9999] (2%) ok=160 fail=0 workers=12
  [concurrency] workers=16 | throughput=0.6 tiles/s | fail_rate=0.0% | → nudge up
C:\Users\j.guthrie\Downloads\RESEARCH\infra_fm\curation\stac_imagery.py:240: RuntimeWarning: invalid value encountered in log10
  arr = np.where(arr > 0, 10 * np.log10(arr + 1e-10), vmin)
  [170/9999] (2%) ok=170 fail=0 workers=16
  [180/9999] (2%) ok=180 fail=0 workers=16
  [concurrency] workers=16 | throughput=0.6 tiles/s | fail_rate=0.0% | → nudge up
  [190/9999] (2%) ok=190 fail=0 workers=16
  [200/9999] (2%) ok=200 fail=0 workers=16
  [concurrency] workers=16 | throughput=0.6 tiles/s | fail_rate=0.0% | → nudge up
  checkpoint saved at 200 ok tiles
  [210/9999] (2%) ok=210 fail=0 workers=16
  [220/9999] (2%) ok=220 fail=0 workers=16
  [concurrency] workers=16 | throughput=0.6 tiles/s | fail_rate=0.0% | → nudge up
  [230/9999] (2%) ok=230 fail=0 workers=16
  [240/9999] (2%) ok=240 fail=0 workers=16
  [concurrency] workers=16 | throughput=0.6 tiles/s | fail_rate=0.0% | → nudge up
  [250/9999] (3%) ok=250 fail=0 workers=16
  [260/9999] (3%) ok=260 fail=0 workers=16
  [concurrency] workers=16 | throughput=0.6 tiles/s | fail_rate=0.0% | ↑ increase (throughput improving)
  [270/9999] (3%) ok=270 fail=0 workers=16
  [280/9999] (3%) ok=280 fail=0 workers=16
  [concurrency] workers=8 | throughput=0.5 tiles/s | fail_rate=0.0% | ↓ decrease (throughput degrading)
  [290/9999] (3%) ok=290 fail=0 workers=8
  [300/9999] (3%) ok=300 fail=0 workers=8
  [concurrency] workers=12 | throughput=0.6 tiles/s | fail_rate=0.0% | → nudge up
  [310/9999] (3%) ok=310 fail=0 workers=12
  [320/9999] (3%) ok=320 fail=0 workers=12
  [concurrency] workers=16 | throughput=0.6 tiles/s | fail_rate=0.0% | → nudge up
  [330/9999] (3%) ok=330 fail=0 workers=16
  [340/9999] (3%) ok=340 fail=0 workers=16
  [concurrency] workers=8 | throughput=0.5 tiles/s | fail_rate=0.0% | ↓ decrease (throughput degrading)
  [350/9999] (4%) ok=350 fail=0 workers=8
  [360/9999] (4%) ok=360 fail=0 workers=8
  [concurrency] workers=12 | throughput=0.6 tiles/s | fail_rate=0.0% | → nudge up
  [370/9999] (4%) ok=370 fail=0 workers=12
  [380/9999] (4%) ok=380 fail=0 workers=12
  [concurrency] workers=16 | throughput=0.5 tiles/s | fail_rate=0.0% | → nudge up
  [390/9999] (4%) ok=390 fail=0 workers=16
  [400/9999] (4%) ok=400 fail=0 workers=16
  [concurrency] workers=16 | throughput=0.6 tiles/s | fail_rate=0.0% | → nudge up
  checkpoint saved at 400 ok tiles
  [410/9999] (4%) ok=410 fail=0 workers=16
  [420/9999] (4%) ok=420 fail=0 workers=16
  [concurrency] workers=16 | throughput=0.6 tiles/s | fail_rate=0.0% | → nudge up
  [430/9999] (4%) ok=430 fail=0 workers=16
  [440/9999] (4%) ok=440 fail=0 workers=16
  [concurrency] workers=8 | throughput=0.5 tiles/s | fail_rate=0.0% | ↓ decrease (throughput degrading)
  [450/9999] (5%) ok=450 fail=0 workers=8
  [460/9999] (5%) ok=460 fail=0 workers=8
  [concurrency] workers=12 | throughput=0.5 tiles/s | fail_rate=0.0% | → nudge up
  [470/9999] (5%) ok=470 fail=0 workers=12
  [480/9999] (5%) ok=480 fail=0 workers=12
  [concurrency] workers=16 | throughput=0.6 tiles/s | fail_rate=0.0% | → nudge up
  [490/9999] (5%) ok=490 fail=0 workers=16
  [500/9999] (5%) ok=500 fail=0 workers=16
  [concurrency] workers=16 | throughput=0.6 tiles/s | fail_rate=0.0% | → nudge up
  [510/9999] (5%) ok=510 fail=0 workers=16
  [520/9999] (5%) ok=520 fail=0 workers=16
  [concurrency] workers=8 | throughput=0.5 tiles/s | fail_rate=0.0% | ↓ decrease (throughput degrading)
  [530/9999] (5%) ok=530 fail=0 workers=8
  [540/9999] (5%) ok=540 fail=0 workers=8
  [concurrency] workers=12 | throughput=0.5 tiles/s | fail_rate=0.0% | → nudge up
  [550/9999] (6%) ok=550 fail=0 workers=12
  [560/9999] (6%) ok=560 fail=0 workers=12
  [concurrency] workers=16 | throughput=0.6 tiles/s | fail_rate=0.0% | → nudge up
  [570/9999] (6%) ok=570 fail=0 workers=16
  [580/9999] (6%) ok=580 fail=0 workers=16
  [concurrency] workers=16 | throughput=0.6 tiles/s | fail_rate=0.0% | → nudge up
  [590/9999] (6%) ok=590 fail=0 workers=16
  [600/9999] (6%) ok=600 fail=0 workers=16
  [concurrency] workers=16 | throughput=0.6 tiles/s | fail_rate=0.0% | → nudge up
  checkpoint saved at 600 ok tiles
  [610/9999] (6%) ok=610 fail=0 workers=16
  [620/9999] (6%) ok=620 fail=0 workers=16
  [concurrency] workers=8 | throughput=0.5 tiles/s | fail_rate=0.0% | ↓ decrease (throughput degrading)
  [630/9999] (6%) ok=630 fail=0 workers=8
  [640/9999] (6%) ok=640 fail=0 workers=8
  [concurrency] workers=12 | throughput=0.6 tiles/s | fail_rate=0.0% | → nudge up
  [650/9999] (7%) ok=650 fail=0 workers=12
  [660/9999] (7%) ok=660 fail=0 workers=12
  [concurrency] workers=16 | throughput=0.6 tiles/s | fail_rate=0.0% | ↑ increase (throughput improving)
  [670/9999] (7%) ok=670 fail=0 workers=16
  [680/9999] (7%) ok=680 fail=0 workers=16
  [concurrency] workers=8 | throughput=0.6 tiles/s | fail_rate=0.0% | ↓ decrease (throughput degrading)
  [690/9999] (7%) ok=690 fail=0 workers=8
  [700/9999] (7%) ok=700 fail=0 workers=8
  [concurrency] workers=8 | throughput=0.5 tiles/s | fail_rate=0.0% | ↓ decrease (throughput degrading)
  [710/9999] (7%) ok=710 fail=0 workers=8
  [720/9999] (7%) ok=720 fail=0 workers=8
  [concurrency] workers=16 | throughput=0.7 tiles/s | fail_rate=0.0% | ↑ increase (throughput improving)
  [730/9999] (7%) ok=730 fail=0 workers=16
  [740/9999] (7%) ok=740 fail=0 workers=16
  [concurrency] workers=8 | throughput=0.5 tiles/s | fail_rate=0.0% | ↓ decrease (throughput degrading)
  [750/9999] (8%) ok=750 fail=0 workers=8
  [760/9999] (8%) ok=760 fail=0 workers=8
  [concurrency] workers=12 | throughput=0.6 tiles/s | fail_rate=0.0% | → nudge up
  [770/9999] (8%) ok=770 fail=0 workers=12
  [780/9999] (8%) ok=780 fail=0 workers=12
  [concurrency] workers=16 | throughput=0.6 tiles/s | fail_rate=0.0% | → nudge up
  [790/9999] (8%) ok=790 fail=0 workers=16
  [800/9999] (8%) ok=800 fail=0 workers=16
  [concurrency] workers=16 | throughput=0.5 tiles/s | fail_rate=0.0% | → nudge up
  checkpoint saved at 800 ok tiles
  [810/9999] (8%) ok=810 fail=0 workers=16
  [820/9999] (8%) ok=820 fail=0 workers=16
  [concurrency] workers=16 | throughput=0.6 tiles/s | fail_rate=0.0% | → nudge up
  [830/9999] (8%) ok=830 fail=0 workers=16
  [840/9999] (8%) ok=840 fail=0 workers=16
  [concurrency] workers=16 | throughput=0.6 tiles/s | fail_rate=0.0% | → nudge up
  [850/9999] (9%) ok=850 fail=0 workers=16
  [860/9999] (9%) ok=860 fail=0 workers=16
  [concurrency] workers=16 | throughput=0.6 tiles/s | fail_rate=0.0% | → nudge up
  [870/9999] (9%) ok=870 fail=0 workers=16
  [880/9999] (9%) ok=880 fail=0 workers=16
  [concurrency] workers=16 | throughput=0.6 tiles/s | fail_rate=0.0% | → nudge up
  [890/9999] (9%) ok=890 fail=0 workers=16
  [900/9999] (9%) ok=900 fail=0 workers=16
  [concurrency] workers=8 | throughput=0.5 tiles/s | fail_rate=0.0% | ↓ decrease (throughput degrading)
  [910/9999] (9%) ok=910 fail=0 workers=8
  [920/9999] (9%) ok=920 fail=0 workers=8
  [concurrency] workers=12 | throughput=0.6 tiles/s | fail_rate=0.0% | → nudge up
  [930/9999] (9%) ok=930 fail=0 workers=12
  [940/9999] (9%) ok=940 fail=0 workers=12
  [concurrency] workers=8 | throughput=0.5 tiles/s | fail_rate=0.0% | ↓ decrease (throughput degrading)
  [950/9999] (10%) ok=950 fail=0 workers=8
  [960/9999] (10%) ok=960 fail=0 workers=8
  [concurrency] workers=12 | throughput=0.5 tiles/s | fail_rate=0.0% | → nudge up
  [970/9999] (10%) ok=970 fail=0 workers=12
  [980/9999] (10%) ok=980 fail=0 workers=12
  [concurrency] workers=16 | throughput=0.5 tiles/s | fail_rate=0.0% | → nudge up
  [990/9999] (10%) ok=990 fail=0 workers=16
  [1000/9999] (10%) ok=1000 fail=0 workers=16
  [concurrency] workers=16 | throughput=0.6 tiles/s | fail_rate=0.0% | → nudge up
  checkpoint saved at 1000 ok tiles
  [1010/9999] (10%) ok=1010 fail=0 workers=16
  [1020/9999] (10%) ok=1020 fail=0 workers=16
  [concurrency] workers=8 | throughput=0.5 tiles/s | fail_rate=0.0% | ↓ decrease (throughput degrading)
  [1030/9999] (10%) ok=1030 fail=0 workers=8
  [1040/9999] (10%) ok=1040 fail=0 workers=8
  [concurrency] workers=12 | throughput=0.5 tiles/s | fail_rate=0.0% | → nudge up
  [1050/9999] (11%) ok=1050 fail=0 workers=12
  [1060/9999] (11%) ok=1060 fail=0 workers=12
  [concurrency] workers=16 | throughput=0.6 tiles/s | fail_rate=0.0% | → nudge up
  [1070/9999] (11%) ok=1070 fail=0 workers=16
  [1080/9999] (11%) ok=1080 fail=0 workers=16
  [concurrency] workers=16 | throughput=0.6 tiles/s | fail_rate=0.0% | → nudge up
  [1090/9999] (11%) ok=1090 fail=0 workers=16
  [1100/9999] (11%) ok=1100 fail=0 workers=16
  [concurrency] workers=8 | throughput=0.5 tiles/s | fail_rate=0.0% | ↓ decrease (throughput degrading)
  [1110/9999] (11%) ok=1110 fail=0 workers=8
  [1120/9999] (11%) ok=1120 fail=0 workers=8
  [concurrency] workers=12 | throughput=0.5 tiles/s | fail_rate=0.0% | → nudge up
  [1130/9999] (11%) ok=1130 fail=0 workers=12
  [1140/9999] (11%) ok=1140 fail=0 workers=12
  [concurrency] workers=16 | throughput=0.6 tiles/s | fail_rate=0.0% | → nudge up
  [1150/9999] (12%) ok=1150 fail=0 workers=16
  [1160/9999] (12%) ok=1160 fail=0 workers=16
  [concurrency] workers=16 | throughput=0.7 tiles/s | fail_rate=0.0% | → nudge up
  [1170/9999] (12%) ok=1170 fail=0 workers=16
  [1180/9999] (12%) ok=1180 fail=0 workers=16
  [concurrency] workers=8 | throughput=0.5 tiles/s | fail_rate=0.0% | ↓ decrease (throughput degrading)
  [1190/9999] (12%) ok=1190 fail=0 workers=8
  [1200/9999] (12%) ok=1200 fail=0 workers=8
  [concurrency] workers=12 | throughput=0.5 tiles/s | fail_rate=0.0% | → nudge up
  checkpoint saved at 1200 ok tiles
  [1210/9999] (12%) ok=1210 fail=0 workers=12
  [1220/9999] (12%) ok=1220 fail=0 workers=12
  [concurrency] workers=16 | throughput=0.6 tiles/s | fail_rate=0.0% | → nudge up
  [1230/9999] (12%) ok=1230 fail=0 workers=16
  [1240/9999] (12%) ok=1240 fail=0 workers=16
  [concurrency] workers=8 | throughput=0.5 tiles/s | fail_rate=0.0% | ↓ decrease (throughput degrading)
  [1250/9999] (13%) ok=1250 fail=0 workers=8
  [1260/9999] (13%) ok=1260 fail=0 workers=8
  [concurrency] workers=12 | throughput=0.6 tiles/s | fail_rate=0.0% | → nudge up
  [1270/9999] (13%) ok=1270 fail=0 workers=12
  [1280/9999] (13%) ok=1280 fail=0 workers=12
  [concurrency] workers=16 | throughput=0.6 tiles/s | fail_rate=0.0% | → nudge up
  [1290/9999] (13%) ok=1290 fail=0 workers=16
  [1300/9999] (13%) ok=1300 fail=0 workers=16
  [concurrency] workers=16 | throughput=0.5 tiles/s | fail_rate=0.0% | → nudge up
  [1310/9999] (13%) ok=1310 fail=0 workers=16
  [1320/9999] (13%) ok=1320 fail=0 workers=16
  [concurrency] workers=16 | throughput=0.6 tiles/s | fail_rate=0.0% | → nudge up
  [1330/9999] (13%) ok=1330 fail=0 workers=16
  [1340/9999] (13%) ok=1340 fail=0 workers=16
  [concurrency] workers=16 | throughput=0.6 tiles/s | fail_rate=0.0% | → nudge up
  [1350/9999] (14%) ok=1350 fail=0 workers=16
  [1360/9999] (14%) ok=1360 fail=0 workers=16
  [concurrency] workers=8 | throughput=0.5 tiles/s | fail_rate=0.0% | ↓ decrease (throughput degrading)
  [1370/9999] (14%) ok=1370 fail=0 workers=8
  [1380/9999] (14%) ok=1380 fail=0 workers=8
  [concurrency] workers=12 | throughput=0.7 tiles/s | fail_rate=0.0% | → nudge up
  [1390/9999] (14%) ok=1390 fail=0 workers=12
  [1400/9999] (14%) ok=1400 fail=0 workers=12
  [concurrency] workers=8 | throughput=0.5 tiles/s | fail_rate=0.0% | ↓ decrease (throughput degrading)
  checkpoint saved at 1400 ok tiles
  [1410/9999] (14%) ok=1410 fail=0 workers=8
  [1420/9999] (14%) ok=1420 fail=0 workers=8
  [concurrency] workers=12 | throughput=0.6 tiles/s | fail_rate=0.0% | → nudge up
  [1430/9999] (14%) ok=1430 fail=0 workers=12
  [1440/9999] (14%) ok=1440 fail=0 workers=12
  [concurrency] workers=8 | throughput=0.5 tiles/s | fail_rate=0.0% | ↓ decrease (throughput degrading)
  [1450/9999] (15%) ok=1450 fail=0 workers=8
  [1460/9999] (15%) ok=1460 fail=0 workers=8
  [concurrency] workers=8 | throughput=0.4 tiles/s | fail_rate=0.0% | ↓ decrease (throughput degrading)
  [1470/9999] (15%) ok=1470 fail=0 workers=8
  [1480/9999] (15%) ok=1480 fail=0 workers=8
  [concurrency] workers=12 | throughput=0.4 tiles/s | fail_rate=0.0% | → nudge up
  [1490/9999] (15%) ok=1490 fail=0 workers=12
  [1500/9999] (15%) ok=1500 fail=0 workers=12
  [concurrency] workers=16 | throughput=0.6 tiles/s | fail_rate=0.0% | → nudge up
  [1510/9999] (15%) ok=1510 fail=0 workers=16
  [1520/9999] (15%) ok=1520 fail=0 workers=16
  [concurrency] workers=16 | throughput=0.6 tiles/s | fail_rate=0.0% | → nudge up
  [1530/9999] (15%) ok=1530 fail=0 workers=16
  [1540/9999] (15%) ok=1540 fail=0 workers=16
  [concurrency] workers=16 | throughput=0.6 tiles/s | fail_rate=0.0% | → nudge up
  [1550/9999] (16%) ok=1550 fail=0 workers=16
  [1560/9999] (16%) ok=1560 fail=0 workers=16
  [concurrency] workers=8 | throughput=0.4 tiles/s | fail_rate=0.0% | ↓ decrease (throughput degrading)
  [1570/9999] (16%) ok=1570 fail=0 workers=8
  [1580/9999] (16%) ok=1580 fail=0 workers=8
  [concurrency] workers=12 | throughput=0.6 tiles/s | fail_rate=0.0% | → nudge up
  [1590/9999] (16%) ok=1590 fail=0 workers=12
  [1600/9999] (16%) ok=1600 fail=0 workers=12
  [concurrency] workers=16 | throughput=0.6 tiles/s | fail_rate=0.0% | → nudge up
  checkpoint saved at 1600 ok tiles
  [1610/9999] (16%) ok=1610 fail=0 workers=16
  [1620/9999] (16%) ok=1620 fail=0 workers=16
  [concurrency] workers=16 | throughput=0.6 tiles/s | fail_rate=0.0% | → nudge up
  [1630/9999] (16%) ok=1630 fail=0 workers=16
  [1640/9999] (16%) ok=1640 fail=0 workers=16
  [concurrency] workers=8 | throughput=0.4 tiles/s | fail_rate=0.0% | ↓ decrease (throughput degrading)
  [1650/9999] (17%) ok=1650 fail=0 workers=8
  [1660/9999] (17%) ok=1660 fail=0 workers=8
  [concurrency] workers=12 | throughput=0.6 tiles/s | fail_rate=0.0% | → nudge up
  [1670/9999] (17%) ok=1670 fail=0 workers=12
  [1680/9999] (17%) ok=1680 fail=0 workers=12
  [concurrency] workers=16 | throughput=0.6 tiles/s | fail_rate=0.0% | → nudge up
  [1690/9999] (17%) ok=1690 fail=0 workers=16
  [1700/9999] (17%) ok=1700 fail=0 workers=16
  [concurrency] workers=16 | throughput=0.6 tiles/s | fail_rate=0.0% | → nudge up
  [1710/9999] (17%) ok=1710 fail=0 workers=16
  [1720/9999] (17%) ok=1720 fail=0 workers=16
  [concurrency] workers=8 | throughput=0.5 tiles/s | fail_rate=0.0% | ↓ decrease (throughput degrading)
  [1730/9999] (17%) ok=1730 fail=0 workers=8
  [1740/9999] (17%) ok=1740 fail=0 workers=8
  [concurrency] workers=12 | throughput=0.5 tiles/s | fail_rate=0.0% | → nudge up
  [1750/9999] (18%) ok=1750 fail=0 workers=12
  [1760/9999] (18%) ok=1760 fail=0 workers=12
  [concurrency] workers=16 | throughput=0.6 tiles/s | fail_rate=0.0% | → nudge up
  [1770/9999] (18%) ok=1770 fail=0 workers=16
  [1780/9999] (18%) ok=1780 fail=0 workers=16
  [concurrency] workers=16 | throughput=0.6 tiles/s | fail_rate=0.0% | → nudge up
  [1790/9999] (18%) ok=1790 fail=0 workers=16
  [1800/9999] (18%) ok=1800 fail=0 workers=16
  [concurrency] workers=16 | throughput=0.5 tiles/s | fail_rate=0.0% | → nudge up
  checkpoint saved at 1800 ok tiles
  [1810/9999] (18%) ok=1810 fail=0 workers=16
  [1820/9999] (18%) ok=1820 fail=0 workers=16
  [concurrency] workers=16 | throughput=0.5 tiles/s | fail_rate=0.0% | → nudge up
  [1830/9999] (18%) ok=1830 fail=0 workers=16
  [1840/9999] (18%) ok=1840 fail=0 workers=16
  [concurrency] workers=16 | throughput=0.7 tiles/s | fail_rate=0.0% | → nudge up
  [1850/9999] (19%) ok=1850 fail=0 workers=16
  [1860/9999] (19%) ok=1860 fail=0 workers=16
  [concurrency] workers=8 | throughput=0.6 tiles/s | fail_rate=0.0% | ↓ decrease (throughput degrading)
  [1870/9999] (19%) ok=1870 fail=0 workers=8
  [1880/9999] (19%) ok=1880 fail=0 workers=8
  [concurrency] workers=12 | throughput=0.5 tiles/s | fail_rate=0.0% | → nudge up
  [1890/9999] (19%) ok=1890 fail=0 workers=12
  [1900/9999] (19%) ok=1900 fail=0 workers=12
  [concurrency] workers=16 | throughput=0.6 tiles/s | fail_rate=0.0% | → nudge up
  [1910/9999] (19%) ok=1910 fail=0 workers=16
  [1920/9999] (19%) ok=1920 fail=0 workers=16
  [concurrency] workers=16 | throughput=0.6 tiles/s | fail_rate=0.0% | → nudge up
  [1930/9999] (19%) ok=1930 fail=0 workers=16
  [1940/9999] (19%) ok=1940 fail=0 workers=16
  [concurrency] workers=16 | throughput=0.5 tiles/s | fail_rate=0.0% | → nudge up
  [1950/9999] (20%) ok=1950 fail=0 workers=16
  [1960/9999] (20%) ok=1960 fail=0 workers=16
  [concurrency] workers=16 | throughput=0.6 tiles/s | fail_rate=0.0% | → nudge up
  [1970/9999] (20%) ok=1970 fail=0 workers=16
  [1980/9999] (20%) ok=1980 fail=0 workers=16
  [concurrency] workers=16 | throughput=0.6 tiles/s | fail_rate=0.0% | → nudge up
  [1990/9999] (20%) ok=1990 fail=0 workers=16
  [2000/9999] (20%) ok=2000 fail=0 workers=16
  [concurrency] workers=8 | throughput=0.5 tiles/s | fail_rate=0.0% | ↓ decrease (throughput degrading)
  checkpoint saved at 2000 ok tiles
  [2010/9999] (20%) ok=2010 fail=0 workers=8
  [2020/9999] (20%) ok=2020 fail=0 workers=8
  [concurrency] workers=12 | throughput=0.5 tiles/s | fail_rate=0.0% | → nudge up
  [2030/9999] (20%) ok=2030 fail=0 workers=12
  [2040/9999] (20%) ok=2040 fail=0 workers=12
  [concurrency] workers=16 | throughput=0.6 tiles/s | fail_rate=0.0% | → nudge up
  [2050/9999] (21%) ok=2050 fail=0 workers=16
  [2060/9999] (21%) ok=2060 fail=0 workers=16
  [concurrency] workers=16 | throughput=0.6 tiles/s | fail_rate=0.0% | → nudge up
  [2070/9999] (21%) ok=2070 fail=0 workers=16
  [2080/9999] (21%) ok=2080 fail=0 workers=16
  [concurrency] workers=16 | throughput=0.6 tiles/s | fail_rate=0.0% | → nudge up
  [2090/9999] (21%) ok=2090 fail=0 workers=16
  [2100/9999] (21%) ok=2100 fail=0 workers=16
  [concurrency] workers=16 | throughput=0.5 tiles/s | fail_rate=0.0% | → nudge up
  [2110/9999] (21%) ok=2110 fail=0 workers=16
  [2120/9999] (21%) ok=2120 fail=0 workers=16
  [concurrency] workers=16 | throughput=0.5 tiles/s | fail_rate=0.0% | → nudge up
  [2130/9999] (21%) ok=2130 fail=0 workers=16
  [2140/9999] (21%) ok=2140 fail=0 workers=16
  [concurrency] workers=16 | throughput=0.5 tiles/s | fail_rate=0.0% | → nudge up
  [2150/9999] (22%) ok=2150 fail=0 workers=16
  [2160/9999] (22%) ok=2160 fail=0 workers=16
  [concurrency] workers=16 | throughput=0.5 tiles/s | fail_rate=0.0% | → nudge up
  [2170/9999] (22%) ok=2170 fail=0 workers=16
  [2180/9999] (22%) ok=2180 fail=0 workers=16
  [concurrency] workers=16 | throughput=0.6 tiles/s | fail_rate=0.0% | → nudge up
  [2190/9999] (22%) ok=2190 fail=0 workers=16
  [2200/9999] (22%) ok=2200 fail=0 workers=16
  [concurrency] workers=16 | throughput=0.6 tiles/s | fail_rate=0.0% | → nudge up
  checkpoint saved at 2200 ok tiles
  [2210/9999] (22%) ok=2210 fail=0 workers=16
  [2220/9999] (22%) ok=2220 fail=0 workers=16
  [concurrency] workers=8 | throughput=0.5 tiles/s | fail_rate=0.0% | ↓ decrease (throughput degrading)
  [2230/9999] (22%) ok=2230 fail=0 workers=8
  [2240/9999] (22%) ok=2240 fail=0 workers=8
  [concurrency] workers=12 | throughput=0.5 tiles/s | fail_rate=0.0% | → nudge up
  [2250/9999] (23%) ok=2250 fail=0 workers=12
  [2260/9999] (23%) ok=2260 fail=0 workers=12
  [concurrency] workers=16 | throughput=0.5 tiles/s | fail_rate=0.0% | → nudge up
  [2270/9999] (23%) ok=2270 fail=0 workers=16
  [2280/9999] (23%) ok=2280 fail=0 workers=16
  [concurrency] workers=16 | throughput=0.5 tiles/s | fail_rate=0.0% | → nudge up
  [2290/9999] (23%) ok=2290 fail=0 workers=16
  [2300/9999] (23%) ok=2300 fail=0 workers=16
  [concurrency] workers=16 | throughput=0.6 tiles/s | fail_rate=0.0% | → nudge up
  [2310/9999] (23%) ok=2310 fail=0 workers=16
  [2320/9999] (23%) ok=2320 fail=0 workers=16
  [concurrency] workers=8 | throughput=0.5 tiles/s | fail_rate=0.0% | ↓ decrease (throughput degrading)
  [2330/9999] (23%) ok=2330 fail=0 workers=8
  [2340/9999] (23%) ok=2340 fail=0 workers=8
  [concurrency] workers=12 | throughput=0.5 tiles/s | fail_rate=0.0% | → nudge up
  [2350/9999] (24%) ok=2350 fail=0 workers=12
  [2360/9999] (24%) ok=2360 fail=0 workers=12
  [concurrency] workers=16 | throughput=0.5 tiles/s | fail_rate=0.0% | → nudge up
  [2370/9999] (24%) ok=2370 fail=0 workers=16
  [2380/9999] (24%) ok=2380 fail=0 workers=16
  [concurrency] workers=16 | throughput=0.6 tiles/s | fail_rate=0.0% | → nudge up
  [2390/9999] (24%) ok=2390 fail=0 workers=16
  [2400/9999] (24%) ok=2400 fail=0 workers=16
  [concurrency] workers=16 | throughput=0.6 tiles/s | fail_rate=0.0% | → nudge up
  checkpoint saved at 2400 ok tiles
  [2410/9999] (24%) ok=2410 fail=0 workers=16
  [2420/9999] (24%) ok=2420 fail=0 workers=16
  [concurrency] workers=16 | throughput=0.5 tiles/s | fail_rate=0.0% | → nudge up
  [2430/9999] (24%) ok=2430 fail=0 workers=16
  [2440/9999] (24%) ok=2440 fail=0 workers=16
  [concurrency] workers=16 | throughput=0.6 tiles/s | fail_rate=0.0% | → nudge up
  [2450/9999] (25%) ok=2450 fail=0 workers=16
  [2460/9999] (25%) ok=2460 fail=0 workers=16
  [concurrency] workers=16 | throughput=0.5 tiles/s | fail_rate=0.0% | → nudge up
  [2470/9999] (25%) ok=2470 fail=0 workers=16
  [2480/9999] (25%) ok=2480 fail=0 workers=16
  [concurrency] workers=16 | throughput=0.6 tiles/s | fail_rate=0.0% | → nudge up
  [2490/9999] (25%) ok=2490 fail=0 workers=16
  [2500/9999] (25%) ok=2500 fail=0 workers=16
  [concurrency] workers=8 | throughput=0.5 tiles/s | fail_rate=0.0% | ↓ decrease (throughput degrading)
  [2510/9999] (25%) ok=2510 fail=0 workers=8
  [2520/9999] (25%) ok=2520 fail=0 workers=8
  [concurrency] workers=12 | throughput=0.5 tiles/s | fail_rate=0.0% | → nudge up
  [2530/9999] (25%) ok=2530 fail=0 workers=12
  [2540/9999] (25%) ok=2540 fail=0 workers=12
  [concurrency] workers=16 | throughput=0.6 tiles/s | fail_rate=0.0% | → nudge up
  [2550/9999] (26%) ok=2550 fail=0 workers=16
  [2560/9999] (26%) ok=2560 fail=0 workers=16
  [concurrency] workers=16 | throughput=0.6 tiles/s | fail_rate=0.0% | → nudge up
  [2570/9999] (26%) ok=2570 fail=0 workers=16
  [2580/9999] (26%) ok=2580 fail=0 workers=16
  [concurrency] workers=16 | throughput=0.6 tiles/s | fail_rate=0.0% | → nudge up
  [2590/9999] (26%) ok=2590 fail=0 workers=16
  [2600/9999] (26%) ok=2600 fail=0 workers=16
  [concurrency] workers=16 | throughput=0.5 tiles/s | fail_rate=0.0% | → nudge up
  checkpoint saved at 2600 ok tiles
  [2610/9999] (26%) ok=2610 fail=0 workers=16
  [2620/9999] (26%) ok=2620 fail=0 workers=16
  [concurrency] workers=16 | throughput=0.6 tiles/s | fail_rate=0.0% | → nudge up
  [2630/9999] (26%) ok=2630 fail=0 workers=16
  [2640/9999] (26%) ok=2640 fail=0 workers=16
  [concurrency] workers=16 | throughput=0.6 tiles/s | fail_rate=0.0% | → nudge up
  [2650/9999] (27%) ok=2650 fail=0 workers=16
  [2660/9999] (27%) ok=2660 fail=0 workers=16
  [concurrency] workers=8 | throughput=0.5 tiles/s | fail_rate=0.0% | ↓ decrease (throughput degrading)
  [2670/9999] (27%) ok=2670 fail=0 workers=8
  [2680/9999] (27%) ok=2680 fail=0 workers=8
  [concurrency] workers=12 | throughput=0.5 tiles/s | fail_rate=0.0% | → nudge up
  [2690/9999] (27%) ok=2690 fail=0 workers=12
  [2700/9999] (27%) ok=2700 fail=0 workers=12
  [concurrency] workers=16 | throughput=0.6 tiles/s | fail_rate=0.0% | → nudge up
  [2710/9999] (27%) ok=2710 fail=0 workers=16
  [2720/9999] (27%) ok=2720 fail=0 workers=16
  [concurrency] workers=16 | throughput=0.6 tiles/s | fail_rate=0.0% | → nudge up
  [2730/9999] (27%) ok=2730 fail=0 workers=16
  [2740/9999] (27%) ok=2740 fail=0 workers=16
  [concurrency] workers=16 | throughput=0.6 tiles/s | fail_rate=0.0% | → nudge up
  [2750/9999] (28%) ok=2750 fail=0 workers=16
  [2760/9999] (28%) ok=2760 fail=0 workers=16
  [concurrency] workers=16 | throughput=0.6 tiles/s | fail_rate=0.0% | → nudge up
  [2770/9999] (28%) ok=2770 fail=0 workers=16
  [2780/9999] (28%) ok=2780 fail=0 workers=16
  [concurrency] workers=16 | throughput=0.6 tiles/s | fail_rate=0.0% | → nudge up
  [2790/9999] (28%) ok=2790 fail=0 workers=16
  [2800/9999] (28%) ok=2800 fail=0 workers=16
  [concurrency] workers=16 | throughput=0.5 tiles/s | fail_rate=0.0% | → nudge up
  checkpoint saved at 2800 ok tiles
  [2810/9999] (28%) ok=2810 fail=0 workers=16
  [2820/9999] (28%) ok=2820 fail=0 workers=16
  [concurrency] workers=16 | throughput=0.6 tiles/s | fail_rate=0.0% | → nudge up
  [2830/9999] (28%) ok=2830 fail=0 workers=16
  [2840/9999] (28%) ok=2840 fail=0 workers=16
  [concurrency] workers=16 | throughput=0.6 tiles/s | fail_rate=0.0% | → nudge up
  [2850/9999] (29%) ok=2850 fail=0 workers=16
  [2860/9999] (29%) ok=2860 fail=0 workers=16
  [concurrency] workers=8 | throughput=0.5 tiles/s | fail_rate=0.0% | ↓ decrease (throughput degrading)
  [2870/9999] (29%) ok=2870 fail=0 workers=8
  [2880/9999] (29%) ok=2880 fail=0 workers=8
  [concurrency] workers=12 | throughput=0.5 tiles/s | fail_rate=0.0% | → nudge up
  [2890/9999] (29%) ok=2890 fail=0 workers=12
  [2900/9999] (29%) ok=2900 fail=0 workers=12
  [concurrency] workers=16 | throughput=0.5 tiles/s | fail_rate=0.0% | → nudge up
  [2910/9999] (29%) ok=2910 fail=0 workers=16
  [2920/9999] (29%) ok=2920 fail=0 workers=16
  [concurrency] workers=16 | throughput=0.6 tiles/s | fail_rate=0.0% | → nudge up
  [2930/9999] (29%) ok=2930 fail=0 workers=16
  [2940/9999] (29%) ok=2940 fail=0 workers=16
  [concurrency] workers=8 | throughput=0.4 tiles/s | fail_rate=0.0% | ↓ decrease (throughput degrading)
  [2950/9999] (30%) ok=2950 fail=0 workers=8
  [2960/9999] (30%) ok=2960 fail=0 workers=8
  [concurrency] workers=8 | throughput=0.3 tiles/s | fail_rate=0.0% | ↓ decrease (throughput degrading)
  [2970/9999] (30%) ok=2970 fail=0 workers=8
  [2980/9999] (30%) ok=2980 fail=0 workers=8
  [concurrency] workers=12 | throughput=0.6 tiles/s | fail_rate=0.0% | → nudge up
  [2990/9999] (30%) ok=2990 fail=0 workers=12
  [3000/9999] (30%) ok=3000 fail=0 workers=12
  [concurrency] workers=16 | throughput=0.5 tiles/s | fail_rate=0.0% | → nudge up
  checkpoint saved at 3000 ok tiles
  [3010/9999] (30%) ok=3010 fail=0 workers=16
  [3020/9999] (30%) ok=3020 fail=0 workers=16
  [concurrency] workers=16 | throughput=0.6 tiles/s | fail_rate=0.0% | → nudge up
  [3030/9999] (30%) ok=3030 fail=0 workers=16
  [3040/9999] (30%) ok=3040 fail=0 workers=16
  [concurrency] workers=8 | throughput=0.5 tiles/s | fail_rate=0.0% | ↓ decrease (throughput degrading)
  [3050/9999] (31%) ok=3050 fail=0 workers=8
  [3060/9999] (31%) ok=3060 fail=0 workers=8
  [concurrency] workers=12 | throughput=0.6 tiles/s | fail_rate=0.0% | → nudge up
  [3070/9999] (31%) ok=3070 fail=0 workers=12
  [3080/9999] (31%) ok=3080 fail=0 workers=12
  [concurrency] workers=8 | throughput=0.5 tiles/s | fail_rate=0.0% | ↓ decrease (throughput degrading)
  [3090/9999] (31%) ok=3090 fail=0 workers=8
  [3100/9999] (31%) ok=3100 fail=0 workers=8
  [concurrency] workers=12 | throughput=0.6 tiles/s | fail_rate=0.0% | → nudge up
  [3110/9999] (31%) ok=3110 fail=0 workers=12
  [3120/9999] (31%) ok=3120 fail=0 workers=12
  [concurrency] workers=8 | throughput=0.4 tiles/s | fail_rate=0.0% | ↓ decrease (throughput degrading)
  [3130/9999] (31%) ok=3130 fail=0 workers=8
  [3140/9999] (31%) ok=3140 fail=0 workers=8
  [concurrency] workers=12 | throughput=0.7 tiles/s | fail_rate=0.0% | → nudge up
  [3150/9999] (32%) ok=3150 fail=0 workers=12
  [3160/9999] (32%) ok=3160 fail=0 workers=12
  [concurrency] workers=8 | throughput=0.5 tiles/s | fail_rate=0.0% | ↓ decrease (throughput degrading)
  [3170/9999] (32%) ok=3170 fail=0 workers=8
  [3180/9999] (32%) ok=3180 fail=0 workers=8
  [concurrency] workers=12 | throughput=0.7 tiles/s | fail_rate=0.0% | → nudge up
  [3190/9999] (32%) ok=3190 fail=0 workers=12
  [3200/9999] (32%) ok=3200 fail=0 workers=12
  [concurrency] workers=8 | throughput=0.4 tiles/s | fail_rate=0.0% | ↓ decrease (throughput degrading)
  checkpoint saved at 3200 ok tiles
  [3210/9999] (32%) ok=3210 fail=0 workers=8
  [3220/9999] (32%) ok=3220 fail=0 workers=8
  [concurrency] workers=12 | throughput=0.6 tiles/s | fail_rate=0.0% | → nudge up
  [3230/9999] (32%) ok=3230 fail=0 workers=12
  [3240/9999] (32%) ok=3240 fail=0 workers=12
  [concurrency] workers=16 | throughput=0.6 tiles/s | fail_rate=0.0% | → nudge up
  [3250/9999] (33%) ok=3250 fail=0 workers=16
  [3260/9999] (33%) ok=3260 fail=0 workers=16
  [concurrency] workers=16 | throughput=0.6 tiles/s | fail_rate=0.0% | → nudge up
  [3270/9999] (33%) ok=3270 fail=0 workers=16
  [3280/9999] (33%) ok=3280 fail=0 workers=16
  [concurrency] workers=8 | throughput=0.5 tiles/s | fail_rate=0.0% | ↓ decrease (throughput degrading)
  [3290/9999] (33%) ok=3290 fail=0 workers=8
  [3300/9999] (33%) ok=3300 fail=0 workers=8
  [concurrency] workers=12 | throughput=0.5 tiles/s | fail_rate=0.0% | → nudge up
  [3310/9999] (33%) ok=3310 fail=0 workers=12
  [3320/9999] (33%) ok=3320 fail=0 workers=12
  [concurrency] workers=16 | throughput=0.6 tiles/s | fail_rate=0.0% | → nudge up
  [3330/9999] (33%) ok=3330 fail=0 workers=16
  [3340/9999] (33%) ok=3340 fail=0 workers=16
  [concurrency] workers=16 | throughput=0.6 tiles/s | fail_rate=0.0% | → nudge up
  [3350/9999] (34%) ok=3350 fail=0 workers=16
  [3360/9999] (34%) ok=3360 fail=0 workers=16
  [concurrency] workers=8 | throughput=0.5 tiles/s | fail_rate=0.0% | ↓ decrease (throughput degrading)
  [3370/9999] (34%) ok=3370 fail=0 workers=8
  [3380/9999] (34%) ok=3380 fail=0 workers=8
  [concurrency] workers=12 | throughput=0.5 tiles/s | fail_rate=0.0% | → nudge up
  [3390/9999] (34%) ok=3390 fail=0 workers=12
  [3400/9999] (34%) ok=3400 fail=0 workers=12
  [concurrency] workers=16 | throughput=0.6 tiles/s | fail_rate=0.0% | → nudge up
  checkpoint saved at 3400 ok tiles
  [3410/9999] (34%) ok=3410 fail=0 workers=16
  [3420/9999] (34%) ok=3420 fail=0 workers=16
  [concurrency] workers=16 | throughput=0.5 tiles/s | fail_rate=0.0% | → nudge up
  [3430/9999] (34%) ok=3430 fail=0 workers=16
  [3440/9999] (34%) ok=3440 fail=0 workers=16
  [concurrency] workers=16 | throughput=0.6 tiles/s | fail_rate=0.0% | → nudge up
  [3450/9999] (35%) ok=3450 fail=0 workers=16
  [3460/9999] (35%) ok=3460 fail=0 workers=16
  [concurrency] workers=16 | throughput=0.6 tiles/s | fail_rate=0.0% | → nudge up
  [3470/9999] (35%) ok=3470 fail=0 workers=16
  [3480/9999] (35%) ok=3480 fail=0 workers=16
  [concurrency] workers=16 | throughput=0.5 tiles/s | fail_rate=0.0% | → nudge up
  [3490/9999] (35%) ok=3490 fail=0 workers=16
  [3500/9999] (35%) ok=3500 fail=0 workers=16
  [concurrency] workers=16 | throughput=0.5 tiles/s | fail_rate=0.0% | → nudge up
  [3510/9999] (35%) ok=3510 fail=0 workers=16
  [3520/9999] (35%) ok=3520 fail=0 workers=16
  [concurrency] workers=16 | throughput=0.5 tiles/s | fail_rate=0.0% | → nudge up
  [3530/9999] (35%) ok=3530 fail=0 workers=16
  [3540/9999] (35%) ok=3540 fail=0 workers=16
  [concurrency] workers=16 | throughput=0.6 tiles/s | fail_rate=0.0% | → nudge up
  [3550/9999] (36%) ok=3550 fail=0 workers=16
  [3560/9999] (36%) ok=3560 fail=0 workers=16
  [concurrency] workers=8 | throughput=0.5 tiles/s | fail_rate=0.0% | ↓ decrease (throughput degrading)
  [3570/9999] (36%) ok=3570 fail=0 workers=8
  [3580/9999] (36%) ok=3580 fail=0 workers=8
  [concurrency] workers=12 | throughput=0.6 tiles/s | fail_rate=0.0% | → nudge up
  [3590/9999] (36%) ok=3590 fail=0 workers=12
  [3600/9999] (36%) ok=3600 fail=0 workers=12
  [concurrency] workers=8 | throughput=0.5 tiles/s | fail_rate=0.0% | ↓ decrease (throughput degrading)
  checkpoint saved at 3600 ok tiles
  [3610/9999] (36%) ok=3610 fail=0 workers=8
  [3620/9999] (36%) ok=3620 fail=0 workers=8
  [concurrency] workers=12 | throughput=0.5 tiles/s | fail_rate=0.0% | → nudge up
  [3630/9999] (36%) ok=3630 fail=0 workers=12
  [3640/9999] (36%) ok=3640 fail=0 workers=12
  [concurrency] workers=16 | throughput=0.5 tiles/s | fail_rate=0.0% | → nudge up
  [3650/9999] (37%) ok=3650 fail=0 workers=16
  [3660/9999] (37%) ok=3660 fail=0 workers=16
  [concurrency] workers=16 | throughput=0.6 tiles/s | fail_rate=0.0% | → nudge up
  [3670/9999] (37%) ok=3670 fail=0 workers=16
  [3680/9999] (37%) ok=3680 fail=0 workers=16
  [concurrency] workers=16 | throughput=0.5 tiles/s | fail_rate=0.0% | → nudge up
  [3690/9999] (37%) ok=3690 fail=0 workers=16
  [3700/9999] (37%) ok=3700 fail=0 workers=16
  [concurrency] workers=8 | throughput=0.5 tiles/s | fail_rate=0.0% | ↓ decrease (throughput degrading)
  [3710/9999] (37%) ok=3710 fail=0 workers=8
  [3720/9999] (37%) ok=3720 fail=0 workers=8
  [concurrency] workers=12 | throughput=0.6 tiles/s | fail_rate=0.0% | → nudge up
  [3730/9999] (37%) ok=3730 fail=0 workers=12
  [3740/9999] (37%) ok=3740 fail=0 workers=12
  [concurrency] workers=16 | throughput=0.6 tiles/s | fail_rate=0.0% | → nudge up
  [3750/9999] (38%) ok=3750 fail=0 workers=16
  [3760/9999] (38%) ok=3760 fail=0 workers=16
  [concurrency] workers=8 | throughput=0.5 tiles/s | fail_rate=0.0% | ↓ decrease (throughput degrading)
  [3770/9999] (38%) ok=3770 fail=0 workers=8
  [3780/9999] (38%) ok=3780 fail=0 workers=8
  [concurrency] workers=12 | throughput=0.5 tiles/s | fail_rate=0.0% | → nudge up
  [3790/9999] (38%) ok=3790 fail=0 workers=12
  [3800/9999] (38%) ok=3800 fail=0 workers=12
  [concurrency] workers=16 | throughput=0.6 tiles/s | fail_rate=0.0% | → nudge up
  checkpoint saved at 3800 ok tiles
  [3810/9999] (38%) ok=3810 fail=0 workers=16
  [3820/9999] (38%) ok=3820 fail=0 workers=16
  [concurrency] workers=8 | throughput=0.5 tiles/s | fail_rate=0.0% | ↓ decrease (throughput degrading)
  [3830/9999] (38%) ok=3829 fail=1 workers=8
  [3840/9999] (38%) ok=3839 fail=1 workers=8
  [concurrency] workers=12 | throughput=0.5 tiles/s | fail_rate=5.0% | → nudge up
  [3850/9999] (39%) ok=3849 fail=1 workers=12
  [3860/9999] (39%) ok=3859 fail=1 workers=12
  [concurrency] workers=16 | throughput=0.5 tiles/s | fail_rate=0.0% | → nudge up
  [3870/9999] (39%) ok=3869 fail=1 workers=16
  [3880/9999] (39%) ok=3879 fail=1 workers=16
  [concurrency] workers=16 | throughput=0.6 tiles/s | fail_rate=0.0% | → nudge up
  [3890/9999] (39%) ok=3889 fail=1 workers=16
  [3900/9999] (39%) ok=3899 fail=1 workers=16
  [concurrency] workers=8 | throughput=0.5 tiles/s | fail_rate=0.0% | ↓ decrease (throughput degrading)
  [3910/9999] (39%) ok=3909 fail=1 workers=8
  [3920/9999] (39%) ok=3919 fail=1 workers=8
  [concurrency] workers=12 | throughput=0.5 tiles/s | fail_rate=0.0% | → nudge up
  [3930/9999] (39%) ok=3929 fail=1 workers=12
  [3940/9999] (39%) ok=3939 fail=1 workers=12
  [concurrency] workers=16 | throughput=0.5 tiles/s | fail_rate=0.0% | → nudge up
  [3950/9999] (40%) ok=3949 fail=1 workers=16
  [3960/9999] (40%) ok=3959 fail=1 workers=16
  [concurrency] workers=16 | throughput=0.6 tiles/s | fail_rate=0.0% | → nudge up
  [3970/9999] (40%) ok=3969 fail=1 workers=16
  [3980/9999] (40%) ok=3979 fail=1 workers=16
  [concurrency] workers=16 | throughput=0.6 tiles/s | fail_rate=0.0% | → nudge up
  [3990/9999] (40%) ok=3989 fail=1 workers=16
  [4000/9999] (40%) ok=3999 fail=1 workers=16
  [concurrency] workers=8 | throughput=0.5 tiles/s | fail_rate=0.0% | ↓ decrease (throughput degrading)
  checkpoint saved at 4000 ok tiles
  [4010/9999] (40%) ok=4009 fail=1 workers=8
  [4020/9999] (40%) ok=4019 fail=1 workers=8
  [concurrency] workers=12 | throughput=0.5 tiles/s | fail_rate=0.0% | → nudge up
  [4030/9999] (40%) ok=4029 fail=1 workers=12
  [4040/9999] (40%) ok=4039 fail=1 workers=12
  [concurrency] workers=16 | throughput=0.6 tiles/s | fail_rate=0.0% | → nudge up
  [4050/9999] (41%) ok=4049 fail=1 workers=16
  [4060/9999] (41%) ok=4059 fail=1 workers=16
  [concurrency] workers=16 | throughput=0.6 tiles/s | fail_rate=0.0% | → nudge up
  [4070/9999] (41%) ok=4069 fail=1 workers=16
  [4080/9999] (41%) ok=4079 fail=1 workers=16
  [concurrency] workers=8 | throughput=0.5 tiles/s | fail_rate=0.0% | ↓ decrease (throughput degrading)
  [4090/9999] (41%) ok=4089 fail=1 workers=8
  [4100/9999] (41%) ok=4099 fail=1 workers=8
  [concurrency] workers=12 | throughput=0.6 tiles/s | fail_rate=0.0% | → nudge up
  [4110/9999] (41%) ok=4109 fail=1 workers=12
  [4120/9999] (41%) ok=4119 fail=1 workers=12
  [concurrency] workers=8 | throughput=0.5 tiles/s | fail_rate=0.0% | ↓ decrease (throughput degrading)
  [4130/9999] (41%) ok=4129 fail=1 workers=8
  [4140/9999] (41%) ok=4139 fail=1 workers=8
  [concurrency] workers=12 | throughput=0.6 tiles/s | fail_rate=0.0% | → nudge up
  [4150/9999] (42%) ok=4149 fail=1 workers=12
  [4160/9999] (42%) ok=4159 fail=1 workers=12
  [concurrency] workers=16 | throughput=0.6 tiles/s | fail_rate=0.0% | → nudge up
  [4170/9999] (42%) ok=4169 fail=1 workers=16
  [4180/9999] (42%) ok=4179 fail=1 workers=16
  [concurrency] workers=8 | throughput=0.5 tiles/s | fail_rate=0.0% | ↓ decrease (throughput degrading)
  [4190/9999] (42%) ok=4189 fail=1 workers=8
  [4200/9999] (42%) ok=4199 fail=1 workers=8
  [concurrency] workers=12 | throughput=0.6 tiles/s | fail_rate=0.0% | → nudge up
  checkpoint saved at 4200 ok tiles
  [4210/9999] (42%) ok=4209 fail=1 workers=12
  [4220/9999] (42%) ok=4219 fail=1 workers=12
  [concurrency] workers=16 | throughput=0.6 tiles/s | fail_rate=0.0% | → nudge up
  [4230/9999] (42%) ok=4229 fail=1 workers=16
  [4240/9999] (42%) ok=4239 fail=1 workers=16
  [concurrency] workers=8 | throughput=0.5 tiles/s | fail_rate=0.0% | ↓ decrease (throughput degrading)
  [4250/9999] (43%) ok=4249 fail=1 workers=8
  [4260/9999] (43%) ok=4259 fail=1 workers=8
  [concurrency] workers=12 | throughput=0.5 tiles/s | fail_rate=0.0% | → nudge up
  [4270/9999] (43%) ok=4269 fail=1 workers=12
  [4280/9999] (43%) ok=4279 fail=1 workers=12
  [concurrency] workers=16 | throughput=0.6 tiles/s | fail_rate=0.0% | → nudge up
  [4290/9999] (43%) ok=4289 fail=1 workers=16
  [4300/9999] (43%) ok=4299 fail=1 workers=16
  [concurrency] workers=16 | throughput=0.6 tiles/s | fail_rate=0.0% | → nudge up
  [4310/9999] (43%) ok=4309 fail=1 workers=16
  [4320/9999] (43%) ok=4319 fail=1 workers=16
  [concurrency] workers=8 | throughput=0.5 tiles/s | fail_rate=0.0% | ↓ decrease (throughput degrading)
  [4330/9999] (43%) ok=4329 fail=1 workers=8
  [4340/9999] (43%) ok=4339 fail=1 workers=8
  [concurrency] workers=12 | throughput=0.5 tiles/s | fail_rate=0.0% | → nudge up
  [4350/9999] (44%) ok=4349 fail=1 workers=12
  [4360/9999] (44%) ok=4359 fail=1 workers=12
  [concurrency] workers=16 | throughput=0.5 tiles/s | fail_rate=0.0% | → nudge up
  [4370/9999] (44%) ok=4369 fail=1 workers=16
  [4380/9999] (44%) ok=4379 fail=1 workers=16
  [concurrency] workers=8 | throughput=0.4 tiles/s | fail_rate=0.0% | ↓ decrease (throughput degrading)
  [4390/9999] (44%) ok=4389 fail=1 workers=8
  [4400/9999] (44%) ok=4399 fail=1 workers=8
  [concurrency] workers=12 | throughput=0.4 tiles/s | fail_rate=0.0% | → nudge up
  checkpoint saved at 4400 ok tiles
  [4410/9999] (44%) ok=4409 fail=1 workers=12
  [4420/9999] (44%) ok=4419 fail=1 workers=12
  [concurrency] workers=16 | throughput=0.5 tiles/s | fail_rate=0.0% | → nudge up
  [4430/9999] (44%) ok=4429 fail=1 workers=16
  [4440/9999] (44%) ok=4439 fail=1 workers=16
  [concurrency] workers=16 | throughput=0.6 tiles/s | fail_rate=0.0% | → nudge up
  [4450/9999] (45%) ok=4449 fail=1 workers=16
  [4460/9999] (45%) ok=4459 fail=1 workers=16
  [concurrency] workers=16 | throughput=0.7 tiles/s | fail_rate=0.0% | → nudge up
  [4470/9999] (45%) ok=4469 fail=1 workers=16
  [4480/9999] (45%) ok=4479 fail=1 workers=16
  [concurrency] workers=8 | throughput=0.6 tiles/s | fail_rate=0.0% | ↓ decrease (throughput degrading)
  [4490/9999] (45%) ok=4489 fail=1 workers=8
  [4500/9999] (45%) ok=4499 fail=1 workers=8
  [concurrency] workers=8 | throughput=0.4 tiles/s | fail_rate=0.0% | ↓ decrease (throughput degrading)
  [4510/9999] (45%) ok=4509 fail=1 workers=8
  [4520/9999] (45%) ok=4519 fail=1 workers=8
  [concurrency] workers=12 | throughput=0.6 tiles/s | fail_rate=0.0% | → nudge up
  [4530/9999] (45%) ok=4529 fail=1 workers=12
  [4540/9999] (45%) ok=4539 fail=1 workers=12
  [concurrency] workers=16 | throughput=0.6 tiles/s | fail_rate=0.0% | → nudge up
  [4550/9999] (46%) ok=4549 fail=1 workers=16
  [4560/9999] (46%) ok=4559 fail=1 workers=16
  [concurrency] workers=16 | throughput=0.6 tiles/s | fail_rate=0.0% | → nudge up
  [4570/9999] (46%) ok=4569 fail=1 workers=16
  [4580/9999] (46%) ok=4579 fail=1 workers=16
  [concurrency] workers=16 | throughput=0.5 tiles/s | fail_rate=0.0% | → nudge up
  [4590/9999] (46%) ok=4589 fail=1 workers=16
  [4600/9999] (46%) ok=4599 fail=1 workers=16
  [concurrency] workers=16 | throughput=0.5 tiles/s | fail_rate=0.0% | → nudge up
  checkpoint saved at 4600 ok tiles
  [4610/9999] (46%) ok=4609 fail=1 workers=16
  [4620/9999] (46%) ok=4619 fail=1 workers=16
  [concurrency] workers=16 | throughput=0.6 tiles/s | fail_rate=0.0% | → nudge up
  [4630/9999] (46%) ok=4629 fail=1 workers=16
  [4640/9999] (46%) ok=4639 fail=1 workers=16
  [concurrency] workers=16 | throughput=0.6 tiles/s | fail_rate=0.0% | → nudge up
  [4650/9999] (47%) ok=4649 fail=1 workers=16
  [4660/9999] (47%) ok=4659 fail=1 workers=16
  [concurrency] workers=8 | throughput=0.5 tiles/s | fail_rate=0.0% | ↓ decrease (throughput degrading)
  [4670/9999] (47%) ok=4669 fail=1 workers=8
  [4680/9999] (47%) ok=4679 fail=1 workers=8
  [concurrency] workers=12 | throughput=0.5 tiles/s | fail_rate=0.0% | → nudge up
  [4690/9999] (47%) ok=4689 fail=1 workers=12
  [4700/9999] (47%) ok=4699 fail=1 workers=12
  [concurrency] workers=16 | throughput=0.6 tiles/s | fail_rate=0.0% | → nudge up
  [4710/9999] (47%) ok=4709 fail=1 workers=16
  [4720/9999] (47%) ok=4719 fail=1 workers=16
  [concurrency] workers=16 | throughput=0.6 tiles/s | fail_rate=0.0% | → nudge up
  [4730/9999] (47%) ok=4729 fail=1 workers=16
  [4740/9999] (47%) ok=4739 fail=1 workers=16
  [concurrency] workers=16 | throughput=0.6 tiles/s | fail_rate=0.0% | → nudge up
  [4750/9999] (48%) ok=4749 fail=1 workers=16
  [4760/9999] (48%) ok=4759 fail=1 workers=16
  [concurrency] workers=16 | throughput=0.5 tiles/s | fail_rate=0.0% | → nudge up
  [4770/9999] (48%) ok=4769 fail=1 workers=16
  [4780/9999] (48%) ok=4779 fail=1 workers=16
  [concurrency] workers=16 | throughput=0.5 tiles/s | fail_rate=0.0% | → nudge up
  [4790/9999] (48%) ok=4789 fail=1 workers=16
  [4800/9999] (48%) ok=4799 fail=1 workers=16
  [concurrency] workers=16 | throughput=0.6 tiles/s | fail_rate=0.0% | → nudge up
  checkpoint saved at 4800 ok tiles
  [4810/9999] (48%) ok=4801 fail=9 workers=16
  [4820/9999] (48%) ok=4801 fail=19 workers=16
  [concurrency] workers=8 | throughput=0.0 tiles/s | fail_rate=90.0% | ↓ back off (high fail rate)
  [4830/9999] (48%) ok=4801 fail=29 workers=8
  [4840/9999] (48%) ok=4801 fail=39 workers=8
  [concurrency] workers=8 | throughput=0.0 tiles/s | fail_rate=100.0% | ↓ back off (high fail rate)
  [4850/9999] (49%) ok=4801 fail=49 workers=8
  [4860/9999] (49%) ok=4801 fail=59 workers=8
  [concurrency] workers=8 | throughput=0.0 tiles/s | fail_rate=100.0% | ↓ back off (high fail rate)
  [4870/9999] (49%) ok=4801 fail=69 workers=8
  [4880/9999] (49%) ok=4801 fail=79 workers=8
  [concurrency] workers=8 | throughput=0.0 tiles/s | fail_rate=100.0% | ↓ back off (high fail rate)
  [4890/9999] (49%) ok=4801 fail=89 workers=8
  [4900/9999] (49%) ok=4801 fail=99 workers=8
  [concurrency] workers=8 | throughput=0.0 tiles/s | fail_rate=100.0% | ↓ back off (high fail rate)
  [4910/9999] (49%) ok=4801 fail=109 workers=8
  [4920/9999] (49%) ok=4801 fail=119 workers=8
  [concurrency] workers=8 | throughput=0.0 tiles/s | fail_rate=100.0% | ↓ back off (high fail rate)
  [4930/9999] (49%) ok=4801 fail=129 workers=8
  [4940/9999] (49%) ok=4801 fail=139 workers=8
  [concurrency] workers=8 | throughput=0.0 tiles/s | fail_rate=100.0% | ↓ back off (high fail rate)
  [4950/9999] (50%) ok=4801 fail=149 workers=8
  [4960/9999] (50%) ok=4801 fail=159 workers=8
  [concurrency] workers=8 | throughput=0.0 tiles/s | fail_rate=100.0% | ↓ back off (high fail rate)
  [4970/9999] (50%) ok=4801 fail=169 workers=8
  [4980/9999] (50%) ok=4801 fail=179 workers=8
  [concurrency] workers=8 | throughput=0.0 tiles/s | fail_rate=100.0% | ↓ back off (high fail rate)
  [4990/9999] (50%) ok=4801 fail=189 workers=8
  [5000/9999] (50%) ok=4801 fail=199 workers=8
  [concurrency] workers=8 | throughput=0.0 tiles/s | fail_rate=100.0% | ↓ back off (high fail rate)
  [5010/9999] (50%) ok=4801 fail=209 workers=8
  [5020/9999] (50%) ok=4801 fail=219 workers=8
  [concurrency] workers=8 | throughput=0.0 tiles/s | fail_rate=100.0% | ↓ back off (high fail rate)
  [5030/9999] (50%) ok=4801 fail=229 workers=8
  [5040/9999] (50%) ok=4801 fail=239 workers=8
  [concurrency] workers=8 | throughput=0.0 tiles/s | fail_rate=100.0% | ↓ back off (high fail rate)
  [5050/9999] (51%) ok=4801 fail=249 workers=8
  [5060/9999] (51%) ok=4801 fail=259 workers=8
  [concurrency] workers=8 | throughput=0.0 tiles/s | fail_rate=100.0% | ↓ back off (high fail rate)
  [5070/9999] (51%) ok=4801 fail=269 workers=8
  [5080/9999] (51%) ok=4801 fail=279 workers=8
  [concurrency] workers=8 | throughput=0.0 tiles/s | fail_rate=100.0% | ↓ back off (high fail rate)
  [5090/9999] (51%) ok=4801 fail=289 workers=8
  [5100/9999] (51%) ok=4801 fail=299 workers=8
  [concurrency] workers=8 | throughput=0.0 tiles/s | fail_rate=100.0% | ↓ back off (high fail rate)
  [5110/9999] (51%) ok=4801 fail=309 workers=8
  [5120/9999] (51%) ok=4801 fail=319 workers=8
  [concurrency] workers=8 | throughput=0.0 tiles/s | fail_rate=100.0% | ↓ back off (high fail rate)
  [5130/9999] (51%) ok=4801 fail=329 workers=8
  [5140/9999] (51%) ok=4801 fail=339 workers=8
  [concurrency] workers=8 | throughput=0.0 tiles/s | fail_rate=100.0% | ↓ back off (high fail rate)
  [5150/9999] (52%) ok=4801 fail=349 workers=8
  [5160/9999] (52%) ok=4801 fail=359 workers=8
  [concurrency] workers=8 | throughput=0.0 tiles/s | fail_rate=100.0% | ↓ back off (high fail rate)
  [5170/9999] (52%) ok=4801 fail=369 workers=8
  [5180/9999] (52%) ok=4801 fail=379 workers=8
  [concurrency] workers=8 | throughput=0.0 tiles/s | fail_rate=100.0% | ↓ back off (high fail rate)
  [5190/9999] (52%) ok=4801 fail=389 workers=8
  [5200/9999] (52%) ok=4801 fail=399 workers=8
  [concurrency] workers=8 | throughput=0.0 tiles/s | fail_rate=100.0% | ↓ back off (high fail rate)
  [5210/9999] (52%) ok=4801 fail=409 workers=8
  [5220/9999] (52%) ok=4801 fail=419 workers=8
  [concurrency] workers=8 | throughput=0.0 tiles/s | fail_rate=100.0% | ↓ back off (high fail rate)
  [5230/9999] (52%) ok=4801 fail=429 workers=8
  [5240/9999] (52%) ok=4801 fail=439 workers=8
  [concurrency] workers=8 | throughput=0.0 tiles/s | fail_rate=100.0% | ↓ back off (high fail rate)
  [5250/9999] (53%) ok=4801 fail=449 workers=8
  [5260/9999] (53%) ok=4801 fail=459 workers=8
  [concurrency] workers=8 | throughput=0.0 tiles/s | fail_rate=100.0% | ↓ back off (high fail rate)
  [5270/9999] (53%) ok=4801 fail=469 workers=8
  [5280/9999] (53%) ok=4801 fail=479 workers=8
  [concurrency] workers=8 | throughput=0.0 tiles/s | fail_rate=100.0% | ↓ back off (high fail rate)
  [5290/9999] (53%) ok=4811 fail=479 workers=8
  [5300/9999] (53%) ok=4821 fail=479 workers=8
  [concurrency] workers=12 | throughput=0.4 tiles/s | fail_rate=0.0% | → nudge up
  [5310/9999] (53%) ok=4831 fail=479 workers=12
  [5320/9999] (53%) ok=4841 fail=479 workers=12
  [concurrency] workers=16 | throughput=0.6 tiles/s | fail_rate=0.0% | → nudge up
  [5330/9999] (53%) ok=4851 fail=479 workers=16
  [5340/9999] (53%) ok=4861 fail=479 workers=16
  [concurrency] workers=16 | throughput=0.6 tiles/s | fail_rate=0.0% | → nudge up
  [5350/9999] (54%) ok=4871 fail=479 workers=16
  [5360/9999] (54%) ok=4881 fail=479 workers=16
  [concurrency] workers=8 | throughput=0.5 tiles/s | fail_rate=0.0% | ↓ decrease (throughput degrading)
  [5370/9999] (54%) ok=4891 fail=479 workers=8
  [5380/9999] (54%) ok=4901 fail=479 workers=8
  [concurrency] workers=12 | throughput=0.5 tiles/s | fail_rate=0.0% | → nudge up
  [5390/9999] (54%) ok=4911 fail=479 workers=12
  [5400/9999] (54%) ok=4921 fail=479 workers=12
  [concurrency] workers=16 | throughput=0.6 tiles/s | fail_rate=0.0% | → nudge up
  [5410/9999] (54%) ok=4931 fail=479 workers=16
  [5420/9999] (54%) ok=4941 fail=479 workers=16
  [concurrency] workers=16 | throughput=0.6 tiles/s | fail_rate=0.0% | → nudge up
  [5430/9999] (54%) ok=4951 fail=479 workers=16
  [5440/9999] (54%) ok=4961 fail=479 workers=16
  [concurrency] workers=8 | throughput=0.4 tiles/s | fail_rate=0.0% | ↓ decrease (throughput degrading)
  [5450/9999] (55%) ok=4971 fail=479 workers=8
  [5460/9999] (55%) ok=4981 fail=479 workers=8
  [concurrency] workers=12 | throughput=0.4 tiles/s | fail_rate=0.0% | → nudge up
  [5470/9999] (55%) ok=4991 fail=479 workers=12
  checkpoint saved at 5000 ok tiles
  [5480/9999] (55%) ok=5001 fail=479 workers=12
  [concurrency] workers=16 | throughput=0.4 tiles/s | fail_rate=0.0% | → nudge up
  [5490/9999] (55%) ok=5011 fail=479 workers=16
  [5500/9999] (55%) ok=5021 fail=479 workers=16
  [concurrency] workers=16 | throughput=0.5 tiles/s | fail_rate=0.0% | → nudge up
  [5510/9999] (55%) ok=5031 fail=479 workers=16
  [5520/9999] (55%) ok=5041 fail=479 workers=16
  [concurrency] workers=16 | throughput=0.7 tiles/s | fail_rate=0.0% | → nudge up
  [5530/9999] (55%) ok=5051 fail=479 workers=16
  [5540/9999] (55%) ok=5061 fail=479 workers=16
  [concurrency] workers=16 | throughput=0.6 tiles/s | fail_rate=0.0% | → nudge up
  [5550/9999] (56%) ok=5071 fail=479 workers=16
  [5560/9999] (56%) ok=5081 fail=479 workers=16
  [concurrency] workers=8 | throughput=0.5 tiles/s | fail_rate=0.0% | ↓ decrease (throughput degrading)
  [5570/9999] (56%) ok=5091 fail=479 workers=8
  [5580/9999] (56%) ok=5101 fail=479 workers=8
  [concurrency] workers=12 | throughput=0.5 tiles/s | fail_rate=0.0% | → nudge up
  [5590/9999] (56%) ok=5111 fail=479 workers=12
  [5600/9999] (56%) ok=5121 fail=479 workers=12
  [concurrency] workers=16 | throughput=0.6 tiles/s | fail_rate=0.0% | → nudge up
  [5610/9999] (56%) ok=5131 fail=479 workers=16
  [5620/9999] (56%) ok=5141 fail=479 workers=16
  [concurrency] workers=16 | throughput=0.6 tiles/s | fail_rate=0.0% | → nudge up
  [5630/9999] (56%) ok=5151 fail=479 workers=16
  [5640/9999] (56%) ok=5161 fail=479 workers=16
  [concurrency] workers=8 | throughput=0.5 tiles/s | fail_rate=0.0% | ↓ decrease (throughput degrading)
  [5650/9999] (57%) ok=5171 fail=479 workers=8
  [5660/9999] (57%) ok=5181 fail=479 workers=8
  [concurrency] workers=12 | throughput=0.6 tiles/s | fail_rate=0.0% | → nudge up
  [5670/9999] (57%) ok=5191 fail=479 workers=12
  checkpoint saved at 5200 ok tiles
  [5680/9999] (57%) ok=5201 fail=479 workers=12
  [concurrency] workers=16 | throughput=0.6 tiles/s | fail_rate=0.0% | → nudge up
  [5690/9999] (57%) ok=5211 fail=479 workers=16
  [5700/9999] (57%) ok=5221 fail=479 workers=16
  [concurrency] workers=16 | throughput=0.6 tiles/s | fail_rate=0.0% | → nudge up
  [5710/9999] (57%) ok=5231 fail=479 workers=16
  [5720/9999] (57%) ok=5241 fail=479 workers=16
  [concurrency] workers=8 | throughput=0.4 tiles/s | fail_rate=0.0% | ↓ decrease (throughput degrading)
  [5730/9999] (57%) ok=5251 fail=479 workers=8
  [5740/9999] (57%) ok=5261 fail=479 workers=8
  [concurrency] workers=12 | throughput=0.6 tiles/s | fail_rate=0.0% | → nudge up
  [5750/9999] (58%) ok=5271 fail=479 workers=12
  [5760/9999] (58%) ok=5281 fail=479 workers=12
  [concurrency] workers=8 | throughput=0.4 tiles/s | fail_rate=0.0% | ↓ decrease (throughput degrading)
  [5770/9999] (58%) ok=5291 fail=479 workers=8
  [5780/9999] (58%) ok=5301 fail=479 workers=8
  [concurrency] workers=12 | throughput=0.6 tiles/s | fail_rate=0.0% | → nudge up
  [5790/9999] (58%) ok=5311 fail=479 workers=12
  [5800/9999] (58%) ok=5321 fail=479 workers=12
  [concurrency] workers=8 | throughput=0.5 tiles/s | fail_rate=0.0% | ↓ decrease (throughput degrading)
  [5810/9999] (58%) ok=5331 fail=479 workers=8
  [5820/9999] (58%) ok=5341 fail=479 workers=8
  [concurrency] workers=12 | throughput=0.6 tiles/s | fail_rate=0.0% | → nudge up
  [5830/9999] (58%) ok=5351 fail=479 workers=12
  [5840/9999] (58%) ok=5361 fail=479 workers=12
  [concurrency] workers=8 | throughput=0.5 tiles/s | fail_rate=0.0% | ↓ decrease (throughput degrading)
  [5850/9999] (59%) ok=5371 fail=479 workers=8
  [5860/9999] (59%) ok=5381 fail=479 workers=8
  [concurrency] workers=12 | throughput=0.6 tiles/s | fail_rate=0.0% | → nudge up
  [5870/9999] (59%) ok=5391 fail=479 workers=12
  checkpoint saved at 5400 ok tiles
  [5880/9999] (59%) ok=5401 fail=479 workers=12
  [concurrency] workers=8 | throughput=0.5 tiles/s | fail_rate=0.0% | ↓ decrease (throughput degrading)
  [5890/9999] (59%) ok=5411 fail=479 workers=8
  [5900/9999] (59%) ok=5421 fail=479 workers=8
  [concurrency] workers=12 | throughput=0.6 tiles/s | fail_rate=0.0% | → nudge up
  [5910/9999] (59%) ok=5431 fail=479 workers=12
  [5920/9999] (59%) ok=5441 fail=479 workers=12
  [concurrency] workers=8 | throughput=0.5 tiles/s | fail_rate=0.0% | ↓ decrease (throughput degrading)
  [5930/9999] (59%) ok=5451 fail=479 workers=8
  [5940/9999] (59%) ok=5461 fail=479 workers=8
  [concurrency] workers=12 | throughput=0.6 tiles/s | fail_rate=0.0% | → nudge up
  [5950/9999] (60%) ok=5471 fail=479 workers=12
  [5960/9999] (60%) ok=5481 fail=479 workers=12
  [concurrency] workers=8 | throughput=0.5 tiles/s | fail_rate=0.0% | ↓ decrease (throughput degrading)
  [5970/9999] (60%) ok=5491 fail=479 workers=8
  [5980/9999] (60%) ok=5501 fail=479 workers=8
  [concurrency] workers=16 | throughput=0.7 tiles/s | fail_rate=0.0% | ↑ increase (throughput improving)
  [5990/9999] (60%) ok=5511 fail=479 workers=16
  [6000/9999] (60%) ok=5521 fail=479 workers=16
  [concurrency] workers=8 | throughput=0.5 tiles/s | fail_rate=0.0% | ↓ decrease (throughput degrading)
  [6010/9999] (60%) ok=5531 fail=479 workers=8
  [6020/9999] (60%) ok=5541 fail=479 workers=8
  [concurrency] workers=12 | throughput=0.6 tiles/s | fail_rate=0.0% | → nudge up
  [6030/9999] (60%) ok=5543 fail=487 workers=12
  [6040/9999] (60%) ok=5543 fail=497 workers=12
  [concurrency] workers=8 | throughput=0.0 tiles/s | fail_rate=90.0% | ↓ back off (high fail rate)
  [6050/9999] (61%) ok=5543 fail=507 workers=8
  [6060/9999] (61%) ok=5543 fail=517 workers=8
  [concurrency] workers=8 | throughput=0.0 tiles/s | fail_rate=100.0% | ↓ back off (high fail rate)
  [6070/9999] (61%) ok=5543 fail=527 workers=8
  [6080/9999] (61%) ok=5543 fail=537 workers=8
  [concurrency] workers=8 | throughput=0.0 tiles/s | fail_rate=100.0% | ↓ back off (high fail rate)
  [6090/9999] (61%) ok=5543 fail=547 workers=8
  [6100/9999] (61%) ok=5543 fail=557 workers=8
  [concurrency] workers=8 | throughput=0.0 tiles/s | fail_rate=100.0% | ↓ back off (high fail rate)
  [6110/9999] (61%) ok=5543 fail=567 workers=8
  [6120/9999] (61%) ok=5543 fail=577 workers=8
  [concurrency] workers=8 | throughput=0.0 tiles/s | fail_rate=100.0% | ↓ back off (high fail rate)
  [6130/9999] (61%) ok=5546 fail=584 workers=8
  [6140/9999] (61%) ok=5556 fail=584 workers=8
  [concurrency] workers=8 | throughput=0.4 tiles/s | fail_rate=35.0% | ↓ back off (high fail rate)
  [6150/9999] (62%) ok=5566 fail=584 workers=8
  [6160/9999] (62%) ok=5576 fail=584 workers=8
  [concurrency] workers=12 | throughput=0.4 tiles/s | fail_rate=0.0% | → nudge up
  [6170/9999] (62%) ok=5586 fail=584 workers=12
  [6180/9999] (62%) ok=5596 fail=584 workers=12
  [concurrency] workers=16 | throughput=0.5 tiles/s | fail_rate=0.0% | → nudge up
  checkpoint saved at 5600 ok tiles
  [6190/9999] (62%) ok=5606 fail=584 workers=16
  [6200/9999] (62%) ok=5616 fail=584 workers=16
  [concurrency] workers=16 | throughput=0.7 tiles/s | fail_rate=0.0% | → nudge up
  [6210/9999] (62%) ok=5626 fail=584 workers=16
  [6220/9999] (62%) ok=5636 fail=584 workers=16
  [concurrency] workers=8 | throughput=0.6 tiles/s | fail_rate=0.0% | ↓ decrease (throughput degrading)
  [6230/9999] (62%) ok=5646 fail=584 workers=8
  [6240/9999] (62%) ok=5656 fail=584 workers=8
  [concurrency] workers=8 | throughput=0.5 tiles/s | fail_rate=0.0% | ↓ decrease (throughput degrading)
  [6250/9999] (63%) ok=5666 fail=584 workers=8
  [6260/9999] (63%) ok=5676 fail=584 workers=8
  [concurrency] workers=8 | throughput=0.5 tiles/s | fail_rate=0.0% | ↓ decrease (throughput degrading)
  [6270/9999] (63%) ok=5686 fail=584 workers=8
  [6280/9999] (63%) ok=5696 fail=584 workers=8
  [concurrency] workers=12 | throughput=0.6 tiles/s | fail_rate=0.0% | → nudge up
  [6290/9999] (63%) ok=5706 fail=584 workers=12
  [6300/9999] (63%) ok=5716 fail=584 workers=12
  [concurrency] workers=8 | throughput=0.5 tiles/s | fail_rate=0.0% | ↓ decrease (throughput degrading)
  [6310/9999] (63%) ok=5726 fail=584 workers=8
  [6320/9999] (63%) ok=5736 fail=584 workers=8
  [concurrency] workers=12 | throughput=0.6 tiles/s | fail_rate=0.0% | → nudge up
  [6330/9999] (63%) ok=5746 fail=584 workers=12
  [6340/9999] (63%) ok=5756 fail=584 workers=12
  [concurrency] workers=8 | throughput=0.5 tiles/s | fail_rate=0.0% | ↓ decrease (throughput degrading)
  [6350/9999] (64%) ok=5766 fail=584 workers=8
  [6360/9999] (64%) ok=5776 fail=584 workers=8
  [concurrency] workers=12 | throughput=0.6 tiles/s | fail_rate=0.0% | → nudge up
  [6370/9999] (64%) ok=5786 fail=584 workers=12
  [6380/9999] (64%) ok=5796 fail=584 workers=12
  [concurrency] workers=16 | throughput=0.6 tiles/s | fail_rate=0.0% | → nudge up
  checkpoint saved at 5800 ok tiles
  [6390/9999] (64%) ok=5806 fail=584 workers=16
  [6400/9999] (64%) ok=5816 fail=584 workers=16
  [concurrency] workers=16 | throughput=0.6 tiles/s | fail_rate=0.0% | → nudge up
  [6410/9999] (64%) ok=5826 fail=584 workers=16
  [6420/9999] (64%) ok=5836 fail=584 workers=16
  [concurrency] workers=8 | throughput=0.5 tiles/s | fail_rate=0.0% | ↓ decrease (throughput degrading)
  [6430/9999] (64%) ok=5846 fail=584 workers=8
  [6440/9999] (64%) ok=5856 fail=584 workers=8
  [concurrency] workers=12 | throughput=0.5 tiles/s | fail_rate=0.0% | → nudge up
  [6450/9999] (65%) ok=5866 fail=584 workers=12
  [6460/9999] (65%) ok=5876 fail=584 workers=12
  [concurrency] workers=16 | throughput=0.6 tiles/s | fail_rate=0.0% | → nudge up
  [6470/9999] (65%) ok=5886 fail=584 workers=16
  [6480/9999] (65%) ok=5896 fail=584 workers=16
  [concurrency] workers=8 | throughput=0.5 tiles/s | fail_rate=0.0% | ↓ decrease (throughput degrading)
  [6490/9999] (65%) ok=5906 fail=584 workers=8
  [6500/9999] (65%) ok=5916 fail=584 workers=8
  [concurrency] workers=12 | throughput=0.7 tiles/s | fail_rate=0.0% | → nudge up
  [6510/9999] (65%) ok=5926 fail=584 workers=12
  [6520/9999] (65%) ok=5936 fail=584 workers=12
  [concurrency] workers=8 | throughput=0.5 tiles/s | fail_rate=0.0% | ↓ decrease (throughput degrading)
  [6530/9999] (65%) ok=5946 fail=584 workers=8
  [6540/9999] (65%) ok=5956 fail=584 workers=8
  [concurrency] workers=12 | throughput=0.6 tiles/s | fail_rate=0.0% | → nudge up
  [6550/9999] (66%) ok=5966 fail=584 workers=12
  [6560/9999] (66%) ok=5976 fail=584 workers=12
  [concurrency] workers=8 | throughput=0.5 tiles/s | fail_rate=0.0% | ↓ decrease (throughput degrading)
  [6570/9999] (66%) ok=5986 fail=584 workers=8
  [6580/9999] (66%) ok=5996 fail=584 workers=8
  [concurrency] workers=12 | throughput=0.6 tiles/s | fail_rate=0.0% | → nudge up
  checkpoint saved at 6000 ok tiles
  [6590/9999] (66%) ok=6006 fail=584 workers=12
  [6600/9999] (66%) ok=6016 fail=584 workers=12
  [concurrency] workers=8 | throughput=0.5 tiles/s | fail_rate=0.0% | ↓ decrease (throughput degrading)
  [6610/9999] (66%) ok=6026 fail=584 workers=8
  [6620/9999] (66%) ok=6036 fail=584 workers=8
  [concurrency] workers=12 | throughput=0.6 tiles/s | fail_rate=0.0% | → nudge up
  [6630/9999] (66%) ok=6046 fail=584 workers=12
  [6640/9999] (66%) ok=6056 fail=584 workers=12
  [concurrency] workers=16 | throughput=0.6 tiles/s | fail_rate=0.0% | → nudge up
  [6650/9999] (67%) ok=6066 fail=584 workers=16
  [6660/9999] (67%) ok=6076 fail=584 workers=16
  [concurrency] workers=16 | throughput=0.6 tiles/s | fail_rate=0.0% | → nudge up
  [6670/9999] (67%) ok=6086 fail=584 workers=16
  [6680/9999] (67%) ok=6096 fail=584 workers=16
  [concurrency] workers=16 | throughput=0.5 tiles/s | fail_rate=0.0% | → nudge up
  [6690/9999] (67%) ok=6106 fail=584 workers=16
  [6700/9999] (67%) ok=6116 fail=584 workers=16
  [concurrency] workers=16 | throughput=0.5 tiles/s | fail_rate=0.0% | → nudge up
  [6710/9999] (67%) ok=6126 fail=584 workers=16
  [6720/9999] (67%) ok=6136 fail=584 workers=16
  [concurrency] workers=16 | throughput=0.6 tiles/s | fail_rate=0.0% | → nudge up
  [6730/9999] (67%) ok=6146 fail=584 workers=16
  [6740/9999] (67%) ok=6156 fail=584 workers=16
  [concurrency] workers=8 | throughput=0.6 tiles/s | fail_rate=0.0% | ↓ decrease (throughput degrading)
  [6750/9999] (68%) ok=6166 fail=584 workers=8
  [6760/9999] (68%) ok=6176 fail=584 workers=8
  [concurrency] workers=12 | throughput=0.6 tiles/s | fail_rate=0.0% | → nudge up
  [6770/9999] (68%) ok=6186 fail=584 workers=12
  [6780/9999] (68%) ok=6196 fail=584 workers=12
  [concurrency] workers=16 | throughput=0.5 tiles/s | fail_rate=0.0% | → nudge up
  checkpoint saved at 6200 ok tiles
  [6790/9999] (68%) ok=6206 fail=584 workers=16
  [6800/9999] (68%) ok=6216 fail=584 workers=16
  [concurrency] workers=8 | throughput=0.3 tiles/s | fail_rate=0.0% | ↓ decrease (throughput degrading)
  [6810/9999] (68%) ok=6226 fail=584 workers=8
  [6820/9999] (68%) ok=6236 fail=584 workers=8
  [concurrency] workers=12 | throughput=0.5 tiles/s | fail_rate=0.0% | → nudge up
  [6830/9999] (68%) ok=6246 fail=584 workers=12
  [6840/9999] (68%) ok=6256 fail=584 workers=12
  [concurrency] workers=16 | throughput=0.6 tiles/s | fail_rate=0.0% | → nudge up
  [6850/9999] (69%) ok=6266 fail=584 workers=16
  [6860/9999] (69%) ok=6276 fail=584 workers=16
  [concurrency] workers=16 | throughput=0.6 tiles/s | fail_rate=0.0% | → nudge up
  [6870/9999] (69%) ok=6286 fail=584 workers=16
  [6880/9999] (69%) ok=6296 fail=584 workers=16
  [concurrency] workers=16 | throughput=0.5 tiles/s | fail_rate=0.0% | → nudge up
  [6890/9999] (69%) ok=6306 fail=584 workers=16
  [6900/9999] (69%) ok=6316 fail=584 workers=16
  [concurrency] workers=8 | throughput=0.5 tiles/s | fail_rate=0.0% | ↓ decrease (throughput degrading)
  [6910/9999] (69%) ok=6326 fail=584 workers=8
  [6920/9999] (69%) ok=6336 fail=584 workers=8
  [concurrency] workers=12 | throughput=0.5 tiles/s | fail_rate=0.0% | → nudge up
  [6930/9999] (69%) ok=6346 fail=584 workers=12
  [6940/9999] (69%) ok=6356 fail=584 workers=12
  [concurrency] workers=16 | throughput=0.6 tiles/s | fail_rate=0.0% | → nudge up
  [6950/9999] (70%) ok=6366 fail=584 workers=16
  [6960/9999] (70%) ok=6376 fail=584 workers=16
  [concurrency] workers=16 | throughput=0.6 tiles/s | fail_rate=0.0% | → nudge up
  [6970/9999] (70%) ok=6386 fail=584 workers=16
  [6980/9999] (70%) ok=6396 fail=584 workers=16
  [concurrency] workers=8 | throughput=0.5 tiles/s | fail_rate=0.0% | ↓ decrease (throughput degrading)
  checkpoint saved at 6400 ok tiles
  [6990/9999] (70%) ok=6406 fail=584 workers=8
  [7000/9999] (70%) ok=6416 fail=584 workers=8
  [concurrency] workers=12 | throughput=0.6 tiles/s | fail_rate=0.0% | → nudge up
  [7010/9999] (70%) ok=6426 fail=584 workers=12
  [7020/9999] (70%) ok=6436 fail=584 workers=12
  [concurrency] workers=16 | throughput=0.6 tiles/s | fail_rate=0.0% | → nudge up
  [7030/9999] (70%) ok=6446 fail=584 workers=16
  [7040/9999] (70%) ok=6456 fail=584 workers=16
  [concurrency] workers=8 | throughput=0.5 tiles/s | fail_rate=0.0% | ↓ decrease (throughput degrading)
  [7050/9999] (71%) ok=6466 fail=584 workers=8
  [7060/9999] (71%) ok=6476 fail=584 workers=8
  [concurrency] workers=12 | throughput=0.6 tiles/s | fail_rate=0.0% | → nudge up
  [7070/9999] (71%) ok=6486 fail=584 workers=12
  [7080/9999] (71%) ok=6496 fail=584 workers=12
  [concurrency] workers=8 | throughput=0.5 tiles/s | fail_rate=0.0% | ↓ decrease (throughput degrading)
  [7090/9999] (71%) ok=6506 fail=584 workers=8
  [7100/9999] (71%) ok=6516 fail=584 workers=8
  [concurrency] workers=12 | throughput=0.6 tiles/s | fail_rate=0.0% | → nudge up
  [7110/9999] (71%) ok=6526 fail=584 workers=12
  [7120/9999] (71%) ok=6536 fail=584 workers=12
  [concurrency] workers=16 | throughput=0.5 tiles/s | fail_rate=0.0% | → nudge up
  [7130/9999] (71%) ok=6546 fail=584 workers=16
  [7140/9999] (71%) ok=6556 fail=584 workers=16
  [concurrency] workers=16 | throughput=0.5 tiles/s | fail_rate=0.0% | → nudge up
  [7150/9999] (72%) ok=6566 fail=584 workers=16
  [7160/9999] (72%) ok=6576 fail=584 workers=16
  [concurrency] workers=16 | throughput=0.6 tiles/s | fail_rate=0.0% | → nudge up
  [7170/9999] (72%) ok=6586 fail=584 workers=16
  [7180/9999] (72%) ok=6596 fail=584 workers=16
  [concurrency] workers=16 | throughput=0.6 tiles/s | fail_rate=0.0% | → nudge up
  checkpoint saved at 6600 ok tiles
  [7190/9999] (72%) ok=6606 fail=584 workers=16
  [7200/9999] (72%) ok=6616 fail=584 workers=16
  [concurrency] workers=16 | throughput=0.5 tiles/s | fail_rate=0.0% | → nudge up
  [7210/9999] (72%) ok=6626 fail=584 workers=16
  [7220/9999] (72%) ok=6636 fail=584 workers=16
  [concurrency] workers=16 | throughput=0.6 tiles/s | fail_rate=0.0% | → nudge up
  [7230/9999] (72%) ok=6646 fail=584 workers=16
  [7240/9999] (72%) ok=6656 fail=584 workers=16
  [concurrency] workers=8 | throughput=0.5 tiles/s | fail_rate=0.0% | ↓ decrease (throughput degrading)
  [7250/9999] (73%) ok=6666 fail=584 workers=8
  [7260/9999] (73%) ok=6676 fail=584 workers=8
  [concurrency] workers=12 | throughput=0.6 tiles/s | fail_rate=0.0% | → nudge up
  [7270/9999] (73%) ok=6686 fail=584 workers=12
  [7280/9999] (73%) ok=6696 fail=584 workers=12
  [concurrency] workers=16 | throughput=0.7 tiles/s | fail_rate=0.0% | → nudge up
  [7290/9999] (73%) ok=6706 fail=584 workers=16
  [7300/9999] (73%) ok=6716 fail=584 workers=16
  [concurrency] workers=8 | throughput=0.5 tiles/s | fail_rate=0.0% | ↓ decrease (throughput degrading)
  [7310/9999] (73%) ok=6726 fail=584 workers=8
  [7320/9999] (73%) ok=6736 fail=584 workers=8
  [concurrency] workers=12 | throughput=0.5 tiles/s | fail_rate=0.0% | → nudge up
  [7330/9999] (73%) ok=6746 fail=584 workers=12
  [7340/9999] (73%) ok=6756 fail=584 workers=12
  [concurrency] workers=16 | throughput=0.5 tiles/s | fail_rate=0.0% | → nudge up
  [7350/9999] (74%) ok=6766 fail=584 workers=16
  [7360/9999] (74%) ok=6776 fail=584 workers=16
  [concurrency] workers=16 | throughput=0.5 tiles/s | fail_rate=0.0% | → nudge up
  [7370/9999] (74%) ok=6786 fail=584 workers=16
  [7380/9999] (74%) ok=6796 fail=584 workers=16
  [concurrency] workers=16 | throughput=0.6 tiles/s | fail_rate=0.0% | → nudge up
  checkpoint saved at 6800 ok tiles
  [7390/9999] (74%) ok=6806 fail=584 workers=16
  [7400/9999] (74%) ok=6816 fail=584 workers=16
  [concurrency] workers=16 | throughput=0.6 tiles/s | fail_rate=0.0% | → nudge up
  [7410/9999] (74%) ok=6826 fail=584 workers=16
  [7420/9999] (74%) ok=6836 fail=584 workers=16
  [concurrency] workers=8 | throughput=0.5 tiles/s | fail_rate=0.0% | ↓ decrease (throughput degrading)
  [7430/9999] (74%) ok=6846 fail=584 workers=8
  [7440/9999] (74%) ok=6856 fail=584 workers=8
  [concurrency] workers=12 | throughput=0.6 tiles/s | fail_rate=0.0% | → nudge up
  [7450/9999] (75%) ok=6866 fail=584 workers=12
  [7460/9999] (75%) ok=6876 fail=584 workers=12
  [concurrency] workers=16 | throughput=0.6 tiles/s | fail_rate=0.0% | → nudge up
  [7470/9999] (75%) ok=6886 fail=584 workers=16
  [7480/9999] (75%) ok=6896 fail=584 workers=16
  [concurrency] workers=16 | throughput=0.6 tiles/s | fail_rate=0.0% | → nudge up
  [7490/9999] (75%) ok=6906 fail=584 workers=16
  [7500/9999] (75%) ok=6916 fail=584 workers=16
  [concurrency] workers=8 | throughput=0.5 tiles/s | fail_rate=0.0% | ↓ decrease (throughput degrading)
  [7510/9999] (75%) ok=6926 fail=584 workers=8
  [7520/9999] (75%) ok=6936 fail=584 workers=8
  [concurrency] workers=12 | throughput=0.6 tiles/s | fail_rate=0.0% | → nudge up
  [7530/9999] (75%) ok=6946 fail=584 workers=12
  [7540/9999] (75%) ok=6956 fail=584 workers=12
  [concurrency] workers=16 | throughput=0.6 tiles/s | fail_rate=0.0% | → nudge up
  [7550/9999] (76%) ok=6966 fail=584 workers=16
  [7560/9999] (76%) ok=6976 fail=584 workers=16
  [concurrency] workers=16 | throughput=0.6 tiles/s | fail_rate=0.0% | → nudge up
  [7570/9999] (76%) ok=6986 fail=584 workers=16
  [7580/9999] (76%) ok=6996 fail=584 workers=16
  [concurrency] workers=8 | throughput=0.5 tiles/s | fail_rate=0.0% | ↓ decrease (throughput degrading)
  checkpoint saved at 7000 ok tiles
  [7590/9999] (76%) ok=7006 fail=584 workers=8
  [7600/9999] (76%) ok=7016 fail=584 workers=8
  [concurrency] workers=12 | throughput=0.6 tiles/s | fail_rate=0.0% | → nudge up
  [7610/9999] (76%) ok=7026 fail=584 workers=12
  [7620/9999] (76%) ok=7036 fail=584 workers=12
  [concurrency] workers=8 | throughput=0.5 tiles/s | fail_rate=0.0% | ↓ decrease (throughput degrading)
  [7630/9999] (76%) ok=7046 fail=584 workers=8
  [7640/9999] (76%) ok=7056 fail=584 workers=8
  [concurrency] workers=12 | throughput=0.6 tiles/s | fail_rate=0.0% | → nudge up
  [7650/9999] (77%) ok=7066 fail=584 workers=12
  [7660/9999] (77%) ok=7076 fail=584 workers=12
  [concurrency] workers=16 | throughput=0.6 tiles/s | fail_rate=0.0% | → nudge up
  [7670/9999] (77%) ok=7086 fail=584 workers=16
  [7680/9999] (77%) ok=7096 fail=584 workers=16
  [concurrency] workers=16 | throughput=0.6 tiles/s | fail_rate=0.0% | → nudge up
  [7690/9999] (77%) ok=7106 fail=584 workers=16
  [7700/9999] (77%) ok=7116 fail=584 workers=16
  [concurrency] workers=16 | throughput=0.5 tiles/s | fail_rate=0.0% | → nudge up
  [7710/9999] (77%) ok=7126 fail=584 workers=16
  [7720/9999] (77%) ok=7136 fail=584 workers=16
  [concurrency] workers=16 | throughput=0.6 tiles/s | fail_rate=0.0% | → nudge up
  [7730/9999] (77%) ok=7146 fail=584 workers=16
  [7740/9999] (77%) ok=7156 fail=584 workers=16
  [concurrency] workers=8 | throughput=0.5 tiles/s | fail_rate=0.0% | ↓ decrease (throughput degrading)
  [7750/9999] (78%) ok=7166 fail=584 workers=8
  [7760/9999] (78%) ok=7176 fail=584 workers=8
  [concurrency] workers=12 | throughput=0.6 tiles/s | fail_rate=0.0% | → nudge up
  [7770/9999] (78%) ok=7186 fail=584 workers=12
  [7780/9999] (78%) ok=7196 fail=584 workers=12
  [concurrency] workers=16 | throughput=0.6 tiles/s | fail_rate=0.0% | → nudge up
  checkpoint saved at 7200 ok tiles
  [7790/9999] (78%) ok=7206 fail=584 workers=16
  [7800/9999] (78%) ok=7216 fail=584 workers=16
  [concurrency] workers=8 | throughput=0.5 tiles/s | fail_rate=0.0% | ↓ decrease (throughput degrading)
  [7810/9999] (78%) ok=7226 fail=584 workers=8
  [7820/9999] (78%) ok=7236 fail=584 workers=8
  [concurrency] workers=8 | throughput=0.5 tiles/s | fail_rate=0.0% | ↓ decrease (throughput degrading)
  [7830/9999] (78%) ok=7246 fail=584 workers=8
  [7840/9999] (78%) ok=7256 fail=584 workers=8
  [concurrency] workers=12 | throughput=0.5 tiles/s | fail_rate=0.0% | → nudge up
  [7850/9999] (79%) ok=7266 fail=584 workers=12
  [7860/9999] (79%) ok=7276 fail=584 workers=12
  [concurrency] workers=16 | throughput=0.6 tiles/s | fail_rate=0.0% | → nudge up
  [7870/9999] (79%) ok=7286 fail=584 workers=16
  [7880/9999] (79%) ok=7296 fail=584 workers=16
  [concurrency] workers=16 | throughput=0.6 tiles/s | fail_rate=0.0% | → nudge up
  [7890/9999] (79%) ok=7306 fail=584 workers=16
  [7900/9999] (79%) ok=7316 fail=584 workers=16
  [concurrency] workers=8 | throughput=0.5 tiles/s | fail_rate=0.0% | ↓ decrease (throughput degrading)
  [7910/9999] (79%) ok=7326 fail=584 workers=8
  [7920/9999] (79%) ok=7336 fail=584 workers=8
  [concurrency] workers=12 | throughput=0.5 tiles/s | fail_rate=0.0% | → nudge up
  [7930/9999] (79%) ok=7346 fail=584 workers=12
  [7940/9999] (79%) ok=7356 fail=584 workers=12
  [concurrency] workers=16 | throughput=0.6 tiles/s | fail_rate=0.0% | → nudge up
  [7950/9999] (80%) ok=7366 fail=584 workers=16
  [7960/9999] (80%) ok=7376 fail=584 workers=16
  [concurrency] workers=16 | throughput=0.6 tiles/s | fail_rate=0.0% | → nudge up
  [7970/9999] (80%) ok=7386 fail=584 workers=16
  [7980/9999] (80%) ok=7396 fail=584 workers=16
  [concurrency] workers=8 | throughput=0.5 tiles/s | fail_rate=0.0% | ↓ decrease (throughput degrading)
  checkpoint saved at 7400 ok tiles
  [7990/9999] (80%) ok=7406 fail=584 workers=8
  [8000/9999] (80%) ok=7416 fail=584 workers=8
  [concurrency] workers=12 | throughput=0.5 tiles/s | fail_rate=0.0% | → nudge up
  [8010/9999] (80%) ok=7426 fail=584 workers=12
  [8020/9999] (80%) ok=7436 fail=584 workers=12
  [concurrency] workers=16 | throughput=0.6 tiles/s | fail_rate=0.0% | → nudge up
  [8030/9999] (80%) ok=7446 fail=584 workers=16
  [8040/9999] (80%) ok=7456 fail=584 workers=16
  [concurrency] workers=16 | throughput=0.6 tiles/s | fail_rate=0.0% | → nudge up
  [8050/9999] (81%) ok=7466 fail=584 workers=16
  [8060/9999] (81%) ok=7476 fail=584 workers=16
  [concurrency] workers=8 | throughput=0.5 tiles/s | fail_rate=0.0% | ↓ decrease (throughput degrading)
  [8070/9999] (81%) ok=7486 fail=584 workers=8
  [8080/9999] (81%) ok=7496 fail=584 workers=8
  [concurrency] workers=8 | throughput=0.5 tiles/s | fail_rate=0.0% | ↓ decrease (throughput degrading)
  [8090/9999] (81%) ok=7506 fail=584 workers=8
  [8100/9999] (81%) ok=7516 fail=584 workers=8
  [concurrency] workers=12 | throughput=0.6 tiles/s | fail_rate=0.0% | → nudge up
  [8110/9999] (81%) ok=7526 fail=584 workers=12
  [8120/9999] (81%) ok=7536 fail=584 workers=12
  [concurrency] workers=8 | throughput=0.5 tiles/s | fail_rate=0.0% | ↓ decrease (throughput degrading)
  [8130/9999] (81%) ok=7546 fail=584 workers=8
  [8140/9999] (81%) ok=7556 fail=584 workers=8
  [concurrency] workers=12 | throughput=0.6 tiles/s | fail_rate=0.0% | → nudge up
  [8150/9999] (82%) ok=7566 fail=584 workers=12
  [8160/9999] (82%) ok=7576 fail=584 workers=12
  [concurrency] workers=8 | throughput=0.5 tiles/s | fail_rate=0.0% | ↓ decrease (throughput degrading)
  [8170/9999] (82%) ok=7586 fail=584 workers=8
  [8180/9999] (82%) ok=7596 fail=584 workers=8
  [concurrency] workers=12 | throughput=0.5 tiles/s | fail_rate=0.0% | → nudge up
  checkpoint saved at 7600 ok tiles
  [8190/9999] (82%) ok=7606 fail=584 workers=12
  [8200/9999] (82%) ok=7616 fail=584 workers=12
  [concurrency] workers=16 | throughput=0.5 tiles/s | fail_rate=0.0% | → nudge up
  [8210/9999] (82%) ok=7626 fail=584 workers=16
  [8220/9999] (82%) ok=7636 fail=584 workers=16
  [concurrency] workers=16 | throughput=0.6 tiles/s | fail_rate=0.0% | → nudge up
  [8230/9999] (82%) ok=7646 fail=584 workers=16
  [8240/9999] (82%) ok=7656 fail=584 workers=16
  [concurrency] workers=8 | throughput=0.4 tiles/s | fail_rate=0.0% | ↓ decrease (throughput degrading)
  [8250/9999] (83%) ok=7666 fail=584 workers=8
  [8260/9999] (83%) ok=7676 fail=584 workers=8
  [concurrency] workers=12 | throughput=0.4 tiles/s | fail_rate=0.0% | → nudge up
  [8270/9999] (83%) ok=7686 fail=584 workers=12
  [8280/9999] (83%) ok=7696 fail=584 workers=12
  [concurrency] workers=16 | throughput=0.5 tiles/s | fail_rate=0.0% | → nudge up
  [8290/9999] (83%) ok=7706 fail=584 workers=16
  [8300/9999] (83%) ok=7716 fail=584 workers=16
  [concurrency] workers=16 | throughput=0.5 tiles/s | fail_rate=0.0% | → nudge up
  [8310/9999] (83%) ok=7726 fail=584 workers=16
  [8320/9999] (83%) ok=7736 fail=584 workers=16
  [concurrency] workers=16 | throughput=0.6 tiles/s | fail_rate=0.0% | → nudge up
  [8330/9999] (83%) ok=7746 fail=584 workers=16
  [8340/9999] (83%) ok=7756 fail=584 workers=16
  [concurrency] workers=16 | throughput=0.6 tiles/s | fail_rate=0.0% | → nudge up
  [8350/9999] (84%) ok=7766 fail=584 workers=16
  [8360/9999] (84%) ok=7776 fail=584 workers=16
  [concurrency] workers=16 | throughput=0.6 tiles/s | fail_rate=0.0% | → nudge up
  [8370/9999] (84%) ok=7786 fail=584 workers=16
  [8380/9999] (84%) ok=7796 fail=584 workers=16
  [concurrency] workers=16 | throughput=0.5 tiles/s | fail_rate=0.0% | → nudge up
  checkpoint saved at 7800 ok tiles
  [8390/9999] (84%) ok=7806 fail=584 workers=16
  [8400/9999] (84%) ok=7816 fail=584 workers=16
  [concurrency] workers=16 | throughput=0.5 tiles/s | fail_rate=0.0% | → nudge up
  [8410/9999] (84%) ok=7826 fail=584 workers=16
  [8420/9999] (84%) ok=7836 fail=584 workers=16
  [concurrency] workers=16 | throughput=0.6 tiles/s | fail_rate=0.0% | → nudge up
  [8430/9999] (84%) ok=7846 fail=584 workers=16
  [8440/9999] (84%) ok=7856 fail=584 workers=16
  [concurrency] workers=16 | throughput=0.5 tiles/s | fail_rate=0.0% | → nudge up
  [8450/9999] (85%) ok=7866 fail=584 workers=16
  [8460/9999] (85%) ok=7876 fail=584 workers=16
  [concurrency] workers=16 | throughput=0.6 tiles/s | fail_rate=0.0% | → nudge up
  [8470/9999] (85%) ok=7886 fail=584 workers=16
  [8480/9999] (85%) ok=7896 fail=584 workers=16
  [concurrency] workers=16 | throughput=0.5 tiles/s | fail_rate=0.0% | → nudge up
  [8490/9999] (85%) ok=7906 fail=584 workers=16
  [8500/9999] (85%) ok=7916 fail=584 workers=16
  [concurrency] workers=16 | throughput=0.6 tiles/s | fail_rate=0.0% | → nudge up
  [8510/9999] (85%) ok=7926 fail=584 workers=16
  [8520/9999] (85%) ok=7936 fail=584 workers=16
  [concurrency] workers=16 | throughput=0.6 tiles/s | fail_rate=0.0% | → nudge up
  [8530/9999] (85%) ok=7946 fail=584 workers=16
  [8540/9999] (85%) ok=7956 fail=584 workers=16
  [concurrency] workers=16 | throughput=0.6 tiles/s | fail_rate=0.0% | → nudge up
  [8550/9999] (86%) ok=7966 fail=584 workers=16
  [8560/9999] (86%) ok=7976 fail=584 workers=16
  [concurrency] workers=8 | throughput=0.5 tiles/s | fail_rate=0.0% | ↓ decrease (throughput degrading)
  [8570/9999] (86%) ok=7986 fail=584 workers=8
  [8580/9999] (86%) ok=7996 fail=584 workers=8
  [concurrency] workers=12 | throughput=0.5 tiles/s | fail_rate=0.0% | → nudge up
  checkpoint saved at 8000 ok tiles
  [8590/9999] (86%) ok=8006 fail=584 workers=12
  [8600/9999] (86%) ok=8016 fail=584 workers=12
  [concurrency] workers=16 | throughput=0.6 tiles/s | fail_rate=0.0% | → nudge up
  [8610/9999] (86%) ok=8026 fail=584 workers=16
  [8620/9999] (86%) ok=8036 fail=584 workers=16
  [concurrency] workers=8 | throughput=0.5 tiles/s | fail_rate=0.0% | ↓ decrease (throughput degrading)
  [8630/9999] (86%) ok=8046 fail=584 workers=8
  [8640/9999] (86%) ok=8056 fail=584 workers=8
  [concurrency] workers=8 | throughput=0.5 tiles/s | fail_rate=0.0% | ↓ decrease (throughput degrading)
  [8650/9999] (87%) ok=8066 fail=584 workers=8
  [8660/9999] (87%) ok=8076 fail=584 workers=8
  [concurrency] workers=12 | throughput=0.6 tiles/s | fail_rate=0.0% | → nudge up
  [8670/9999] (87%) ok=8086 fail=584 workers=12
  [8680/9999] (87%) ok=8096 fail=584 workers=12
  [concurrency] workers=16 | throughput=0.6 tiles/s | fail_rate=0.0% | → nudge up
  [8690/9999] (87%) ok=8106 fail=584 workers=16
  [8700/9999] (87%) ok=8116 fail=584 workers=16
  [concurrency] workers=8 | throughput=0.6 tiles/s | fail_rate=0.0% | ↓ decrease (throughput degrading)
  [8710/9999] (87%) ok=8126 fail=584 workers=8
  [8720/9999] (87%) ok=8136 fail=584 workers=8
  [concurrency] workers=12 | throughput=0.5 tiles/s | fail_rate=0.0% | → nudge up
  [8730/9999] (87%) ok=8146 fail=584 workers=12
  [8740/9999] (87%) ok=8156 fail=584 workers=12
  [concurrency] workers=16 | throughput=0.5 tiles/s | fail_rate=0.0% | → nudge up
  [8750/9999] (88%) ok=8166 fail=584 workers=16
  [8760/9999] (88%) ok=8176 fail=584 workers=16
  [concurrency] workers=16 | throughput=0.6 tiles/s | fail_rate=0.0% | → nudge up
  [8770/9999] (88%) ok=8186 fail=584 workers=16
  [8780/9999] (88%) ok=8196 fail=584 workers=16
  [concurrency] workers=8 | throughput=0.5 tiles/s | fail_rate=0.0% | ↓ decrease (throughput degrading)
  checkpoint saved at 8200 ok tiles
  [8790/9999] (88%) ok=8206 fail=584 workers=8
  [8800/9999] (88%) ok=8216 fail=584 workers=8
  [concurrency] workers=12 | throughput=0.5 tiles/s | fail_rate=0.0% | → nudge up
  [8810/9999] (88%) ok=8226 fail=584 workers=12
  [8820/9999] (88%) ok=8236 fail=584 workers=12
  [concurrency] workers=16 | throughput=0.6 tiles/s | fail_rate=0.0% | → nudge up
  [8830/9999] (88%) ok=8246 fail=584 workers=16
  [8840/9999] (88%) ok=8256 fail=584 workers=16
  [concurrency] workers=8 | throughput=0.5 tiles/s | fail_rate=0.0% | ↓ decrease (throughput degrading)
  [8850/9999] (89%) ok=8266 fail=584 workers=8
  [8860/9999] (89%) ok=8276 fail=584 workers=8
  [concurrency] workers=12 | throughput=0.6 tiles/s | fail_rate=0.0% | → nudge up
  [8870/9999] (89%) ok=8286 fail=584 workers=12
  [8880/9999] (89%) ok=8296 fail=584 workers=12
  [concurrency] workers=8 | throughput=0.5 tiles/s | fail_rate=0.0% | ↓ decrease (throughput degrading)
  [8890/9999] (89%) ok=8306 fail=584 workers=8
  [8900/9999] (89%) ok=8316 fail=584 workers=8
  [concurrency] workers=12 | throughput=0.6 tiles/s | fail_rate=0.0% | → nudge up
  [8910/9999] (89%) ok=8326 fail=584 workers=12
  [8920/9999] (89%) ok=8336 fail=584 workers=12
  [concurrency] workers=16 | throughput=0.6 tiles/s | fail_rate=0.0% | → nudge up
  [8930/9999] (89%) ok=8346 fail=584 workers=16
  [8940/9999] (89%) ok=8356 fail=584 workers=16
  [concurrency] workers=16 | throughput=0.6 tiles/s | fail_rate=0.0% | → nudge up
  [8950/9999] (90%) ok=8366 fail=584 workers=16
  [8960/9999] (90%) ok=8376 fail=584 workers=16
  [concurrency] workers=8 | throughput=0.5 tiles/s | fail_rate=0.0% | ↓ decrease (throughput degrading)
  [8970/9999] (90%) ok=8386 fail=584 workers=8
  [8980/9999] (90%) ok=8396 fail=584 workers=8
  [concurrency] workers=12 | throughput=0.6 tiles/s | fail_rate=0.0% | → nudge up
  checkpoint saved at 8400 ok tiles
  [8990/9999] (90%) ok=8406 fail=584 workers=12
  [9000/9999] (90%) ok=8416 fail=584 workers=12
  [concurrency] workers=16 | throughput=0.5 tiles/s | fail_rate=0.0% | → nudge up
  [9010/9999] (90%) ok=8426 fail=584 workers=16
  [9020/9999] (90%) ok=8436 fail=584 workers=16
  [concurrency] workers=16 | throughput=0.6 tiles/s | fail_rate=0.0% | → nudge up
  [9030/9999] (90%) ok=8446 fail=584 workers=16
  [9040/9999] (90%) ok=8456 fail=584 workers=16
  [concurrency] workers=16 | throughput=0.5 tiles/s | fail_rate=0.0% | → nudge up
  [9050/9999] (91%) ok=8466 fail=584 workers=16
  [9060/9999] (91%) ok=8476 fail=584 workers=16
  [concurrency] workers=16 | throughput=0.5 tiles/s | fail_rate=0.0% | → nudge up
  [9070/9999] (91%) ok=8486 fail=584 workers=16
  [9080/9999] (91%) ok=8496 fail=584 workers=16
  [concurrency] workers=16 | throughput=0.5 tiles/s | fail_rate=0.0% | → nudge up
  [9090/9999] (91%) ok=8506 fail=584 workers=16
  [9100/9999] (91%) ok=8516 fail=584 workers=16
  [concurrency] workers=16 | throughput=0.5 tiles/s | fail_rate=0.0% | → nudge up
  [9110/9999] (91%) ok=8526 fail=584 workers=16
  [9120/9999] (91%) ok=8536 fail=584 workers=16
  [concurrency] workers=16 | throughput=0.5 tiles/s | fail_rate=0.0% | → nudge up
  [9130/9999] (91%) ok=8546 fail=584 workers=16
  [9140/9999] (91%) ok=8556 fail=584 workers=16
  [concurrency] workers=16 | throughput=0.6 tiles/s | fail_rate=0.0% | → nudge up
  [9150/9999] (92%) ok=8566 fail=584 workers=16
  [9160/9999] (92%) ok=8576 fail=584 workers=16
  [concurrency] workers=16 | throughput=0.6 tiles/s | fail_rate=0.0% | → nudge up
  [9170/9999] (92%) ok=8586 fail=584 workers=16
  [9180/9999] (92%) ok=8596 fail=584 workers=16
  [concurrency] workers=8 | throughput=0.4 tiles/s | fail_rate=0.0% | ↓ decrease (throughput degrading)
  checkpoint saved at 8600 ok tiles
  [9190/9999] (92%) ok=8606 fail=584 workers=8
  [9200/9999] (92%) ok=8616 fail=584 workers=8
  [concurrency] workers=12 | throughput=0.6 tiles/s | fail_rate=0.0% | → nudge up
  [9210/9999] (92%) ok=8626 fail=584 workers=12
  [9220/9999] (92%) ok=8636 fail=584 workers=12
  [concurrency] workers=16 | throughput=0.6 tiles/s | fail_rate=0.0% | → nudge up
  [9230/9999] (92%) ok=8646 fail=584 workers=16
  [9240/9999] (92%) ok=8656 fail=584 workers=16
  [concurrency] workers=8 | throughput=0.5 tiles/s | fail_rate=0.0% | ↓ decrease (throughput degrading)
  [9250/9999] (93%) ok=8666 fail=584 workers=8
  [9260/9999] (93%) ok=8676 fail=584 workers=8
  [concurrency] workers=12 | throughput=0.6 tiles/s | fail_rate=0.0% | → nudge up
  [9270/9999] (93%) ok=8686 fail=584 workers=12
  [9280/9999] (93%) ok=8696 fail=584 workers=12
  [concurrency] workers=8 | throughput=0.5 tiles/s | fail_rate=0.0% | ↓ decrease (throughput degrading)
  [9290/9999] (93%) ok=8706 fail=584 workers=8
  [9300/9999] (93%) ok=8716 fail=584 workers=8
  [concurrency] workers=12 | throughput=0.6 tiles/s | fail_rate=0.0% | → nudge up
  [9310/9999] (93%) ok=8726 fail=584 workers=12
  [9320/9999] (93%) ok=8736 fail=584 workers=12
  [concurrency] workers=16 | throughput=0.6 tiles/s | fail_rate=0.0% | → nudge up
  [9330/9999] (93%) ok=8746 fail=584 workers=16
  [9340/9999] (93%) ok=8756 fail=584 workers=16
  [concurrency] workers=16 | throughput=0.6 tiles/s | fail_rate=0.0% | → nudge up
  [9350/9999] (94%) ok=8766 fail=584 workers=16
  [9360/9999] (94%) ok=8776 fail=584 workers=16
  [concurrency] workers=16 | throughput=0.5 tiles/s | fail_rate=0.0% | → nudge up
  [9370/9999] (94%) ok=8786 fail=584 workers=16
  [9380/9999] (94%) ok=8796 fail=584 workers=16
  [concurrency] workers=16 | throughput=0.5 tiles/s | fail_rate=0.0% | → nudge up
  checkpoint saved at 8800 ok tiles
  [9390/9999] (94%) ok=8806 fail=584 workers=16
  [9400/9999] (94%) ok=8816 fail=584 workers=16
  [concurrency] workers=16 | throughput=0.6 tiles/s | fail_rate=0.0% | → nudge up
  [9410/9999] (94%) ok=8826 fail=584 workers=16
  [9420/9999] (94%) ok=8836 fail=584 workers=16
  [concurrency] workers=16 | throughput=0.6 tiles/s | fail_rate=0.0% | → nudge up
  [9430/9999] (94%) ok=8846 fail=584 workers=16
  [9440/9999] (94%) ok=8856 fail=584 workers=16
  [concurrency] workers=8 | throughput=0.5 tiles/s | fail_rate=0.0% | ↓ decrease (throughput degrading)
  [9450/9999] (95%) ok=8866 fail=584 workers=8
  [9460/9999] (95%) ok=8876 fail=584 workers=8
  [concurrency] workers=12 | throughput=0.5 tiles/s | fail_rate=0.0% | → nudge up
  [9470/9999] (95%) ok=8886 fail=584 workers=12
  [9480/9999] (95%) ok=8896 fail=584 workers=12
  [concurrency] workers=16 | throughput=0.6 tiles/s | fail_rate=0.0% | → nudge up
  [9490/9999] (95%) ok=8906 fail=584 workers=16
  [9500/9999] (95%) ok=8916 fail=584 workers=16
  [concurrency] workers=16 | throughput=0.6 tiles/s | fail_rate=0.0% | → nudge up
  [9510/9999] (95%) ok=8926 fail=584 workers=16
  [9520/9999] (95%) ok=8936 fail=584 workers=16
  [concurrency] workers=8 | throughput=0.5 tiles/s | fail_rate=0.0% | ↓ decrease (throughput degrading)
  [9530/9999] (95%) ok=8946 fail=584 workers=8
  [9540/9999] (95%) ok=8956 fail=584 workers=8
  [concurrency] workers=8 | throughput=0.5 tiles/s | fail_rate=0.0% | ↓ decrease (throughput degrading)
  [9550/9999] (96%) ok=8966 fail=584 workers=8
  [9560/9999] (96%) ok=8976 fail=584 workers=8
  [concurrency] workers=12 | throughput=0.6 tiles/s | fail_rate=0.0% | → nudge up
  [9570/9999] (96%) ok=8986 fail=584 workers=12
  [9580/9999] (96%) ok=8996 fail=584 workers=12
  [concurrency] workers=16 | throughput=0.6 tiles/s | fail_rate=0.0% | → nudge up
  checkpoint saved at 9000 ok tiles
  [9590/9999] (96%) ok=9006 fail=584 workers=16
  [9600/9999] (96%) ok=9016 fail=584 workers=16
  [concurrency] workers=16 | throughput=0.6 tiles/s | fail_rate=0.0% | → nudge up
  [9610/9999] (96%) ok=9026 fail=584 workers=16
  [9620/9999] (96%) ok=9035 fail=585 workers=16
  [concurrency] workers=8 | throughput=0.4 tiles/s | fail_rate=5.0% | ↓ decrease (throughput degrading)
  [9630/9999] (96%) ok=9045 fail=585 workers=8
  [9640/9999] (96%) ok=9055 fail=585 workers=8
  [concurrency] workers=12 | throughput=0.5 tiles/s | fail_rate=0.0% | → nudge up
  [9650/9999] (97%) ok=9065 fail=585 workers=12
  [9660/9999] (97%) ok=9075 fail=585 workers=12
  [concurrency] workers=16 | throughput=0.6 tiles/s | fail_rate=0.0% | → nudge up
  [9670/9999] (97%) ok=9085 fail=585 workers=16
  [9680/9999] (97%) ok=9095 fail=585 workers=16
  [concurrency] workers=16 | throughput=0.6 tiles/s | fail_rate=0.0% | → nudge up
  [9690/9999] (97%) ok=9105 fail=585 workers=16
  [9700/9999] (97%) ok=9115 fail=585 workers=16
  [concurrency] workers=8 | throughput=0.4 tiles/s | fail_rate=0.0% | ↓ decrease (throughput degrading)
  [9710/9999] (97%) ok=9125 fail=585 workers=8
  [9720/9999] (97%) ok=9135 fail=585 workers=8
  [concurrency] workers=12 | throughput=0.4 tiles/s | fail_rate=0.0% | → nudge up
  [9730/9999] (97%) ok=9145 fail=585 workers=12
  [9740/9999] (97%) ok=9155 fail=585 workers=12
  [concurrency] workers=16 | throughput=0.4 tiles/s | fail_rate=0.0% | → nudge up
  [9750/9999] (98%) ok=9165 fail=585 workers=16
  [9760/9999] (98%) ok=9175 fail=585 workers=16
  [concurrency] workers=16 | throughput=0.6 tiles/s | fail_rate=0.0% | → nudge up
  [9770/9999] (98%) ok=9185 fail=585 workers=16
  [9780/9999] (98%) ok=9195 fail=585 workers=16
  [concurrency] workers=8 | throughput=0.5 tiles/s | fail_rate=0.0% | ↓ decrease (throughput degrading)
  checkpoint saved at 9200 ok tiles
  [9790/9999] (98%) ok=9205 fail=585 workers=8
  [9800/9999] (98%) ok=9215 fail=585 workers=8
  [concurrency] workers=12 | throughput=0.6 tiles/s | fail_rate=0.0% | → nudge up
  [9810/9999] (98%) ok=9225 fail=585 workers=12
  [9820/9999] (98%) ok=9235 fail=585 workers=12
  [concurrency] workers=8 | throughput=0.5 tiles/s | fail_rate=0.0% | ↓ decrease (throughput degrading)
  [9830/9999] (98%) ok=9245 fail=585 workers=8
  [9840/9999] (98%) ok=9255 fail=585 workers=8
  [concurrency] workers=12 | throughput=0.6 tiles/s | fail_rate=0.0% | → nudge up
  [9850/9999] (99%) ok=9265 fail=585 workers=12
  [9860/9999] (99%) ok=9275 fail=585 workers=12
  [concurrency] workers=8 | throughput=0.5 tiles/s | fail_rate=0.0% | ↓ decrease (throughput degrading)
  [9870/9999] (99%) ok=9285 fail=585 workers=8
  [9880/9999] (99%) ok=9295 fail=585 workers=8
  [concurrency] workers=12 | throughput=0.6 tiles/s | fail_rate=0.0% | → nudge up
  [9890/9999] (99%) ok=9305 fail=585 workers=12
  [9900/9999] (99%) ok=9315 fail=585 workers=12
  [concurrency] workers=16 | throughput=0.5 tiles/s | fail_rate=0.0% | → nudge up
  [9910/9999] (99%) ok=9325 fail=585 workers=16
  [9920/9999] (99%) ok=9335 fail=585 workers=16
  [concurrency] workers=16 | throughput=0.6 tiles/s | fail_rate=0.0% | → nudge up
  [9930/9999] (99%) ok=9345 fail=585 workers=16
  [9940/9999] (99%) ok=9355 fail=585 workers=16
  [concurrency] workers=8 | throughput=0.5 tiles/s | fail_rate=0.0% | ↓ decrease (throughput degrading)
  [9950/9999] (100%) ok=9365 fail=585 workers=8
  [9960/9999] (100%) ok=9375 fail=585 workers=8
  [concurrency] workers=12 | throughput=0.6 tiles/s | fail_rate=0.0% | → nudge up
  [9970/9999] (100%) ok=9385 fail=585 workers=12
  [9980/9999] (100%) ok=9395 fail=585 workers=12
  [concurrency] workers=16 | throughput=0.6 tiles/s | fail_rate=0.0% | → nudge up
  checkpoint saved at 9400 ok tiles
  [9990/9999] (100%) ok=9405 fail=585 workers=16
  [9999/9999] (100%) ok=9414 fail=585 workers=16

  Concurrency tuning summary:
   workers    tiles/s  fail_rate
         8       0.15       0.0% ← best
        16       0.55       0.0%
        16       0.41       0.0%
         8       0.60       0.0% ← best
        16       0.60       0.0%
        16       0.54       0.0%
         8       0.51       0.0% ← best
        12       0.56       0.0%
        16       0.56       0.0%
        16       0.60       0.0%
        16       0.56       0.0%
        16       0.55       0.0%
        16       0.63       0.0%
        16       0.48       0.0%
         8       0.56       0.0% ← best
        12       0.61       0.0%
        16       0.52       0.0%
         8       0.60       0.0% ← best
        12       0.54       0.0%
        16       0.59       0.0%
        16       0.62       0.0%
        16       0.51       0.0%
         8       0.54       0.0% ← best
        12       0.57       0.0%
        16       0.60       0.0%
        16       0.52       0.0%
         8       0.55       0.0% ← best
        12       0.57       0.0%
        16       0.57       0.0%
        16       0.58       0.0%
        16       0.47       0.0%
         8       0.55       0.0% ← best
        12       0.63       0.0%
        16       0.57       0.0%
         8       0.51       0.0% ← best
         8       0.67       0.0% ← best
        16       0.49       0.0%
         8       0.56       0.0% ← best
        12       0.57       0.0%
        16       0.53       0.0%
        16       0.59       0.0%
        16       0.57       0.0%
        16       0.55       0.0%
        16       0.59       0.0%
        16       0.51       0.0%
         8       0.62       0.0% ← best
        12       0.54       0.0%
         8       0.51       0.0% ← best
        12       0.55       0.0%
        16       0.63       0.0%
        16       0.53       0.0%
         8       0.51       0.0% ← best
        12       0.58       0.0%
        16       0.60       0.0%
        16       0.51       0.0%
         8       0.55       0.0% ← best
        12       0.58       0.0%
        16       0.65       0.0%
        16       0.49       0.0%
         8       0.54       0.0% ← best
        12       0.58       0.0%
        16       0.52       0.0%
         8       0.61       0.0% ← best
        12       0.55       0.0%
        16       0.52       0.0%
        16       0.59       0.0%
        16       0.61       0.0%
        16       0.47       0.0%
         8       0.66       0.0% ← best
        12       0.53       0.0%
         8       0.63       0.0% ← best
        12       0.50       0.0%
         8       0.36       0.0% ← best
         8       0.36       0.0% ← best
        12       0.61       0.0%
        16       0.58       0.0%
        16       0.60       0.0%
        16       0.41       0.0%
         8       0.59       0.0% ← best
        12       0.61       0.0%
        16       0.61       0.0%
        16       0.43       0.0%
         8       0.57       0.0% ← best
        12       0.58       0.0%
        16       0.61       0.0%
        16       0.46       0.0%
         8       0.54       0.0% ← best
        12       0.61       0.0%
        16       0.57       0.0%
        16       0.53       0.0%
        16       0.51       0.0%
        16       0.67       0.0%
        16       0.56       0.0%
         8       0.51       0.0% ← best
        12       0.60       0.0%
        16       0.56       0.0%
        16       0.50       0.0%
        16       0.56       0.0%
        16       0.65       0.0%
        16       0.54       0.0%
         8       0.53       0.0% ← best
        12       0.57       0.0%
        16       0.57       0.0%
        16       0.58       0.0%
        16       0.55       0.0%
        16       0.55       0.0%
        16       0.53       0.0%
        16       0.53       0.0%
        16       0.63       0.0%
        16       0.61       0.0%
        16       0.53       0.0%
         8       0.49       0.0% ← best
        12       0.53       0.0%
        16       0.54       0.0%
        16       0.64       0.0%
        16       0.54       0.0%
         8       0.54       0.0% ← best
        12       0.51       0.0%
        16       0.61       0.0%
        16       0.56       0.0%
        16       0.54       0.0%
        16       0.57       0.0%
        16       0.52       0.0%
        16       0.60       0.0%
        16       0.54       0.0%
         8       0.51       0.0% ← best
        12       0.57       0.0%
        16       0.60       0.0%
        16       0.55       0.0%
        16       0.53       0.0%
        16       0.56       0.0%
        16       0.63       0.0%
        16       0.54       0.0%
         8       0.53       0.0% ← best
        12       0.60       0.0%
        16       0.56       0.0%
        16       0.57       0.0%
        16       0.55       0.0%
        16       0.57       0.0%
        16       0.54       0.0%
        16       0.57       0.0%
        16       0.63       0.0%
        16       0.52       0.0%
         8       0.54       0.0% ← best
        12       0.53       0.0%
        16       0.58       0.0%
        16       0.39       0.0%
         8       0.33       0.0% ← best
         8       0.58       0.0% ← best
        12       0.53       0.0%
        16       0.63       0.0%
        16       0.47       0.0%
         8       0.65       0.0% ← best
        12       0.55       0.0%
         8       0.65       0.0% ← best
        12       0.44       0.0%
         8       0.67       0.0% ← best
        12       0.53       0.0%
         8       0.66       0.0% ← best
        12       0.44       0.0%
         8       0.61       0.0% ← best
        12       0.57       0.0%
        16       0.56       0.0%
        16       0.49       0.0%
         8       0.53       0.0% ← best
        12       0.64       0.0%
        16       0.63       0.0%
        16       0.46       0.0%
         8       0.54       0.0% ← best
        12       0.60       0.0%
        16       0.55       0.0%
        16       0.55       0.0%
        16       0.56       0.0%
        16       0.54       0.0%
        16       0.52       0.0%
        16       0.54       0.0%
        16       0.55       0.0%
        16       0.48       0.0%
         8       0.60       0.0% ← best
        12       0.51       0.0%
         8       0.54       0.0% ← best
        12       0.54       0.0%
        16       0.57       0.0%
        16       0.52       0.0%
        16       0.46       0.0%
         8       0.61       0.0% ← best
        12       0.56       0.0%
        16       0.49       0.0%
         8       0.55       0.0% ← best
        12       0.61       0.0%
        16       0.47       0.0%
         8       0.47       5.0% ← best
        12       0.55       0.0%
        16       0.59       0.0%
        16       0.48       0.0%
         8       0.49       0.0% ← best
        12       0.54       0.0%
        16       0.57       0.0%
        16       0.60       0.0%
        16       0.48       0.0%
         8       0.52       0.0% ← best
        12       0.64       0.0%
        16       0.63       0.0%
        16       0.48       0.0%
         8       0.60       0.0% ← best
        12       0.54       0.0%
         8       0.58       0.0% ← best
        12       0.60       0.0%
        16       0.48       0.0%
         8       0.60       0.0% ← best
        12       0.61       0.0%
        16       0.54       0.0%
         8       0.53       0.0% ← best
        12       0.60       0.0%
        16       0.57       0.0%
        16       0.52       0.0%
         8       0.55       0.0% ← best
        12       0.50       0.0%
        16       0.40       0.0%
         8       0.38       0.0% ← best
        12       0.46       0.0%
        16       0.56       0.0%
        16       0.66       0.0%
        16       0.57       0.0%
         8       0.45       0.0% ← best
         8       0.62       0.0% ← best
        12       0.57       0.0%
        16       0.55       0.0%
        16       0.53       0.0%
        16       0.54       0.0%
        16       0.57       0.0%
        16       0.59       0.0%
        16       0.51       0.0%
         8       0.51       0.0% ← best
        12       0.60       0.0%
        16       0.60       0.0%
        16       0.56       0.0%
        16       0.52       0.0%
        16       0.54       0.0%
        16       0.61       0.0%
        16       0.02      90.0%
         8       0.00     100.0% ← best
         8       0.00     100.0% ← best
         8       0.00     100.0% ← best
         8       0.00     100.0% ← best
         8       0.00     100.0% ← best
         8       0.00     100.0% ← best
         8       0.00     100.0% ← best
         8       0.00     100.0% ← best
         8       0.00     100.0% ← best
         8       0.00     100.0% ← best
         8       0.00     100.0% ← best
         8       0.00     100.0% ← best
         8       0.00     100.0% ← best
         8       0.00     100.0% ← best
         8       0.00     100.0% ← best
         8       0.00     100.0% ← best
         8       0.00     100.0% ← best
         8       0.00     100.0% ← best
         8       0.00     100.0% ← best
         8       0.00     100.0% ← best
         8       0.00     100.0% ← best
         8       0.00     100.0% ← best
         8       0.00     100.0% ← best
         8       0.40       0.0% ← best
        12       0.62       0.0%
        16       0.56       0.0%
        16       0.50       0.0%
         8       0.54       0.0% ← best
        12       0.59       0.0%
        16       0.62       0.0%
        16       0.38       0.0%
         8       0.37       0.0% ← best
        12       0.38       0.0%
        16       0.54       0.0%
        16       0.65       0.0%
        16       0.62       0.0%
        16       0.47       0.0%
         8       0.50       0.0% ← best
        12       0.59       0.0%
        16       0.62       0.0%
        16       0.50       0.0%
         8       0.60       0.0% ← best
        12       0.58       0.0%
        16       0.58       0.0%
        16       0.43       0.0%
         8       0.57       0.0% ← best
        12       0.40       0.0%
         8       0.62       0.0% ← best
        12       0.53       0.0%
         8       0.58       0.0% ← best
        12       0.49       0.0%
         8       0.57       0.0% ← best
        12       0.48       0.0%
         8       0.63       0.0% ← best
        12       0.48       0.0%
         8       0.64       0.0% ← best
        12       0.48       0.0%
         8       0.68       0.0% ← best
        16       0.50       0.0%
         8       0.59       0.0% ← best
        12       0.02      90.0%
         8       0.00     100.0% ← best
         8       0.00     100.0% ← best
         8       0.00     100.0% ← best
         8       0.00     100.0% ← best
         8       0.41      35.0% ← best
         8       0.41       0.0% ← best
        12       0.50       0.0%
        16       0.66       0.0%
        16       0.60       0.0%
         8       0.53       0.0% ← best
         8       0.48       0.0% ← best
         8       0.63       0.0% ← best
        12       0.55       0.0%
         8       0.62       0.0% ← best
        12       0.52       0.0%
         8       0.57       0.0% ← best
        12       0.58       0.0%
        16       0.65       0.0%
        16       0.51       0.0%
         8       0.53       0.0% ← best
        12       0.59       0.0%
        16       0.48       0.0%
         8       0.66       0.0% ← best
        12       0.51       0.0%
         8       0.58       0.0% ← best
        12       0.51       0.0%
         8       0.61       0.0% ← best
        12       0.51       0.0%
         8       0.56       0.0% ← best
        12       0.55       0.0%
        16       0.59       0.0%
        16       0.54       0.0%
        16       0.49       0.0%
        16       0.63       0.0%
        16       0.56       0.0%
         8       0.58       0.0% ← best
        12       0.53       0.0%
        16       0.26       0.0%
         8       0.55       0.0% ← best
        12       0.58       0.0%
        16       0.59       0.0%
        16       0.54       0.0%
        16       0.48       0.0%
         8       0.54       0.0% ← best
        12       0.60       0.0%
        16       0.57       0.0%
        16       0.51       0.0%
         8       0.60       0.0% ← best
        12       0.58       0.0%
        16       0.48       0.0%
         8       0.63       0.0% ← best
        12       0.52       0.0%
         8       0.60       0.0% ← best
        12       0.54       0.0%
        16       0.53       0.0%
        16       0.58       0.0%
        16       0.57       0.0%
        16       0.52       0.0%
        16       0.65       0.0%
        16       0.47       0.0%
         8       0.56       0.0% ← best
        12       0.66       0.0%
        16       0.53       0.0%
         8       0.55       0.0% ← best
        12       0.49       0.0%
        16       0.53       0.0%
        16       0.60       0.0%
        16       0.56       0.0%
        16       0.47       0.0%
         8       0.56       0.0% ← best
        12       0.57       0.0%
        16       0.60       0.0%
        16       0.46       0.0%
         8       0.60       0.0% ← best
        12       0.57       0.0%
        16       0.60       0.0%
        16       0.50       0.0%
         8       0.60       0.0% ← best
        12       0.51       0.0%
         8       0.57       0.0% ← best
        12       0.57       0.0%
        16       0.57       0.0%
        16       0.53       0.0%
        16       0.57       0.0%
        16       0.46       0.0%
         8       0.57       0.0% ← best
        12       0.60       0.0%
        16       0.54       0.0%
         8       0.47       0.0% ← best
         8       0.54       0.0% ← best
        12       0.59       0.0%
        16       0.64       0.0%
        16       0.46       0.0%
         8       0.50       0.0% ← best
        12       0.60       0.0%
        16       0.55       0.0%
        16       0.49       0.0%
         8       0.54       0.0% ← best
        12       0.56       0.0%
        16       0.64       0.0%
        16       0.55       0.0%
         8       0.47       0.0% ← best
         8       0.64       0.0% ← best
        12       0.50       0.0%
         8       0.63       0.0% ← best
        12       0.55       0.0%
         8       0.53       0.0% ← best
        12       0.50       0.0%
        16       0.56       0.0%
        16       0.39       0.0%
         8       0.39       0.0% ← best
        12       0.48       0.0%
        16       0.51       0.0%
        16       0.61       0.0%
        16       0.59       0.0%
        16       0.56       0.0%
        16       0.51       0.0%
        16       0.55       0.0%
        16       0.57       0.0%
        16       0.55       0.0%
        16       0.57       0.0%
        16       0.52       0.0%
        16       0.55       0.0%
        16       0.60       0.0%
        16       0.60       0.0%
        16       0.49       0.0%
         8       0.52       0.0% ← best
        12       0.62       0.0%
        16       0.55       0.0%
         8       0.48       0.0% ← best
         8       0.58       0.0% ← best
        12       0.65       0.0%
        16       0.56       0.0%
         8       0.52       0.0% ← best
        12       0.52       0.0%
        16       0.60       0.0%
        16       0.52       0.0%
         8       0.55       0.0% ← best
        12       0.63       0.0%
        16       0.49       0.0%
         8       0.62       0.0% ← best
        12       0.52       0.0%
         8       0.56       0.0% ← best
        12       0.57       0.0%
        16       0.61       0.0%
        16       0.52       0.0%
         8       0.59       0.0% ← best
        12       0.55       0.0%
        16       0.58       0.0%
        16       0.53       0.0%
        16       0.54       0.0%
        16       0.54       0.0%
        16       0.54       0.0%
        16       0.55       0.0%
        16       0.57       0.0%
        16       0.63       0.0%
        16       0.43       0.0%
         8       0.63       0.0% ← best
        12       0.60       0.0%
        16       0.47       0.0%
         8       0.61       0.0% ← best
        12       0.51       0.0%
         8       0.59       0.0% ← best
        12       0.56       0.0%
        16       0.56       0.0%
        16       0.52       0.0%
        16       0.55       0.0%
        16       0.59       0.0%
        16       0.59       0.0%
        16       0.52       0.0%
         8       0.50       0.0% ← best
        12       0.55       0.0%
        16       0.64       0.0%
        16       0.52       0.0%
         8       0.45       0.0% ← best
         8       0.62       0.0% ← best
        12       0.61       0.0%
        16       0.57       0.0%
        16       0.44       5.0%
         8       0.50       0.0% ← best
        12       0.56       0.0%
        16       0.59       0.0%
        16       0.37       0.0%
         8       0.36       0.0% ← best
        12       0.43       0.0%
        16       0.64       0.0%
        16       0.54       0.0%
         8       0.64       0.0% ← best
        12       0.45       0.0%
         8       0.64       0.0% ← best
        12       0.52       0.0%
         8       0.58       0.0% ← best
        12       0.53       0.0%
        16       0.62       0.0%
        16       0.55       0.0%
         8       0.56       0.0% ← best
        12       0.57       0.0%
  Best: 8 workers @ 0.68 tiles/s
  Checkpoint preserved (some assets failed).

  STAC fetch complete: 9414 ok / 585 failed
        fetched ok=9414 fail=585
  [2/4] QC (min_valid_ratio=0.8) ...
  QC [1000/9999] passed=984
  QC [2000/9999] passed=1964
  QC [3000/9999] passed=2952
  QC [4000/9999] passed=3940
  QC [5000/9999] passed=4730
  QC [6000/9999] passed=5440
  QC [7000/9999] passed=6327
  QC [8000/9999] passed=7313
  QC [9000/9999] passed=8301
  QC [9999/9999] passed=9291
QC complete: 9291 passed, 708 failed (9999 total)
        QC passed 9291 / 9999
  [3/4] triage ...
  Triage [1000/9291] high=1000 low=0 contradiction=0
  Triage [2000/9291] high=2000 low=0 contradiction=0
  Triage [3000/9291] high=3000 low=0 contradiction=0
  Triage [4000/9291] high=4000 low=0 contradiction=0
  Triage [5000/9291] high=5000 low=0 contradiction=0
  Triage [6000/9291] high=6000 low=0 contradiction=0
  Triage [7000/9291] high=7000 low=0 contradiction=0
  Triage [8000/9291] high=8000 low=0 contradiction=0
  Triage [9000/9291] high=9000 low=0 contradiction=0
  Triage [9291/9291] high=9291 low=0 contradiction=0
Triage complete: 9291 high / 0 low / 0 contradiction (9291 total)
        accepted 9291
  [4/4] assemble -> C:\Users\j.guthrie\Downloads\RESEARCH\infra_fm\data\curated_datasets\dataset_south-america_energy_v1
C:\Users\j.guthrie\Downloads\RESEARCH\infra_fm\fetch_v1_overnight.py:221: DeprecationWarning: datetime.datetime.utcnow() is deprecated and scheduled for removal in a future version. Use timezone-aware objects to represent datetimes in UTC: datetime.datetime.now(datetime.UTC).
  "completed_at"   : datetime.utcnow().isoformat() + "Z",
  [1000/9291] saved=1000 failed=0
  [2000/9291] saved=2000 failed=0
  [3000/9291] saved=3000 failed=0
  [4000/9291] saved=4000 failed=0
  [5000/9291] saved=5000 failed=0
  [6000/9291] saved=6000 failed=0
  [7000/9291] saved=7000 failed=0
  [8000/9291] saved=8000 failed=0
  [9000/9291] saved=9000 failed=0
  [9291/9291] saved=9291 failed=0

Dataset assembled: 9291 tiles saved, 0 failed
  Images:   C:\Users\j.guthrie\Downloads\RESEARCH\infra_fm\data\curated_datasets\dataset_south-america_energy_v1\images
  Manifest: C:\Users\j.guthrie\Downloads\RESEARCH\infra_fm\data\curated_datasets\dataset_south-america_energy_v1\manifest.json
  Summary:  C:\Users\j.guthrie\Downloads\RESEARCH\infra_fm\data\curated_datasets\dataset_south-america_energy_v1\summary.csv

Tiles by asset type:
asset_type
energy.distribution.substation_untyped    3973
energy.distribution.substation            2384
energy.generation.solar_farm              1002
energy.transmission.substation             899
energy.generation.power_plant              793
energy.distribution.substation_minor       214
energy.generation.wind_farm                 26

Tiles by source/modality:
source
stac_sentinel2_ms+sentinel1    9291

Temporal tiles: 0 / 9291
  [done] south-america/energy in 19444s — 9291 tiles assembled

>>> [12/28] south-america/water (n=10,001)

========================================================================
CELL  south-america/water   (2026-06-03 06:25:47)
========================================================================
  loaded 10,001 assets from south-america_water_v1_sample.parquet
  [1/4] STAC fetch ...
STACImageryFetcher: modalities=['sentinel2_ms', 'sentinel1'], n_bands=9, temporal_stack=False, buffer_m=300, workers=8 (adaptive)
  STAC fetch: 10001 assets pending (0 already checkpointed)
  [10/10001] (0%) ok=10 fail=0 workers=8
  [20/10001] (0%) ok=20 fail=0 workers=8
  [concurrency] workers=16 | throughput=0.2 tiles/s | fail_rate=0.0% | ↑ increase (throughput improving)
  [30/10001] (0%) ok=30 fail=0 workers=16
  [40/10001] (0%) ok=40 fail=0 workers=16
  [concurrency] workers=16 | throughput=0.5 tiles/s | fail_rate=0.0% | ↑ increase (throughput improving)
  [50/10001] (0%) ok=50 fail=0 workers=16
  [60/10001] (1%) ok=60 fail=0 workers=16
  [concurrency] workers=8 | throughput=0.4 tiles/s | fail_rate=0.0% | ↓ decrease (throughput degrading)
  [70/10001] (1%) ok=70 fail=0 workers=8
  [80/10001] (1%) ok=80 fail=0 workers=8
  [concurrency] workers=16 | throughput=0.6 tiles/s | fail_rate=0.0% | ↑ increase (throughput improving)
  [90/10001] (1%) ok=90 fail=0 workers=16
  [100/10001] (1%) ok=100 fail=0 workers=16
  [concurrency] workers=8 | throughput=0.6 tiles/s | fail_rate=0.0% | ↓ decrease (throughput degrading)
  [110/10001] (1%) ok=110 fail=0 workers=8
  [120/10001] (1%) ok=120 fail=0 workers=8
  [concurrency] workers=12 | throughput=0.6 tiles/s | fail_rate=0.0% | → nudge up
  [130/10001] (1%) ok=130 fail=0 workers=12
  [140/10001] (1%) ok=140 fail=0 workers=12
  [concurrency] workers=8 | throughput=0.5 tiles/s | fail_rate=0.0% | ↓ decrease (throughput degrading)
  [150/10001] (1%) ok=150 fail=0 workers=8
  [160/10001] (2%) ok=160 fail=0 workers=8
  [concurrency] workers=12 | throughput=0.6 tiles/s | fail_rate=0.0% | → nudge up
  [170/10001] (2%) ok=170 fail=0 workers=12
  [180/10001] (2%) ok=180 fail=0 workers=12
  [concurrency] workers=8 | throughput=0.5 tiles/s | fail_rate=0.0% | ↓ decrease (throughput degrading)
  [190/10001] (2%) ok=190 fail=0 workers=8
  [200/10001] (2%) ok=200 fail=0 workers=8
  [concurrency] workers=12 | throughput=0.5 tiles/s | fail_rate=0.0% | → nudge up
  checkpoint saved at 200 ok tiles
  [210/10001] (2%) ok=210 fail=0 workers=12
  [220/10001] (2%) ok=220 fail=0 workers=12
  [concurrency] workers=16 | throughput=0.6 tiles/s | fail_rate=0.0% | → nudge up
  [230/10001] (2%) ok=230 fail=0 workers=16
  [240/10001] (2%) ok=240 fail=0 workers=16
  [concurrency] workers=16 | throughput=0.6 tiles/s | fail_rate=0.0% | → nudge up
  [250/10001] (2%) ok=250 fail=0 workers=16
  [260/10001] (3%) ok=260 fail=0 workers=16
  [concurrency] workers=16 | throughput=0.6 tiles/s | fail_rate=0.0% | → nudge up
  [270/10001] (3%) ok=270 fail=0 workers=16
  [280/10001] (3%) ok=280 fail=0 workers=16
  [concurrency] workers=8 | throughput=0.5 tiles/s | fail_rate=0.0% | ↓ decrease (throughput degrading)
  [290/10001] (3%) ok=290 fail=0 workers=8
  [300/10001] (3%) ok=300 fail=0 workers=8
  [concurrency] workers=12 | throughput=0.6 tiles/s | fail_rate=0.0% | → nudge up
  [310/10001] (3%) ok=310 fail=0 workers=12
  [320/10001] (3%) ok=320 fail=0 workers=12
  [concurrency] workers=16 | throughput=0.6 tiles/s | fail_rate=0.0% | ↑ increase (throughput improving)
C:\Users\j.guthrie\Downloads\RESEARCH\infra_fm\curation\stac_imagery.py:240: RuntimeWarning: invalid value encountered in log10
  arr = np.where(arr > 0, 10 * np.log10(arr + 1e-10), vmin)
  [330/10001] (3%) ok=330 fail=0 workers=16
  [340/10001] (3%) ok=340 fail=0 workers=16
  [concurrency] workers=8 | throughput=0.6 tiles/s | fail_rate=0.0% | ↓ decrease (throughput degrading)
  [350/10001] (3%) ok=350 fail=0 workers=8
  [360/10001] (4%) ok=360 fail=0 workers=8
  [concurrency] workers=12 | throughput=0.5 tiles/s | fail_rate=0.0% | → nudge up
  [370/10001] (4%) ok=370 fail=0 workers=12
  [380/10001] (4%) ok=380 fail=0 workers=12
  [concurrency] workers=16 | throughput=0.5 tiles/s | fail_rate=0.0% | → nudge up
  [390/10001] (4%) ok=390 fail=0 workers=16
  [400/10001] (4%) ok=400 fail=0 workers=16
  [concurrency] workers=16 | throughput=0.6 tiles/s | fail_rate=0.0% | ↑ increase (throughput improving)
  checkpoint saved at 400 ok tiles
  [410/10001] (4%) ok=410 fail=0 workers=16
  [420/10001] (4%) ok=420 fail=0 workers=16
  [concurrency] workers=8 | throughput=0.6 tiles/s | fail_rate=0.0% | ↓ decrease (throughput degrading)
  [430/10001] (4%) ok=430 fail=0 workers=8
  [440/10001] (4%) ok=440 fail=0 workers=8
  [concurrency] workers=12 | throughput=0.6 tiles/s | fail_rate=0.0% | → nudge up
  [450/10001] (4%) ok=450 fail=0 workers=12
  [460/10001] (5%) ok=460 fail=0 workers=12
  [concurrency] workers=8 | throughput=0.5 tiles/s | fail_rate=0.0% | ↓ decrease (throughput degrading)
  [470/10001] (5%) ok=470 fail=0 workers=8
  [480/10001] (5%) ok=480 fail=0 workers=8
  [concurrency] workers=16 | throughput=0.6 tiles/s | fail_rate=0.0% | ↑ increase (throughput improving)
  [490/10001] (5%) ok=490 fail=0 workers=16
  [500/10001] (5%) ok=500 fail=0 workers=16
  [concurrency] workers=8 | throughput=0.5 tiles/s | fail_rate=0.0% | ↓ decrease (throughput degrading)
  [510/10001] (5%) ok=510 fail=0 workers=8
  [520/10001] (5%) ok=520 fail=0 workers=8
  [concurrency] workers=12 | throughput=0.5 tiles/s | fail_rate=0.0% | → nudge up
  [530/10001] (5%) ok=530 fail=0 workers=12
  [540/10001] (5%) ok=539 fail=1 workers=12
  [concurrency] workers=16 | throughput=0.6 tiles/s | fail_rate=5.0% | → nudge up
  [550/10001] (5%) ok=549 fail=1 workers=16
  [560/10001] (6%) ok=559 fail=1 workers=16
  [concurrency] workers=16 | throughput=0.6 tiles/s | fail_rate=0.0% | → nudge up
  [570/10001] (6%) ok=569 fail=1 workers=16
  [580/10001] (6%) ok=579 fail=1 workers=16
  [concurrency] workers=8 | throughput=0.5 tiles/s | fail_rate=0.0% | ↓ decrease (throughput degrading)
  [590/10001] (6%) ok=589 fail=1 workers=8
  [600/10001] (6%) ok=599 fail=1 workers=8
  [concurrency] workers=12 | throughput=0.6 tiles/s | fail_rate=0.0% | → nudge up
  checkpoint saved at 600 ok tiles
  [610/10001] (6%) ok=609 fail=1 workers=12
  [620/10001] (6%) ok=619 fail=1 workers=12
  [concurrency] workers=8 | throughput=0.5 tiles/s | fail_rate=0.0% | ↓ decrease (throughput degrading)
  [630/10001] (6%) ok=629 fail=1 workers=8
  [640/10001] (6%) ok=639 fail=1 workers=8
  [concurrency] workers=12 | throughput=0.6 tiles/s | fail_rate=0.0% | → nudge up
  [650/10001] (6%) ok=649 fail=1 workers=12
  [660/10001] (7%) ok=659 fail=1 workers=12
  [concurrency] workers=16 | throughput=0.5 tiles/s | fail_rate=0.0% | → nudge up
  [670/10001] (7%) ok=669 fail=1 workers=16
  [680/10001] (7%) ok=679 fail=1 workers=16
  [concurrency] workers=16 | throughput=0.6 tiles/s | fail_rate=0.0% | → nudge up
  [690/10001] (7%) ok=689 fail=1 workers=16
  [700/10001] (7%) ok=699 fail=1 workers=16
  [concurrency] workers=8 | throughput=0.5 tiles/s | fail_rate=0.0% | ↓ decrease (throughput degrading)
  [710/10001] (7%) ok=709 fail=1 workers=8
  [720/10001] (7%) ok=719 fail=1 workers=8
  [concurrency] workers=12 | throughput=0.5 tiles/s | fail_rate=0.0% | → nudge up
  [730/10001] (7%) ok=729 fail=1 workers=12
  [740/10001] (7%) ok=739 fail=1 workers=12
  [concurrency] workers=16 | throughput=0.6 tiles/s | fail_rate=0.0% | → nudge up
  [750/10001] (7%) ok=749 fail=1 workers=16
  [760/10001] (8%) ok=759 fail=1 workers=16
  [concurrency] workers=8 | throughput=0.5 tiles/s | fail_rate=0.0% | ↓ decrease (throughput degrading)
  [770/10001] (8%) ok=769 fail=1 workers=8
  [780/10001] (8%) ok=779 fail=1 workers=8
  [concurrency] workers=12 | throughput=0.6 tiles/s | fail_rate=0.0% | → nudge up
  [790/10001] (8%) ok=789 fail=1 workers=12
  [800/10001] (8%) ok=799 fail=1 workers=12
  [concurrency] workers=16 | throughput=0.6 tiles/s | fail_rate=0.0% | → nudge up
  checkpoint saved at 800 ok tiles
  [810/10001] (8%) ok=809 fail=1 workers=16
  [820/10001] (8%) ok=819 fail=1 workers=16
  [concurrency] workers=16 | throughput=0.6 tiles/s | fail_rate=0.0% | → nudge up
  [830/10001] (8%) ok=829 fail=1 workers=16
  [840/10001] (8%) ok=839 fail=1 workers=16
  [concurrency] workers=16 | throughput=0.5 tiles/s | fail_rate=0.0% | → nudge up
  [850/10001] (8%) ok=849 fail=1 workers=16
  [860/10001] (9%) ok=859 fail=1 workers=16
  [concurrency] workers=16 | throughput=0.6 tiles/s | fail_rate=0.0% | → nudge up
  [870/10001] (9%) ok=869 fail=1 workers=16
  [880/10001] (9%) ok=879 fail=1 workers=16
  [concurrency] workers=8 | throughput=0.5 tiles/s | fail_rate=0.0% | ↓ decrease (throughput degrading)
  [890/10001] (9%) ok=889 fail=1 workers=8
  [900/10001] (9%) ok=899 fail=1 workers=8
  [concurrency] workers=12 | throughput=0.5 tiles/s | fail_rate=0.0% | → nudge up
  [910/10001] (9%) ok=909 fail=1 workers=12
  [920/10001] (9%) ok=919 fail=1 workers=12
  [concurrency] workers=16 | throughput=0.7 tiles/s | fail_rate=0.0% | ↑ increase (throughput improving)
  [930/10001] (9%) ok=929 fail=1 workers=16
  [940/10001] (9%) ok=939 fail=1 workers=16
  [concurrency] workers=8 | throughput=0.6 tiles/s | fail_rate=0.0% | ↓ decrease (throughput degrading)
  [950/10001] (9%) ok=949 fail=1 workers=8
  [960/10001] (10%) ok=959 fail=1 workers=8
  [concurrency] workers=12 | throughput=0.6 tiles/s | fail_rate=0.0% | → nudge up
  [970/10001] (10%) ok=969 fail=1 workers=12
  [980/10001] (10%) ok=979 fail=1 workers=12
  [concurrency] workers=8 | throughput=0.4 tiles/s | fail_rate=0.0% | ↓ decrease (throughput degrading)
  [990/10001] (10%) ok=989 fail=1 workers=8
  [1000/10001] (10%) ok=999 fail=1 workers=8
  [concurrency] workers=12 | throughput=0.6 tiles/s | fail_rate=0.0% | → nudge up
  checkpoint saved at 1000 ok tiles
  [1010/10001] (10%) ok=1009 fail=1 workers=12
  [1020/10001] (10%) ok=1019 fail=1 workers=12
  [concurrency] workers=16 | throughput=0.6 tiles/s | fail_rate=0.0% | → nudge up
  [1030/10001] (10%) ok=1029 fail=1 workers=16
  [1040/10001] (10%) ok=1039 fail=1 workers=16
  [concurrency] workers=8 | throughput=0.5 tiles/s | fail_rate=0.0% | ↓ decrease (throughput degrading)
  [1050/10001] (10%) ok=1049 fail=1 workers=8
  [1060/10001] (11%) ok=1059 fail=1 workers=8
  [concurrency] workers=12 | throughput=0.6 tiles/s | fail_rate=0.0% | → nudge up
  [1070/10001] (11%) ok=1069 fail=1 workers=12
  [1080/10001] (11%) ok=1079 fail=1 workers=12
  [concurrency] workers=16 | throughput=0.6 tiles/s | fail_rate=0.0% | → nudge up
  [1090/10001] (11%) ok=1089 fail=1 workers=16
  [1100/10001] (11%) ok=1099 fail=1 workers=16
  [concurrency] workers=8 | throughput=0.5 tiles/s | fail_rate=0.0% | ↓ decrease (throughput degrading)
  [1110/10001] (11%) ok=1109 fail=1 workers=8
  [1120/10001] (11%) ok=1119 fail=1 workers=8
  [concurrency] workers=8 | throughput=0.4 tiles/s | fail_rate=0.0% | ↓ decrease (throughput degrading)
  [1130/10001] (11%) ok=1129 fail=1 workers=8
  [1140/10001] (11%) ok=1139 fail=1 workers=8
  [concurrency] workers=8 | throughput=0.3 tiles/s | fail_rate=0.0% | ↓ decrease (throughput degrading)
  [1150/10001] (11%) ok=1149 fail=1 workers=8
  [1160/10001] (12%) ok=1159 fail=1 workers=8
  [concurrency] workers=12 | throughput=0.6 tiles/s | fail_rate=0.0% | → nudge up
  [1170/10001] (12%) ok=1169 fail=1 workers=12
  [1180/10001] (12%) ok=1179 fail=1 workers=12
  [concurrency] workers=8 | throughput=0.5 tiles/s | fail_rate=0.0% | ↓ decrease (throughput degrading)
  [1190/10001] (12%) ok=1189 fail=1 workers=8
  [1200/10001] (12%) ok=1199 fail=1 workers=8
  [concurrency] workers=12 | throughput=0.6 tiles/s | fail_rate=0.0% | → nudge up
  checkpoint saved at 1200 ok tiles
  [1210/10001] (12%) ok=1209 fail=1 workers=12
  [1220/10001] (12%) ok=1219 fail=1 workers=12
  [concurrency] workers=8 | throughput=0.5 tiles/s | fail_rate=0.0% | ↓ decrease (throughput degrading)
  [1230/10001] (12%) ok=1229 fail=1 workers=8
  [1240/10001] (12%) ok=1239 fail=1 workers=8
  [concurrency] workers=12 | throughput=0.5 tiles/s | fail_rate=0.0% | → nudge up
  [1250/10001] (12%) ok=1249 fail=1 workers=12
  [1260/10001] (13%) ok=1259 fail=1 workers=12
  [concurrency] workers=16 | throughput=0.6 tiles/s | fail_rate=0.0% | → nudge up
  [1270/10001] (13%) ok=1269 fail=1 workers=16
  [1280/10001] (13%) ok=1279 fail=1 workers=16
  [concurrency] workers=16 | throughput=0.6 tiles/s | fail_rate=0.0% | → nudge up
  [1290/10001] (13%) ok=1289 fail=1 workers=16
  [1300/10001] (13%) ok=1299 fail=1 workers=16
  [concurrency] workers=16 | throughput=0.6 tiles/s | fail_rate=0.0% | → nudge up
  [1310/10001] (13%) ok=1309 fail=1 workers=16
  [1320/10001] (13%) ok=1319 fail=1 workers=16
  [concurrency] workers=8 | throughput=0.4 tiles/s | fail_rate=0.0% | ↓ decrease (throughput degrading)
  [1330/10001] (13%) ok=1329 fail=1 workers=8
  [1340/10001] (13%) ok=1339 fail=1 workers=8
  [concurrency] workers=16 | throughput=0.7 tiles/s | fail_rate=0.0% | ↑ increase (throughput improving)
  [1350/10001] (13%) ok=1349 fail=1 workers=16
  [1360/10001] (14%) ok=1359 fail=1 workers=16
  [concurrency] workers=8 | throughput=0.6 tiles/s | fail_rate=0.0% | ↓ decrease (throughput degrading)
  [1370/10001] (14%) ok=1369 fail=1 workers=8
  [1380/10001] (14%) ok=1379 fail=1 workers=8
  [concurrency] workers=8 | throughput=0.5 tiles/s | fail_rate=0.0% | ↓ decrease (throughput degrading)
  [1390/10001] (14%) ok=1389 fail=1 workers=8
  [1400/10001] (14%) ok=1399 fail=1 workers=8
  [concurrency] workers=8 | throughput=0.5 tiles/s | fail_rate=0.0% | ↓ decrease (throughput degrading)
  checkpoint saved at 1400 ok tiles
  [1410/10001] (14%) ok=1409 fail=1 workers=8
  [1420/10001] (14%) ok=1419 fail=1 workers=8
  [concurrency] workers=12 | throughput=0.6 tiles/s | fail_rate=0.0% | → nudge up
  [1430/10001] (14%) ok=1429 fail=1 workers=12
  [1440/10001] (14%) ok=1439 fail=1 workers=12
  [concurrency] workers=16 | throughput=0.6 tiles/s | fail_rate=0.0% | → nudge up
  [1450/10001] (14%) ok=1449 fail=1 workers=16
  [1460/10001] (15%) ok=1459 fail=1 workers=16
  [concurrency] workers=8 | throughput=0.5 tiles/s | fail_rate=0.0% | ↓ decrease (throughput degrading)
  [1470/10001] (15%) ok=1469 fail=1 workers=8
  [1480/10001] (15%) ok=1479 fail=1 workers=8
  [concurrency] workers=12 | throughput=0.5 tiles/s | fail_rate=0.0% | → nudge up
  [1490/10001] (15%) ok=1489 fail=1 workers=12
  [1500/10001] (15%) ok=1499 fail=1 workers=12
  [concurrency] workers=16 | throughput=0.5 tiles/s | fail_rate=0.0% | → nudge up
  [1510/10001] (15%) ok=1509 fail=1 workers=16
  [1520/10001] (15%) ok=1519 fail=1 workers=16
  [concurrency] workers=16 | throughput=0.6 tiles/s | fail_rate=0.0% | → nudge up
  [1530/10001] (15%) ok=1529 fail=1 workers=16
  [1540/10001] (15%) ok=1539 fail=1 workers=16
  [concurrency] workers=16 | throughput=0.6 tiles/s | fail_rate=0.0% | → nudge up
  [1550/10001] (15%) ok=1549 fail=1 workers=16
  [1560/10001] (16%) ok=1559 fail=1 workers=16
  [concurrency] workers=8 | throughput=0.5 tiles/s | fail_rate=0.0% | ↓ decrease (throughput degrading)
  [1570/10001] (16%) ok=1569 fail=1 workers=8
  [1580/10001] (16%) ok=1579 fail=1 workers=8
  [concurrency] workers=12 | throughput=0.5 tiles/s | fail_rate=0.0% | → nudge up
  [1590/10001] (16%) ok=1589 fail=1 workers=12
  [1600/10001] (16%) ok=1599 fail=1 workers=12
  [concurrency] workers=16 | throughput=0.6 tiles/s | fail_rate=0.0% | → nudge up
  checkpoint saved at 1600 ok tiles
  [1610/10001] (16%) ok=1609 fail=1 workers=16
  [1620/10001] (16%) ok=1619 fail=1 workers=16
  [concurrency] workers=16 | throughput=0.6 tiles/s | fail_rate=0.0% | → nudge up
  [1630/10001] (16%) ok=1629 fail=1 workers=16
  [1640/10001] (16%) ok=1639 fail=1 workers=16
  [concurrency] workers=16 | throughput=0.7 tiles/s | fail_rate=0.0% | → nudge up
  [1650/10001] (16%) ok=1649 fail=1 workers=16
  [1660/10001] (17%) ok=1659 fail=1 workers=16
  [concurrency] workers=8 | throughput=0.4 tiles/s | fail_rate=0.0% | ↓ decrease (throughput degrading)
  [1670/10001] (17%) ok=1669 fail=1 workers=8
  [1680/10001] (17%) ok=1679 fail=1 workers=8
  [concurrency] workers=12 | throughput=0.6 tiles/s | fail_rate=0.0% | → nudge up
  [1690/10001] (17%) ok=1689 fail=1 workers=12
  [1700/10001] (17%) ok=1699 fail=1 workers=12
  [concurrency] workers=16 | throughput=0.6 tiles/s | fail_rate=0.0% | → nudge up
  [1710/10001] (17%) ok=1709 fail=1 workers=16
  [1720/10001] (17%) ok=1719 fail=1 workers=16
  [concurrency] workers=16 | throughput=0.6 tiles/s | fail_rate=0.0% | → nudge up
  [1730/10001] (17%) ok=1729 fail=1 workers=16
  [1740/10001] (17%) ok=1739 fail=1 workers=16
  [concurrency] workers=8 | throughput=0.5 tiles/s | fail_rate=0.0% | ↓ decrease (throughput degrading)
  [1750/10001] (17%) ok=1749 fail=1 workers=8
  [1760/10001] (18%) ok=1759 fail=1 workers=8
  [concurrency] workers=12 | throughput=0.6 tiles/s | fail_rate=0.0% | → nudge up
  [1770/10001] (18%) ok=1769 fail=1 workers=12
  [1780/10001] (18%) ok=1779 fail=1 workers=12
  [concurrency] workers=16 | throughput=0.6 tiles/s | fail_rate=0.0% | → nudge up
  [1790/10001] (18%) ok=1789 fail=1 workers=16
  [1800/10001] (18%) ok=1799 fail=1 workers=16
  [concurrency] workers=16 | throughput=0.5 tiles/s | fail_rate=0.0% | → nudge up
  checkpoint saved at 1800 ok tiles
  [1810/10001] (18%) ok=1809 fail=1 workers=16
  [1820/10001] (18%) ok=1819 fail=1 workers=16
  [concurrency] workers=16 | throughput=0.5 tiles/s | fail_rate=0.0% | → nudge up
  [1830/10001] (18%) ok=1828 fail=2 workers=16
  [1840/10001] (18%) ok=1838 fail=2 workers=16
  [concurrency] workers=16 | throughput=0.5 tiles/s | fail_rate=5.0% | → nudge up
  [1850/10001] (18%) ok=1848 fail=2 workers=16
  [1860/10001] (19%) ok=1858 fail=2 workers=16
  [concurrency] workers=16 | throughput=0.6 tiles/s | fail_rate=0.0% | → nudge up
  [1870/10001] (19%) ok=1868 fail=2 workers=16
  [1880/10001] (19%) ok=1878 fail=2 workers=16
  [concurrency] workers=16 | throughput=0.6 tiles/s | fail_rate=0.0% | → nudge up
  [1890/10001] (19%) ok=1888 fail=2 workers=16
  [1900/10001] (19%) ok=1898 fail=2 workers=16
  [concurrency] workers=8 | throughput=0.5 tiles/s | fail_rate=0.0% | ↓ decrease (throughput degrading)
  [1910/10001] (19%) ok=1908 fail=2 workers=8
  [1920/10001] (19%) ok=1918 fail=2 workers=8
  [concurrency] workers=12 | throughput=0.6 tiles/s | fail_rate=0.0% | → nudge up
  [1930/10001] (19%) ok=1928 fail=2 workers=12
  [1940/10001] (19%) ok=1938 fail=2 workers=12
  [concurrency] workers=8 | throughput=0.5 tiles/s | fail_rate=0.0% | ↓ decrease (throughput degrading)
  [1950/10001] (19%) ok=1948 fail=2 workers=8
  [1960/10001] (20%) ok=1958 fail=2 workers=8
  [concurrency] workers=12 | throughput=0.6 tiles/s | fail_rate=0.0% | → nudge up
  [1970/10001] (20%) ok=1968 fail=2 workers=12
  [1980/10001] (20%) ok=1978 fail=2 workers=12
  [concurrency] workers=8 | throughput=0.5 tiles/s | fail_rate=0.0% | ↓ decrease (throughput degrading)
  [1990/10001] (20%) ok=1988 fail=2 workers=8
  [2000/10001] (20%) ok=1998 fail=2 workers=8
  [concurrency] workers=12 | throughput=0.6 tiles/s | fail_rate=0.0% | → nudge up
  checkpoint saved at 2000 ok tiles
  [2010/10001] (20%) ok=2008 fail=2 workers=12
  [2020/10001] (20%) ok=2017 fail=3 workers=12
  [concurrency] workers=8 | throughput=0.5 tiles/s | fail_rate=5.0% | ↓ decrease (throughput degrading)
  [2030/10001] (20%) ok=2027 fail=3 workers=8
  [2040/10001] (20%) ok=2037 fail=3 workers=8
  [concurrency] workers=12 | throughput=0.6 tiles/s | fail_rate=0.0% | → nudge up
  [2050/10001] (20%) ok=2047 fail=3 workers=12
  [2060/10001] (21%) ok=2057 fail=3 workers=12
  [concurrency] workers=8 | throughput=0.5 tiles/s | fail_rate=0.0% | ↓ decrease (throughput degrading)
  [2070/10001] (21%) ok=2067 fail=3 workers=8
  [2080/10001] (21%) ok=2077 fail=3 workers=8
  [concurrency] workers=12 | throughput=0.5 tiles/s | fail_rate=0.0% | → nudge up
  [2090/10001] (21%) ok=2087 fail=3 workers=12
  [2100/10001] (21%) ok=2097 fail=3 workers=12
  [concurrency] workers=16 | throughput=0.6 tiles/s | fail_rate=0.0% | → nudge up
  [2110/10001] (21%) ok=2107 fail=3 workers=16
  [2120/10001] (21%) ok=2117 fail=3 workers=16
  [concurrency] workers=8 | throughput=0.5 tiles/s | fail_rate=0.0% | ↓ decrease (throughput degrading)
  [2130/10001] (21%) ok=2127 fail=3 workers=8
  [2140/10001] (21%) ok=2137 fail=3 workers=8
  [concurrency] workers=12 | throughput=0.5 tiles/s | fail_rate=0.0% | → nudge up
  [2150/10001] (21%) ok=2147 fail=3 workers=12
  [2160/10001] (22%) ok=2157 fail=3 workers=12
  [concurrency] workers=16 | throughput=0.6 tiles/s | fail_rate=0.0% | → nudge up
  [2170/10001] (22%) ok=2167 fail=3 workers=16
  [2180/10001] (22%) ok=2177 fail=3 workers=16
  [concurrency] workers=16 | throughput=0.6 tiles/s | fail_rate=0.0% | → nudge up
  [2190/10001] (22%) ok=2187 fail=3 workers=16
  [2200/10001] (22%) ok=2197 fail=3 workers=16
  [concurrency] workers=16 | throughput=0.5 tiles/s | fail_rate=0.0% | → nudge up
  checkpoint saved at 2200 ok tiles
  [2210/10001] (22%) ok=2207 fail=3 workers=16
  [2220/10001] (22%) ok=2217 fail=3 workers=16
  [concurrency] workers=16 | throughput=0.5 tiles/s | fail_rate=0.0% | → nudge up
  [2230/10001] (22%) ok=2227 fail=3 workers=16
  [2240/10001] (22%) ok=2237 fail=3 workers=16
  [concurrency] workers=16 | throughput=0.6 tiles/s | fail_rate=0.0% | → nudge up
  [2250/10001] (22%) ok=2247 fail=3 workers=16
  [2260/10001] (23%) ok=2257 fail=3 workers=16
  [concurrency] workers=16 | throughput=0.6 tiles/s | fail_rate=0.0% | → nudge up
  [2270/10001] (23%) ok=2267 fail=3 workers=16
  [2280/10001] (23%) ok=2277 fail=3 workers=16
  [concurrency] workers=8 | throughput=0.5 tiles/s | fail_rate=0.0% | ↓ decrease (throughput degrading)
  [2290/10001] (23%) ok=2287 fail=3 workers=8
  [2300/10001] (23%) ok=2297 fail=3 workers=8
  [concurrency] workers=12 | throughput=0.5 tiles/s | fail_rate=0.0% | → nudge up
  [2310/10001] (23%) ok=2307 fail=3 workers=12
  [2320/10001] (23%) ok=2317 fail=3 workers=12
  [concurrency] workers=16 | throughput=0.6 tiles/s | fail_rate=0.0% | → nudge up
  [2330/10001] (23%) ok=2327 fail=3 workers=16
  [2340/10001] (23%) ok=2337 fail=3 workers=16
  [concurrency] workers=8 | throughput=0.6 tiles/s | fail_rate=0.0% | ↓ decrease (throughput degrading)
  [2350/10001] (23%) ok=2347 fail=3 workers=8
  [2360/10001] (24%) ok=2357 fail=3 workers=8
  [concurrency] workers=12 | throughput=0.5 tiles/s | fail_rate=0.0% | → nudge up
  [2370/10001] (24%) ok=2367 fail=3 workers=12
  [2380/10001] (24%) ok=2377 fail=3 workers=12
  [concurrency] workers=16 | throughput=0.5 tiles/s | fail_rate=0.0% | → nudge up
  [2390/10001] (24%) ok=2387 fail=3 workers=16
  [2400/10001] (24%) ok=2397 fail=3 workers=16
  [concurrency] workers=16 | throughput=0.6 tiles/s | fail_rate=0.0% | → nudge up
  checkpoint saved at 2400 ok tiles
  [2410/10001] (24%) ok=2407 fail=3 workers=16
  [2420/10001] (24%) ok=2417 fail=3 workers=16
  [concurrency] workers=16 | throughput=0.6 tiles/s | fail_rate=0.0% | → nudge up
  [2430/10001] (24%) ok=2427 fail=3 workers=16
  [2440/10001] (24%) ok=2437 fail=3 workers=16
  [concurrency] workers=8 | throughput=0.5 tiles/s | fail_rate=0.0% | ↓ decrease (throughput degrading)
  [2450/10001] (24%) ok=2447 fail=3 workers=8
  [2460/10001] (25%) ok=2457 fail=3 workers=8
  [concurrency] workers=8 | throughput=0.5 tiles/s | fail_rate=0.0% | ↓ decrease (throughput degrading)
  [2470/10001] (25%) ok=2467 fail=3 workers=8
  [2480/10001] (25%) ok=2477 fail=3 workers=8
  [concurrency] workers=12 | throughput=0.7 tiles/s | fail_rate=0.0% | → nudge up
  [2490/10001] (25%) ok=2487 fail=3 workers=12
  [2500/10001] (25%) ok=2497 fail=3 workers=12
  [concurrency] workers=8 | throughput=0.6 tiles/s | fail_rate=0.0% | ↓ decrease (throughput degrading)
  [2510/10001] (25%) ok=2507 fail=3 workers=8
  [2520/10001] (25%) ok=2517 fail=3 workers=8
  [concurrency] workers=12 | throughput=0.6 tiles/s | fail_rate=0.0% | → nudge up
  [2530/10001] (25%) ok=2527 fail=3 workers=12
  [2540/10001] (25%) ok=2537 fail=3 workers=12
  [concurrency] workers=16 | throughput=0.5 tiles/s | fail_rate=0.0% | → nudge up
  [2550/10001] (25%) ok=2547 fail=3 workers=16
  [2560/10001] (26%) ok=2557 fail=3 workers=16
  [concurrency] workers=16 | throughput=0.6 tiles/s | fail_rate=0.0% | → nudge up
  [2570/10001] (26%) ok=2567 fail=3 workers=16
  [2580/10001] (26%) ok=2577 fail=3 workers=16
  [concurrency] workers=8 | throughput=0.4 tiles/s | fail_rate=0.0% | ↓ decrease (throughput degrading)
  [2590/10001] (26%) ok=2587 fail=3 workers=8
  [2600/10001] (26%) ok=2597 fail=3 workers=8
  [concurrency] workers=12 | throughput=0.4 tiles/s | fail_rate=0.0% | → nudge up
  checkpoint saved at 2600 ok tiles
  [2610/10001] (26%) ok=2607 fail=3 workers=12
  [2620/10001] (26%) ok=2617 fail=3 workers=12
  [concurrency] workers=16 | throughput=0.5 tiles/s | fail_rate=0.0% | → nudge up
  [2630/10001] (26%) ok=2627 fail=3 workers=16
  [2640/10001] (26%) ok=2637 fail=3 workers=16
  [concurrency] workers=16 | throughput=0.6 tiles/s | fail_rate=0.0% | → nudge up
  [2650/10001] (26%) ok=2647 fail=3 workers=16
  [2660/10001] (27%) ok=2657 fail=3 workers=16
  [concurrency] workers=16 | throughput=0.6 tiles/s | fail_rate=0.0% | → nudge up
  [2670/10001] (27%) ok=2666 fail=4 workers=16
  [2680/10001] (27%) ok=2676 fail=4 workers=16
  [concurrency] workers=16 | throughput=0.6 tiles/s | fail_rate=5.0% | → nudge up
  [2690/10001] (27%) ok=2686 fail=4 workers=16
  [2700/10001] (27%) ok=2696 fail=4 workers=16
  [concurrency] workers=8 | throughput=0.4 tiles/s | fail_rate=0.0% | ↓ decrease (throughput degrading)
  [2710/10001] (27%) ok=2706 fail=4 workers=8
  [2720/10001] (27%) ok=2716 fail=4 workers=8
  [concurrency] workers=12 | throughput=0.5 tiles/s | fail_rate=0.0% | → nudge up
  [2730/10001] (27%) ok=2726 fail=4 workers=12
  [2740/10001] (27%) ok=2736 fail=4 workers=12
  [concurrency] workers=16 | throughput=0.6 tiles/s | fail_rate=0.0% | → nudge up
  [2750/10001] (27%) ok=2746 fail=4 workers=16
  [2760/10001] (28%) ok=2756 fail=4 workers=16
  [concurrency] workers=16 | throughput=0.6 tiles/s | fail_rate=0.0% | → nudge up
  [2770/10001] (28%) ok=2766 fail=4 workers=16
  [2780/10001] (28%) ok=2776 fail=4 workers=16
  [concurrency] workers=8 | throughput=0.5 tiles/s | fail_rate=0.0% | ↓ decrease (throughput degrading)
  [2790/10001] (28%) ok=2786 fail=4 workers=8
  [2800/10001] (28%) ok=2796 fail=4 workers=8
  [concurrency] workers=12 | throughput=0.5 tiles/s | fail_rate=0.0% | → nudge up
  checkpoint saved at 2800 ok tiles
  [2810/10001] (28%) ok=2806 fail=4 workers=12
  [2820/10001] (28%) ok=2816 fail=4 workers=12
  [concurrency] workers=16 | throughput=0.6 tiles/s | fail_rate=0.0% | → nudge up
  [2830/10001] (28%) ok=2826 fail=4 workers=16
  [2840/10001] (28%) ok=2836 fail=4 workers=16
  [concurrency] workers=16 | throughput=0.6 tiles/s | fail_rate=0.0% | → nudge up
  [2850/10001] (28%) ok=2846 fail=4 workers=16
  [2860/10001] (29%) ok=2856 fail=4 workers=16
  [concurrency] workers=16 | throughput=0.6 tiles/s | fail_rate=0.0% | → nudge up
  [2870/10001] (29%) ok=2866 fail=4 workers=16
  [2880/10001] (29%) ok=2876 fail=4 workers=16
  [concurrency] workers=8 | throughput=0.5 tiles/s | fail_rate=0.0% | ↓ decrease (throughput degrading)
  [2890/10001] (29%) ok=2886 fail=4 workers=8
  [2900/10001] (29%) ok=2896 fail=4 workers=8
  [concurrency] workers=12 | throughput=0.6 tiles/s | fail_rate=0.0% | → nudge up
  [2910/10001] (29%) ok=2906 fail=4 workers=12
  [2920/10001] (29%) ok=2916 fail=4 workers=12
  [concurrency] workers=16 | throughput=0.6 tiles/s | fail_rate=0.0% | → nudge up
  [2930/10001] (29%) ok=2926 fail=4 workers=16
  [2940/10001] (29%) ok=2936 fail=4 workers=16
  [concurrency] workers=16 | throughput=0.6 tiles/s | fail_rate=0.0% | → nudge up
  [2950/10001] (29%) ok=2946 fail=4 workers=16
  [2960/10001] (30%) ok=2956 fail=4 workers=16
  [concurrency] workers=8 | throughput=0.4 tiles/s | fail_rate=0.0% | ↓ decrease (throughput degrading)
  [2970/10001] (30%) ok=2966 fail=4 workers=8
  [2980/10001] (30%) ok=2976 fail=4 workers=8
  [concurrency] workers=12 | throughput=0.6 tiles/s | fail_rate=0.0% | → nudge up
  [2990/10001] (30%) ok=2986 fail=4 workers=12
  [3000/10001] (30%) ok=2996 fail=4 workers=12
  [concurrency] workers=16 | throughput=0.6 tiles/s | fail_rate=0.0% | → nudge up
  checkpoint saved at 3000 ok tiles
  [3010/10001] (30%) ok=3006 fail=4 workers=16
  [3020/10001] (30%) ok=3016 fail=4 workers=16
  [concurrency] workers=16 | throughput=0.6 tiles/s | fail_rate=0.0% | → nudge up
  [3030/10001] (30%) ok=3026 fail=4 workers=16
  [3040/10001] (30%) ok=3036 fail=4 workers=16
  [concurrency] workers=16 | throughput=0.5 tiles/s | fail_rate=0.0% | → nudge up
  [3050/10001] (30%) ok=3046 fail=4 workers=16
  [3060/10001] (31%) ok=3056 fail=4 workers=16
  [concurrency] workers=16 | throughput=0.5 tiles/s | fail_rate=0.0% | → nudge up
  [3070/10001] (31%) ok=3066 fail=4 workers=16
  [3080/10001] (31%) ok=3076 fail=4 workers=16
  [concurrency] workers=16 | throughput=0.6 tiles/s | fail_rate=0.0% | → nudge up
  [3090/10001] (31%) ok=3086 fail=4 workers=16
  [3100/10001] (31%) ok=3096 fail=4 workers=16
  [concurrency] workers=16 | throughput=0.5 tiles/s | fail_rate=0.0% | → nudge up
  [3110/10001] (31%) ok=3106 fail=4 workers=16
  [3120/10001] (31%) ok=3116 fail=4 workers=16
  [concurrency] workers=16 | throughput=0.6 tiles/s | fail_rate=0.0% | → nudge up
  [3130/10001] (31%) ok=3126 fail=4 workers=16
  [3140/10001] (31%) ok=3136 fail=4 workers=16
  [concurrency] workers=16 | throughput=0.5 tiles/s | fail_rate=0.0% | → nudge up
  [3150/10001] (31%) ok=3146 fail=4 workers=16
  [3160/10001] (32%) ok=3156 fail=4 workers=16
  [concurrency] workers=16 | throughput=0.6 tiles/s | fail_rate=0.0% | → nudge up
  [3170/10001] (32%) ok=3166 fail=4 workers=16
  [3180/10001] (32%) ok=3176 fail=4 workers=16
  [concurrency] workers=16 | throughput=0.6 tiles/s | fail_rate=0.0% | → nudge up
  [3190/10001] (32%) ok=3186 fail=4 workers=16
  [3200/10001] (32%) ok=3196 fail=4 workers=16
  [concurrency] workers=16 | throughput=0.5 tiles/s | fail_rate=0.0% | → nudge up
  checkpoint saved at 3200 ok tiles
  [3210/10001] (32%) ok=3206 fail=4 workers=16
  [3220/10001] (32%) ok=3216 fail=4 workers=16
  [concurrency] workers=16 | throughput=0.6 tiles/s | fail_rate=0.0% | → nudge up
  [3230/10001] (32%) ok=3226 fail=4 workers=16
  [3240/10001] (32%) ok=3236 fail=4 workers=16
  [concurrency] workers=16 | throughput=0.5 tiles/s | fail_rate=0.0% | → nudge up
  [3250/10001] (32%) ok=3246 fail=4 workers=16
  [3260/10001] (33%) ok=3256 fail=4 workers=16
  [concurrency] workers=16 | throughput=0.5 tiles/s | fail_rate=0.0% | → nudge up
  [3270/10001] (33%) ok=3266 fail=4 workers=16
  [3280/10001] (33%) ok=3276 fail=4 workers=16
  [concurrency] workers=16 | throughput=0.6 tiles/s | fail_rate=0.0% | → nudge up
  [3290/10001] (33%) ok=3286 fail=4 workers=16
  [3300/10001] (33%) ok=3296 fail=4 workers=16
  [concurrency] workers=16 | throughput=0.6 tiles/s | fail_rate=0.0% | → nudge up
  [3310/10001] (33%) ok=3306 fail=4 workers=16
  [3320/10001] (33%) ok=3316 fail=4 workers=16
  [concurrency] workers=8 | throughput=0.5 tiles/s | fail_rate=0.0% | ↓ decrease (throughput degrading)
  [3330/10001] (33%) ok=3326 fail=4 workers=8
  [3340/10001] (33%) ok=3336 fail=4 workers=8
  [concurrency] workers=12 | throughput=0.6 tiles/s | fail_rate=0.0% | → nudge up
  [3350/10001] (33%) ok=3346 fail=4 workers=12
  [3360/10001] (34%) ok=3356 fail=4 workers=12
  [concurrency] workers=16 | throughput=0.6 tiles/s | fail_rate=0.0% | → nudge up
  [3370/10001] (34%) ok=3366 fail=4 workers=16
  [3380/10001] (34%) ok=3376 fail=4 workers=16
  [concurrency] workers=16 | throughput=0.5 tiles/s | fail_rate=0.0% | → nudge up
  [3390/10001] (34%) ok=3386 fail=4 workers=16
  [3400/10001] (34%) ok=3396 fail=4 workers=16
  [concurrency] workers=16 | throughput=0.6 tiles/s | fail_rate=0.0% | → nudge up
  checkpoint saved at 3400 ok tiles
  [3410/10001] (34%) ok=3406 fail=4 workers=16
  [3420/10001] (34%) ok=3416 fail=4 workers=16
  [concurrency] workers=16 | throughput=0.6 tiles/s | fail_rate=0.0% | → nudge up
  [3430/10001] (34%) ok=3426 fail=4 workers=16
  [3440/10001] (34%) ok=3436 fail=4 workers=16
  [concurrency] workers=16 | throughput=0.6 tiles/s | fail_rate=0.0% | → nudge up
  [3450/10001] (34%) ok=3446 fail=4 workers=16
  [3460/10001] (35%) ok=3456 fail=4 workers=16
  [concurrency] workers=8 | throughput=0.5 tiles/s | fail_rate=0.0% | ↓ decrease (throughput degrading)
  [3470/10001] (35%) ok=3466 fail=4 workers=8
  [3480/10001] (35%) ok=3476 fail=4 workers=8
  [concurrency] workers=12 | throughput=0.6 tiles/s | fail_rate=0.0% | → nudge up
  [3490/10001] (35%) ok=3486 fail=4 workers=12
  [3500/10001] (35%) ok=3496 fail=4 workers=12
  [concurrency] workers=16 | throughput=0.5 tiles/s | fail_rate=0.0% | → nudge up
  [3510/10001] (35%) ok=3506 fail=4 workers=16
  [3520/10001] (35%) ok=3516 fail=4 workers=16
  [concurrency] workers=16 | throughput=0.7 tiles/s | fail_rate=0.0% | → nudge up
  [3530/10001] (35%) ok=3526 fail=4 workers=16
  [3540/10001] (35%) ok=3536 fail=4 workers=16
  [concurrency] workers=8 | throughput=0.5 tiles/s | fail_rate=0.0% | ↓ decrease (throughput degrading)
  [3550/10001] (35%) ok=3546 fail=4 workers=8
  [3560/10001] (36%) ok=3556 fail=4 workers=8
  [concurrency] workers=12 | throughput=0.5 tiles/s | fail_rate=0.0% | → nudge up
  [3570/10001] (36%) ok=3566 fail=4 workers=12
  [3580/10001] (36%) ok=3576 fail=4 workers=12
  [concurrency] workers=16 | throughput=0.5 tiles/s | fail_rate=0.0% | → nudge up
  [3590/10001] (36%) ok=3586 fail=4 workers=16
  [3600/10001] (36%) ok=3596 fail=4 workers=16
  [concurrency] workers=16 | throughput=0.6 tiles/s | fail_rate=0.0% | → nudge up
  checkpoint saved at 3600 ok tiles
  [3610/10001] (36%) ok=3606 fail=4 workers=16
  [3620/10001] (36%) ok=3616 fail=4 workers=16
  [concurrency] workers=16 | throughput=0.6 tiles/s | fail_rate=0.0% | → nudge up
  [3630/10001] (36%) ok=3626 fail=4 workers=16
  [3640/10001] (36%) ok=3636 fail=4 workers=16
  [concurrency] workers=8 | throughput=0.5 tiles/s | fail_rate=0.0% | ↓ decrease (throughput degrading)
  [3650/10001] (36%) ok=3646 fail=4 workers=8
  [3660/10001] (37%) ok=3656 fail=4 workers=8
  [concurrency] workers=12 | throughput=0.6 tiles/s | fail_rate=0.0% | → nudge up
  [3670/10001] (37%) ok=3666 fail=4 workers=12
  [3680/10001] (37%) ok=3676 fail=4 workers=12
  [concurrency] workers=8 | throughput=0.5 tiles/s | fail_rate=0.0% | ↓ decrease (throughput degrading)
  [3690/10001] (37%) ok=3686 fail=4 workers=8
  [3700/10001] (37%) ok=3696 fail=4 workers=8
  [concurrency] workers=12 | throughput=0.6 tiles/s | fail_rate=0.0% | → nudge up
  [3710/10001] (37%) ok=3706 fail=4 workers=12
  [3720/10001] (37%) ok=3716 fail=4 workers=12
  [concurrency] workers=16 | throughput=0.5 tiles/s | fail_rate=0.0% | → nudge up
  [3730/10001] (37%) ok=3726 fail=4 workers=16
  [3740/10001] (37%) ok=3736 fail=4 workers=16
  [concurrency] workers=16 | throughput=0.7 tiles/s | fail_rate=0.0% | → nudge up
  [3750/10001] (37%) ok=3746 fail=4 workers=16
  [3760/10001] (38%) ok=3756 fail=4 workers=16
  [concurrency] workers=8 | throughput=0.6 tiles/s | fail_rate=0.0% | ↓ decrease (throughput degrading)
  [3770/10001] (38%) ok=3766 fail=4 workers=8
  [3780/10001] (38%) ok=3776 fail=4 workers=8
  [concurrency] workers=12 | throughput=0.5 tiles/s | fail_rate=0.0% | → nudge up
  [3790/10001] (38%) ok=3786 fail=4 workers=12
  [3800/10001] (38%) ok=3796 fail=4 workers=12
  [concurrency] workers=16 | throughput=0.5 tiles/s | fail_rate=0.0% | → nudge up
  checkpoint saved at 3800 ok tiles
  [3810/10001] (38%) ok=3806 fail=4 workers=16
  [3820/10001] (38%) ok=3816 fail=4 workers=16
  [concurrency] workers=16 | throughput=0.5 tiles/s | fail_rate=0.0% | → nudge up
  [3830/10001] (38%) ok=3826 fail=4 workers=16
  [3840/10001] (38%) ok=3836 fail=4 workers=16
  [concurrency] workers=16 | throughput=0.6 tiles/s | fail_rate=0.0% | → nudge up
  [3850/10001] (38%) ok=3846 fail=4 workers=16
  [3860/10001] (39%) ok=3856 fail=4 workers=16
  [concurrency] workers=16 | throughput=0.6 tiles/s | fail_rate=0.0% | → nudge up
  [3870/10001] (39%) ok=3866 fail=4 workers=16
  [3880/10001] (39%) ok=3876 fail=4 workers=16
  [concurrency] workers=16 | throughput=0.5 tiles/s | fail_rate=0.0% | → nudge up
  [3890/10001] (39%) ok=3886 fail=4 workers=16
  [3900/10001] (39%) ok=3896 fail=4 workers=16
  [concurrency] workers=16 | throughput=0.5 tiles/s | fail_rate=0.0% | → nudge up
  [3910/10001] (39%) ok=3906 fail=4 workers=16
  [3920/10001] (39%) ok=3916 fail=4 workers=16
  [concurrency] workers=16 | throughput=0.6 tiles/s | fail_rate=0.0% | → nudge up
  [3930/10001] (39%) ok=3926 fail=4 workers=16
  [3940/10001] (39%) ok=3936 fail=4 workers=16
  [concurrency] workers=8 | throughput=0.5 tiles/s | fail_rate=0.0% | ↓ decrease (throughput degrading)
  [3950/10001] (39%) ok=3946 fail=4 workers=8
  [3960/10001] (40%) ok=3956 fail=4 workers=8
  [concurrency] workers=12 | throughput=0.6 tiles/s | fail_rate=0.0% | → nudge up
  [3970/10001] (40%) ok=3966 fail=4 workers=12
  [3980/10001] (40%) ok=3976 fail=4 workers=12
  [concurrency] workers=8 | throughput=0.5 tiles/s | fail_rate=0.0% | ↓ decrease (throughput degrading)
  [3990/10001] (40%) ok=3986 fail=4 workers=8
  [4000/10001] (40%) ok=3996 fail=4 workers=8
  [concurrency] workers=12 | throughput=0.6 tiles/s | fail_rate=0.0% | → nudge up
  checkpoint saved at 4000 ok tiles
  [4010/10001] (40%) ok=4006 fail=4 workers=12
  [4020/10001] (40%) ok=4016 fail=4 workers=12
  [concurrency] workers=16 | throughput=0.5 tiles/s | fail_rate=0.0% | → nudge up
  [4030/10001] (40%) ok=4026 fail=4 workers=16
  [4040/10001] (40%) ok=4036 fail=4 workers=16
  [concurrency] workers=8 | throughput=0.4 tiles/s | fail_rate=0.0% | ↓ decrease (throughput degrading)
  [4050/10001] (40%) ok=4046 fail=4 workers=8
  [4060/10001] (41%) ok=4056 fail=4 workers=8
  [concurrency] workers=12 | throughput=0.4 tiles/s | fail_rate=0.0% | → nudge up
  [4070/10001] (41%) ok=4066 fail=4 workers=12
  [4080/10001] (41%) ok=4076 fail=4 workers=12
  [concurrency] workers=16 | throughput=0.5 tiles/s | fail_rate=0.0% | → nudge up
  [4090/10001] (41%) ok=4086 fail=4 workers=16
  [4100/10001] (41%) ok=4096 fail=4 workers=16
  [concurrency] workers=16 | throughput=0.4 tiles/s | fail_rate=0.0% | → nudge up
  [4110/10001] (41%) ok=4106 fail=4 workers=16
  [4120/10001] (41%) ok=4116 fail=4 workers=16
  [concurrency] workers=16 | throughput=0.7 tiles/s | fail_rate=0.0% | → nudge up
  [4130/10001] (41%) ok=4126 fail=4 workers=16
  [4140/10001] (41%) ok=4136 fail=4 workers=16
  [concurrency] workers=8 | throughput=0.6 tiles/s | fail_rate=0.0% | ↓ decrease (throughput degrading)
  [4150/10001] (41%) ok=4146 fail=4 workers=8
  [4160/10001] (42%) ok=4156 fail=4 workers=8
  [concurrency] workers=8 | throughput=0.5 tiles/s | fail_rate=0.0% | ↓ decrease (throughput degrading)
  [4170/10001] (42%) ok=4166 fail=4 workers=8
  [4180/10001] (42%) ok=4176 fail=4 workers=8
  [concurrency] workers=12 | throughput=0.5 tiles/s | fail_rate=0.0% | → nudge up
  [4190/10001] (42%) ok=4186 fail=4 workers=12
  [4200/10001] (42%) ok=4196 fail=4 workers=12
  [concurrency] workers=16 | throughput=0.6 tiles/s | fail_rate=0.0% | → nudge up
  checkpoint saved at 4200 ok tiles
  [4210/10001] (42%) ok=4206 fail=4 workers=16
  [4220/10001] (42%) ok=4216 fail=4 workers=16
  [concurrency] workers=16 | throughput=0.6 tiles/s | fail_rate=0.0% | → nudge up
  [4230/10001] (42%) ok=4226 fail=4 workers=16
  [4240/10001] (42%) ok=4236 fail=4 workers=16
  [concurrency] workers=8 | throughput=0.5 tiles/s | fail_rate=0.0% | ↓ decrease (throughput degrading)
  [4250/10001] (42%) ok=4246 fail=4 workers=8
  [4260/10001] (43%) ok=4256 fail=4 workers=8
  [concurrency] workers=12 | throughput=0.5 tiles/s | fail_rate=0.0% | → nudge up
  [4270/10001] (43%) ok=4266 fail=4 workers=12
  [4280/10001] (43%) ok=4276 fail=4 workers=12
  [concurrency] workers=16 | throughput=0.6 tiles/s | fail_rate=0.0% | → nudge up
  [4290/10001] (43%) ok=4286 fail=4 workers=16
  [4300/10001] (43%) ok=4296 fail=4 workers=16
  [concurrency] workers=16 | throughput=0.6 tiles/s | fail_rate=0.0% | → nudge up
  [4310/10001] (43%) ok=4306 fail=4 workers=16
  [4320/10001] (43%) ok=4316 fail=4 workers=16
  [concurrency] workers=8 | throughput=0.4 tiles/s | fail_rate=0.0% | ↓ decrease (throughput degrading)
  [4330/10001] (43%) ok=4326 fail=4 workers=8
  [4340/10001] (43%) ok=4336 fail=4 workers=8
  [concurrency] workers=12 | throughput=0.6 tiles/s | fail_rate=0.0% | → nudge up
  [4350/10001] (43%) ok=4346 fail=4 workers=12
  [4360/10001] (44%) ok=4356 fail=4 workers=12
  [concurrency] workers=16 | throughput=0.6 tiles/s | fail_rate=0.0% | → nudge up
  [4370/10001] (44%) ok=4366 fail=4 workers=16
  [4380/10001] (44%) ok=4376 fail=4 workers=16
  [concurrency] workers=16 | throughput=0.6 tiles/s | fail_rate=0.0% | → nudge up
  [4390/10001] (44%) ok=4386 fail=4 workers=16
  [4400/10001] (44%) ok=4396 fail=4 workers=16
  [concurrency] workers=8 | throughput=0.5 tiles/s | fail_rate=0.0% | ↓ decrease (throughput degrading)
  checkpoint saved at 4400 ok tiles
  [4410/10001] (44%) ok=4406 fail=4 workers=8
  [4420/10001] (44%) ok=4416 fail=4 workers=8
  [concurrency] workers=12 | throughput=0.6 tiles/s | fail_rate=0.0% | → nudge up
  [4430/10001] (44%) ok=4426 fail=4 workers=12
  [4440/10001] (44%) ok=4436 fail=4 workers=12
  [concurrency] workers=8 | throughput=0.5 tiles/s | fail_rate=0.0% | ↓ decrease (throughput degrading)
  [4450/10001] (44%) ok=4446 fail=4 workers=8
  [4460/10001] (45%) ok=4456 fail=4 workers=8
  [concurrency] workers=12 | throughput=0.6 tiles/s | fail_rate=0.0% | → nudge up
  [4470/10001] (45%) ok=4466 fail=4 workers=12
  [4480/10001] (45%) ok=4476 fail=4 workers=12
  [concurrency] workers=16 | throughput=0.6 tiles/s | fail_rate=0.0% | → nudge up
  [4490/10001] (45%) ok=4486 fail=4 workers=16
  [4500/10001] (45%) ok=4496 fail=4 workers=16
  [concurrency] workers=16 | throughput=0.5 tiles/s | fail_rate=0.0% | → nudge up
  [4510/10001] (45%) ok=4506 fail=4 workers=16
  [4520/10001] (45%) ok=4516 fail=4 workers=16
  [concurrency] workers=16 | throughput=0.5 tiles/s | fail_rate=0.0% | → nudge up
  [4530/10001] (45%) ok=4526 fail=4 workers=16
  [4540/10001] (45%) ok=4536 fail=4 workers=16
  [concurrency] workers=16 | throughput=0.6 tiles/s | fail_rate=0.0% | → nudge up
  [4550/10001] (45%) ok=4546 fail=4 workers=16
  [4560/10001] (46%) ok=4556 fail=4 workers=16
  [concurrency] workers=16 | throughput=0.6 tiles/s | fail_rate=0.0% | → nudge up
  [4570/10001] (46%) ok=4566 fail=4 workers=16
  [4580/10001] (46%) ok=4576 fail=4 workers=16
  [concurrency] workers=8 | throughput=0.5 tiles/s | fail_rate=0.0% | ↓ decrease (throughput degrading)
  [4590/10001] (46%) ok=4586 fail=4 workers=8
  [4600/10001] (46%) ok=4596 fail=4 workers=8
  [concurrency] workers=12 | throughput=0.5 tiles/s | fail_rate=0.0% | → nudge up
  checkpoint saved at 4600 ok tiles
  [4610/10001] (46%) ok=4606 fail=4 workers=12
  [4620/10001] (46%) ok=4616 fail=4 workers=12
  [concurrency] workers=16 | throughput=0.6 tiles/s | fail_rate=0.0% | → nudge up
  [4630/10001] (46%) ok=4626 fail=4 workers=16
  [4640/10001] (46%) ok=4636 fail=4 workers=16
  [concurrency] workers=16 | throughput=0.5 tiles/s | fail_rate=0.0% | → nudge up
  [4650/10001] (46%) ok=4646 fail=4 workers=16
  [4660/10001] (47%) ok=4656 fail=4 workers=16
  [concurrency] workers=16 | throughput=0.5 tiles/s | fail_rate=0.0% | → nudge up
  [4670/10001] (47%) ok=4666 fail=4 workers=16
  [4680/10001] (47%) ok=4676 fail=4 workers=16
  [concurrency] workers=16 | throughput=0.6 tiles/s | fail_rate=0.0% | → nudge up
  [4690/10001] (47%) ok=4686 fail=4 workers=16
  [4700/10001] (47%) ok=4696 fail=4 workers=16
  [concurrency] workers=16 | throughput=0.5 tiles/s | fail_rate=0.0% | → nudge up
  [4710/10001] (47%) ok=4706 fail=4 workers=16
  [4720/10001] (47%) ok=4716 fail=4 workers=16
  [concurrency] workers=16 | throughput=0.6 tiles/s | fail_rate=0.0% | → nudge up
  [4730/10001] (47%) ok=4726 fail=4 workers=16
  [4740/10001] (47%) ok=4736 fail=4 workers=16
  [concurrency] workers=16 | throughput=0.5 tiles/s | fail_rate=0.0% | → nudge up
  [4750/10001] (47%) ok=4746 fail=4 workers=16
  [4760/10001] (48%) ok=4756 fail=4 workers=16
  [concurrency] workers=16 | throughput=0.6 tiles/s | fail_rate=0.0% | → nudge up
  [4770/10001] (48%) ok=4766 fail=4 workers=16
  [4780/10001] (48%) ok=4776 fail=4 workers=16
  [concurrency] workers=16 | throughput=0.6 tiles/s | fail_rate=0.0% | → nudge up
  [4790/10001] (48%) ok=4786 fail=4 workers=16
  [4800/10001] (48%) ok=4796 fail=4 workers=16
  [concurrency] workers=16 | throughput=0.6 tiles/s | fail_rate=0.0% | → nudge up
  checkpoint saved at 4800 ok tiles
  [4810/10001] (48%) ok=4806 fail=4 workers=16
  [4820/10001] (48%) ok=4816 fail=4 workers=16
  [concurrency] workers=8 | throughput=0.5 tiles/s | fail_rate=0.0% | ↓ decrease (throughput degrading)
  [4830/10001] (48%) ok=4826 fail=4 workers=8
  [4840/10001] (48%) ok=4836 fail=4 workers=8
  [concurrency] workers=12 | throughput=0.6 tiles/s | fail_rate=0.0% | → nudge up
  [4850/10001] (48%) ok=4846 fail=4 workers=12
  [4860/10001] (49%) ok=4856 fail=4 workers=12
  [concurrency] workers=16 | throughput=0.6 tiles/s | fail_rate=0.0% | → nudge up
  [4870/10001] (49%) ok=4866 fail=4 workers=16
  [4880/10001] (49%) ok=4876 fail=4 workers=16
  [concurrency] workers=16 | throughput=0.5 tiles/s | fail_rate=0.0% | → nudge up
  [4890/10001] (49%) ok=4886 fail=4 workers=16
  [4900/10001] (49%) ok=4896 fail=4 workers=16
  [concurrency] workers=16 | throughput=0.5 tiles/s | fail_rate=0.0% | → nudge up
  [4910/10001] (49%) ok=4906 fail=4 workers=16
  [4920/10001] (49%) ok=4916 fail=4 workers=16
  [concurrency] workers=16 | throughput=0.6 tiles/s | fail_rate=0.0% | → nudge up
  [4930/10001] (49%) ok=4926 fail=4 workers=16
  [4940/10001] (49%) ok=4936 fail=4 workers=16
  [concurrency] workers=16 | throughput=0.6 tiles/s | fail_rate=0.0% | → nudge up
  [4950/10001] (49%) ok=4946 fail=4 workers=16
  [4960/10001] (50%) ok=4956 fail=4 workers=16
  [concurrency] workers=8 | throughput=0.5 tiles/s | fail_rate=0.0% | ↓ decrease (throughput degrading)
  [4970/10001] (50%) ok=4966 fail=4 workers=8
  [4980/10001] (50%) ok=4976 fail=4 workers=8
  [concurrency] workers=12 | throughput=0.6 tiles/s | fail_rate=0.0% | → nudge up
  [4990/10001] (50%) ok=4986 fail=4 workers=12
  [5000/10001] (50%) ok=4996 fail=4 workers=12
  [concurrency] workers=16 | throughput=0.5 tiles/s | fail_rate=0.0% | → nudge up
  checkpoint saved at 5000 ok tiles
  [5010/10001] (50%) ok=5006 fail=4 workers=16
  [5020/10001] (50%) ok=5016 fail=4 workers=16
  [concurrency] workers=16 | throughput=0.6 tiles/s | fail_rate=0.0% | → nudge up
  [5030/10001] (50%) ok=5026 fail=4 workers=16
  [5040/10001] (50%) ok=5036 fail=4 workers=16
  [concurrency] workers=16 | throughput=0.6 tiles/s | fail_rate=0.0% | → nudge up
  [5050/10001] (50%) ok=5046 fail=4 workers=16
  [5060/10001] (51%) ok=5056 fail=4 workers=16
  [concurrency] workers=16 | throughput=0.5 tiles/s | fail_rate=0.0% | → nudge up
  [5070/10001] (51%) ok=5066 fail=4 workers=16
  [5080/10001] (51%) ok=5076 fail=4 workers=16
  [concurrency] workers=16 | throughput=0.5 tiles/s | fail_rate=0.0% | → nudge up
  [5090/10001] (51%) ok=5086 fail=4 workers=16
  [5100/10001] (51%) ok=5096 fail=4 workers=16
  [concurrency] workers=16 | throughput=0.6 tiles/s | fail_rate=0.0% | → nudge up
  [5110/10001] (51%) ok=5106 fail=4 workers=16
  [5120/10001] (51%) ok=5116 fail=4 workers=16
  [concurrency] workers=16 | throughput=0.6 tiles/s | fail_rate=0.0% | → nudge up
  [5130/10001] (51%) ok=5126 fail=4 workers=16
  [5140/10001] (51%) ok=5136 fail=4 workers=16
  [concurrency] workers=16 | throughput=0.5 tiles/s | fail_rate=0.0% | → nudge up
  [5150/10001] (51%) ok=5146 fail=4 workers=16
  [5160/10001] (52%) ok=5156 fail=4 workers=16
  [concurrency] workers=16 | throughput=0.6 tiles/s | fail_rate=0.0% | → nudge up
  [5170/10001] (52%) ok=5166 fail=4 workers=16
  [5180/10001] (52%) ok=5176 fail=4 workers=16
  [concurrency] workers=16 | throughput=0.5 tiles/s | fail_rate=0.0% | → nudge up
  [5190/10001] (52%) ok=5186 fail=4 workers=16
  [5200/10001] (52%) ok=5196 fail=4 workers=16
  [concurrency] workers=16 | throughput=0.6 tiles/s | fail_rate=0.0% | → nudge up
  checkpoint saved at 5200 ok tiles
  [5210/10001] (52%) ok=5206 fail=4 workers=16
  [5220/10001] (52%) ok=5216 fail=4 workers=16
  [concurrency] workers=16 | throughput=0.6 tiles/s | fail_rate=0.0% | → nudge up
  [5230/10001] (52%) ok=5226 fail=4 workers=16
  [5240/10001] (52%) ok=5236 fail=4 workers=16
  [concurrency] workers=8 | throughput=0.5 tiles/s | fail_rate=0.0% | ↓ decrease (throughput degrading)
  [5250/10001] (52%) ok=5246 fail=4 workers=8
  [5260/10001] (53%) ok=5255 fail=5 workers=8
  [concurrency] workers=8 | throughput=0.3 tiles/s | fail_rate=5.0% | ↓ decrease (throughput degrading)
  [5270/10001] (53%) ok=5265 fail=5 workers=8
  [5280/10001] (53%) ok=5275 fail=5 workers=8
  [concurrency] workers=12 | throughput=0.4 tiles/s | fail_rate=0.0% | → nudge up
  [5290/10001] (53%) ok=5285 fail=5 workers=12
  [5300/10001] (53%) ok=5294 fail=6 workers=12
  [concurrency] workers=16 | throughput=0.3 tiles/s | fail_rate=5.0% | → nudge up
  [5310/10001] (53%) ok=5304 fail=6 workers=16
  [5320/10001] (53%) ok=5314 fail=6 workers=16
  [concurrency] workers=16 | throughput=0.6 tiles/s | fail_rate=0.0% | → nudge up
  [5330/10001] (53%) ok=5324 fail=6 workers=16
  [5340/10001] (53%) ok=5334 fail=6 workers=16
  [concurrency] workers=8 | throughput=0.5 tiles/s | fail_rate=0.0% | ↓ decrease (throughput degrading)
  [5350/10001] (53%) ok=5344 fail=6 workers=8
  [5360/10001] (54%) ok=5354 fail=6 workers=8
  [concurrency] workers=12 | throughput=0.6 tiles/s | fail_rate=0.0% | → nudge up
  [5370/10001] (54%) ok=5364 fail=6 workers=12
  [5380/10001] (54%) ok=5374 fail=6 workers=12
  [concurrency] workers=16 | throughput=0.6 tiles/s | fail_rate=0.0% | → nudge up
  [5390/10001] (54%) ok=5384 fail=6 workers=16
  [5400/10001] (54%) ok=5394 fail=6 workers=16
  [concurrency] workers=16 | throughput=0.5 tiles/s | fail_rate=0.0% | → nudge up
  checkpoint saved at 5400 ok tiles
  [5410/10001] (54%) ok=5404 fail=6 workers=16
  [5420/10001] (54%) ok=5414 fail=6 workers=16
  [concurrency] workers=16 | throughput=0.5 tiles/s | fail_rate=0.0% | → nudge up
  [5430/10001] (54%) ok=5424 fail=6 workers=16
  [5440/10001] (54%) ok=5434 fail=6 workers=16
  [concurrency] workers=16 | throughput=0.5 tiles/s | fail_rate=0.0% | → nudge up
  [5450/10001] (54%) ok=5444 fail=6 workers=16
  [5460/10001] (55%) ok=5454 fail=6 workers=16
  [concurrency] workers=8 | throughput=0.4 tiles/s | fail_rate=0.0% | ↓ decrease (throughput degrading)
  [5470/10001] (55%) ok=5464 fail=6 workers=8
  [5480/10001] (55%) ok=5474 fail=6 workers=8
  [concurrency] workers=12 | throughput=0.4 tiles/s | fail_rate=0.0% | → nudge up
  [5490/10001] (55%) ok=5484 fail=6 workers=12
  [5500/10001] (55%) ok=5494 fail=6 workers=12
  [concurrency] workers=16 | throughput=0.6 tiles/s | fail_rate=0.0% | → nudge up
  [5510/10001] (55%) ok=5504 fail=6 workers=16
  [5520/10001] (55%) ok=5514 fail=6 workers=16
  [concurrency] workers=8 | throughput=0.5 tiles/s | fail_rate=0.0% | ↓ decrease (throughput degrading)
  [5530/10001] (55%) ok=5524 fail=6 workers=8
  [5540/10001] (55%) ok=5534 fail=6 workers=8
  [concurrency] workers=8 | throughput=0.5 tiles/s | fail_rate=0.0% | ↓ decrease (throughput degrading)
  [5550/10001] (55%) ok=5544 fail=6 workers=8
  [5560/10001] (56%) ok=5554 fail=6 workers=8
  [concurrency] workers=12 | throughput=0.5 tiles/s | fail_rate=0.0% | → nudge up
  [5570/10001] (56%) ok=5564 fail=6 workers=12
  [5580/10001] (56%) ok=5574 fail=6 workers=12
  [concurrency] workers=16 | throughput=0.6 tiles/s | fail_rate=0.0% | → nudge up
  [5590/10001] (56%) ok=5584 fail=6 workers=16
  [5600/10001] (56%) ok=5594 fail=6 workers=16
  [concurrency] workers=8 | throughput=0.5 tiles/s | fail_rate=0.0% | ↓ decrease (throughput degrading)
  checkpoint saved at 5600 ok tiles
  [5610/10001] (56%) ok=5604 fail=6 workers=8
  [5620/10001] (56%) ok=5614 fail=6 workers=8
  [concurrency] workers=12 | throughput=0.6 tiles/s | fail_rate=0.0% | → nudge up
  [5630/10001] (56%) ok=5624 fail=6 workers=12
  [5640/10001] (56%) ok=5634 fail=6 workers=12
  [concurrency] workers=8 | throughput=0.5 tiles/s | fail_rate=0.0% | ↓ decrease (throughput degrading)
  [5650/10001] (56%) ok=5644 fail=6 workers=8
  [5660/10001] (57%) ok=5654 fail=6 workers=8
  [concurrency] workers=12 | throughput=0.5 tiles/s | fail_rate=0.0% | → nudge up
  [5670/10001] (57%) ok=5664 fail=6 workers=12
  [5680/10001] (57%) ok=5674 fail=6 workers=12
  [concurrency] workers=16 | throughput=0.5 tiles/s | fail_rate=0.0% | → nudge up
  [5690/10001] (57%) ok=5684 fail=6 workers=16
  [5700/10001] (57%) ok=5694 fail=6 workers=16
  [concurrency] workers=16 | throughput=0.6 tiles/s | fail_rate=0.0% | → nudge up
  [5710/10001] (57%) ok=5704 fail=6 workers=16
  [5720/10001] (57%) ok=5714 fail=6 workers=16
  [concurrency] workers=16 | throughput=0.6 tiles/s | fail_rate=0.0% | → nudge up
  [5730/10001] (57%) ok=5724 fail=6 workers=16
  [5740/10001] (57%) ok=5734 fail=6 workers=16
  [concurrency] workers=8 | throughput=0.5 tiles/s | fail_rate=0.0% | ↓ decrease (throughput degrading)
  [5750/10001] (57%) ok=5744 fail=6 workers=8
  [5760/10001] (58%) ok=5754 fail=6 workers=8
  [concurrency] workers=12 | throughput=0.5 tiles/s | fail_rate=0.0% | → nudge up
  [5770/10001] (58%) ok=5764 fail=6 workers=12
  [5780/10001] (58%) ok=5774 fail=6 workers=12
  [concurrency] workers=16 | throughput=0.6 tiles/s | fail_rate=0.0% | → nudge up
  [5790/10001] (58%) ok=5784 fail=6 workers=16
  [5800/10001] (58%) ok=5794 fail=6 workers=16
  [concurrency] workers=8 | throughput=0.5 tiles/s | fail_rate=0.0% | ↓ decrease (throughput degrading)
  checkpoint saved at 5800 ok tiles
  [5810/10001] (58%) ok=5804 fail=6 workers=8
  [5820/10001] (58%) ok=5814 fail=6 workers=8
  [concurrency] workers=12 | throughput=0.6 tiles/s | fail_rate=0.0% | → nudge up
  [5830/10001] (58%) ok=5824 fail=6 workers=12
  [5840/10001] (58%) ok=5834 fail=6 workers=12
  [concurrency] workers=16 | throughput=0.5 tiles/s | fail_rate=0.0% | → nudge up
  [5850/10001] (58%) ok=5844 fail=6 workers=16
  [5860/10001] (59%) ok=5854 fail=6 workers=16
  [concurrency] workers=16 | throughput=0.6 tiles/s | fail_rate=0.0% | → nudge up
  [5870/10001] (59%) ok=5864 fail=6 workers=16
  [5880/10001] (59%) ok=5874 fail=6 workers=16
  [concurrency] workers=16 | throughput=0.6 tiles/s | fail_rate=0.0% | → nudge up
  [5890/10001] (59%) ok=5884 fail=6 workers=16
  [5900/10001] (59%) ok=5894 fail=6 workers=16
  [concurrency] workers=8 | throughput=0.5 tiles/s | fail_rate=0.0% | ↓ decrease (throughput degrading)
  [5910/10001] (59%) ok=5904 fail=6 workers=8
  [5920/10001] (59%) ok=5914 fail=6 workers=8
  [concurrency] workers=12 | throughput=0.5 tiles/s | fail_rate=0.0% | → nudge up
  [5930/10001] (59%) ok=5924 fail=6 workers=12
  [5940/10001] (59%) ok=5934 fail=6 workers=12
  [concurrency] workers=16 | throughput=0.5 tiles/s | fail_rate=0.0% | → nudge up
  [5950/10001] (59%) ok=5944 fail=6 workers=16
  [5960/10001] (60%) ok=5954 fail=6 workers=16
  [concurrency] workers=16 | throughput=0.6 tiles/s | fail_rate=0.0% | → nudge up
  [5970/10001] (60%) ok=5964 fail=6 workers=16
  [5980/10001] (60%) ok=5974 fail=6 workers=16
  [concurrency] workers=16 | throughput=0.5 tiles/s | fail_rate=0.0% | → nudge up
  [5990/10001] (60%) ok=5984 fail=6 workers=16
  [6000/10001] (60%) ok=5994 fail=6 workers=16
  [concurrency] workers=16 | throughput=0.5 tiles/s | fail_rate=0.0% | → nudge up
  checkpoint saved at 6000 ok tiles
  [6010/10001] (60%) ok=6004 fail=6 workers=16
  [6020/10001] (60%) ok=6014 fail=6 workers=16
  [concurrency] workers=16 | throughput=0.5 tiles/s | fail_rate=0.0% | → nudge up
  [6030/10001] (60%) ok=6024 fail=6 workers=16
  [6040/10001] (60%) ok=6034 fail=6 workers=16
  [concurrency] workers=16 | throughput=0.5 tiles/s | fail_rate=0.0% | → nudge up
  [6050/10001] (60%) ok=6044 fail=6 workers=16
  [6060/10001] (61%) ok=6054 fail=6 workers=16
  [concurrency] workers=16 | throughput=0.6 tiles/s | fail_rate=0.0% | → nudge up
  [6070/10001] (61%) ok=6064 fail=6 workers=16
  [6080/10001] (61%) ok=6074 fail=6 workers=16
  [concurrency] workers=8 | throughput=0.5 tiles/s | fail_rate=0.0% | ↓ decrease (throughput degrading)
  [6090/10001] (61%) ok=6084 fail=6 workers=8
  [6100/10001] (61%) ok=6094 fail=6 workers=8
  [concurrency] workers=12 | throughput=0.6 tiles/s | fail_rate=0.0% | → nudge up
  [6110/10001] (61%) ok=6104 fail=6 workers=12
  [6120/10001] (61%) ok=6114 fail=6 workers=12
  [concurrency] workers=16 | throughput=0.6 tiles/s | fail_rate=0.0% | → nudge up
  [6130/10001] (61%) ok=6124 fail=6 workers=16
  [6140/10001] (61%) ok=6134 fail=6 workers=16
  [concurrency] workers=16 | throughput=0.6 tiles/s | fail_rate=0.0% | → nudge up
  [6150/10001] (61%) ok=6144 fail=6 workers=16
  [6160/10001] (62%) ok=6154 fail=6 workers=16
  [concurrency] workers=8 | throughput=0.5 tiles/s | fail_rate=0.0% | ↓ decrease (throughput degrading)
  [6170/10001] (62%) ok=6164 fail=6 workers=8
  [6180/10001] (62%) ok=6174 fail=6 workers=8
  [concurrency] workers=12 | throughput=0.5 tiles/s | fail_rate=0.0% | → nudge up
  [6190/10001] (62%) ok=6184 fail=6 workers=12
  [6200/10001] (62%) ok=6194 fail=6 workers=12
  [concurrency] workers=16 | throughput=0.6 tiles/s | fail_rate=0.0% | → nudge up
  checkpoint saved at 6200 ok tiles
  [6210/10001] (62%) ok=6204 fail=6 workers=16
  [6220/10001] (62%) ok=6214 fail=6 workers=16
  [concurrency] workers=16 | throughput=0.6 tiles/s | fail_rate=0.0% | → nudge up
  [6230/10001] (62%) ok=6224 fail=6 workers=16
  [6240/10001] (62%) ok=6234 fail=6 workers=16
  [concurrency] workers=16 | throughput=0.6 tiles/s | fail_rate=0.0% | → nudge up
  [6250/10001] (62%) ok=6244 fail=6 workers=16
  [6260/10001] (63%) ok=6254 fail=6 workers=16
  [concurrency] workers=8 | throughput=0.5 tiles/s | fail_rate=0.0% | ↓ decrease (throughput degrading)
  [6270/10001] (63%) ok=6264 fail=6 workers=8
  [6280/10001] (63%) ok=6274 fail=6 workers=8
  [concurrency] workers=12 | throughput=0.6 tiles/s | fail_rate=0.0% | → nudge up
  [6290/10001] (63%) ok=6284 fail=6 workers=12
  [6300/10001] (63%) ok=6294 fail=6 workers=12
  [concurrency] workers=16 | throughput=0.6 tiles/s | fail_rate=0.0% | → nudge up
  [6310/10001] (63%) ok=6304 fail=6 workers=16
  [6320/10001] (63%) ok=6314 fail=6 workers=16
  [concurrency] workers=16 | throughput=0.5 tiles/s | fail_rate=0.0% | → nudge up
  [6330/10001] (63%) ok=6324 fail=6 workers=16
  [6340/10001] (63%) ok=6334 fail=6 workers=16
  [concurrency] workers=16 | throughput=0.5 tiles/s | fail_rate=0.0% | → nudge up
  [6350/10001] (63%) ok=6344 fail=6 workers=16
  [6360/10001] (64%) ok=6354 fail=6 workers=16
  [concurrency] workers=16 | throughput=0.6 tiles/s | fail_rate=0.0% | → nudge up
  [6370/10001] (64%) ok=6364 fail=6 workers=16
  [6380/10001] (64%) ok=6374 fail=6 workers=16
  [concurrency] workers=16 | throughput=0.6 tiles/s | fail_rate=0.0% | → nudge up
  [6390/10001] (64%) ok=6384 fail=6 workers=16
  [6400/10001] (64%) ok=6394 fail=6 workers=16
  [concurrency] workers=16 | throughput=0.6 tiles/s | fail_rate=0.0% | → nudge up
  checkpoint saved at 6400 ok tiles
  [6410/10001] (64%) ok=6404 fail=6 workers=16
  [6420/10001] (64%) ok=6414 fail=6 workers=16
  [concurrency] workers=8 | throughput=0.5 tiles/s | fail_rate=0.0% | ↓ decrease (throughput degrading)
  [6430/10001] (64%) ok=6424 fail=6 workers=8
  [6440/10001] (64%) ok=6434 fail=6 workers=8
  [concurrency] workers=12 | throughput=0.6 tiles/s | fail_rate=0.0% | → nudge up
  [6450/10001] (64%) ok=6444 fail=6 workers=12
  [6460/10001] (65%) ok=6454 fail=6 workers=12
  [concurrency] workers=8 | throughput=0.5 tiles/s | fail_rate=0.0% | ↓ decrease (throughput degrading)
  [6470/10001] (65%) ok=6464 fail=6 workers=8
  [6480/10001] (65%) ok=6474 fail=6 workers=8
  [concurrency] workers=12 | throughput=0.6 tiles/s | fail_rate=0.0% | → nudge up
  [6490/10001] (65%) ok=6484 fail=6 workers=12
  [6500/10001] (65%) ok=6494 fail=6 workers=12
  [concurrency] workers=16 | throughput=0.6 tiles/s | fail_rate=0.0% | → nudge up
  [6510/10001] (65%) ok=6504 fail=6 workers=16
  [6520/10001] (65%) ok=6514 fail=6 workers=16
  [concurrency] workers=16 | throughput=0.6 tiles/s | fail_rate=0.0% | → nudge up
  [6530/10001] (65%) ok=6524 fail=6 workers=16
  [6540/10001] (65%) ok=6534 fail=6 workers=16
  [concurrency] workers=8 | throughput=0.5 tiles/s | fail_rate=0.0% | ↓ decrease (throughput degrading)
  [6550/10001] (65%) ok=6544 fail=6 workers=8
  [6560/10001] (66%) ok=6554 fail=6 workers=8
  [concurrency] workers=12 | throughput=0.6 tiles/s | fail_rate=0.0% | → nudge up
  [6570/10001] (66%) ok=6564 fail=6 workers=12
  [6580/10001] (66%) ok=6574 fail=6 workers=12
  [concurrency] workers=16 | throughput=0.6 tiles/s | fail_rate=0.0% | → nudge up
  [6590/10001] (66%) ok=6584 fail=6 workers=16
  [6600/10001] (66%) ok=6594 fail=6 workers=16
  [concurrency] workers=8 | throughput=0.5 tiles/s | fail_rate=0.0% | ↓ decrease (throughput degrading)
  checkpoint saved at 6600 ok tiles
  [6610/10001] (66%) ok=6604 fail=6 workers=8
  [6620/10001] (66%) ok=6614 fail=6 workers=8
  [concurrency] workers=12 | throughput=0.5 tiles/s | fail_rate=0.0% | → nudge up
  [6630/10001] (66%) ok=6624 fail=6 workers=12
  [6640/10001] (66%) ok=6634 fail=6 workers=12
  [concurrency] workers=16 | throughput=0.5 tiles/s | fail_rate=0.0% | → nudge up
  [6650/10001] (66%) ok=6644 fail=6 workers=16
  [6660/10001] (67%) ok=6654 fail=6 workers=16
  [concurrency] workers=16 | throughput=0.6 tiles/s | fail_rate=0.0% | → nudge up
  [6670/10001] (67%) ok=6664 fail=6 workers=16
  [6680/10001] (67%) ok=6674 fail=6 workers=16
  [concurrency] workers=16 | throughput=0.5 tiles/s | fail_rate=0.0% | → nudge up
  [6690/10001] (67%) ok=6684 fail=6 workers=16
  [6700/10001] (67%) ok=6694 fail=6 workers=16
  [concurrency] workers=16 | throughput=0.6 tiles/s | fail_rate=0.0% | → nudge up
  [6710/10001] (67%) ok=6704 fail=6 workers=16
  [6720/10001] (67%) ok=6714 fail=6 workers=16
  [concurrency] workers=16 | throughput=0.6 tiles/s | fail_rate=0.0% | → nudge up
  [6730/10001] (67%) ok=6724 fail=6 workers=16
  [6740/10001] (67%) ok=6734 fail=6 workers=16
  [concurrency] workers=16 | throughput=0.5 tiles/s | fail_rate=0.0% | → nudge up
  [6750/10001] (67%) ok=6744 fail=6 workers=16
  [6760/10001] (68%) ok=6754 fail=6 workers=16
  [concurrency] workers=16 | throughput=0.6 tiles/s | fail_rate=0.0% | → nudge up
  [6770/10001] (68%) ok=6764 fail=6 workers=16
  [6780/10001] (68%) ok=6774 fail=6 workers=16
  [concurrency] workers=16 | throughput=0.6 tiles/s | fail_rate=0.0% | → nudge up
  [6790/10001] (68%) ok=6784 fail=6 workers=16
  [6800/10001] (68%) ok=6794 fail=6 workers=16
  [concurrency] workers=8 | throughput=0.5 tiles/s | fail_rate=0.0% | ↓ decrease (throughput degrading)
  checkpoint saved at 6800 ok tiles
  [6810/10001] (68%) ok=6804 fail=6 workers=8
  [6820/10001] (68%) ok=6814 fail=6 workers=8
  [concurrency] workers=12 | throughput=0.6 tiles/s | fail_rate=0.0% | → nudge up
  [6830/10001] (68%) ok=6824 fail=6 workers=12
  [6840/10001] (68%) ok=6834 fail=6 workers=12
  [concurrency] workers=8 | throughput=0.5 tiles/s | fail_rate=0.0% | ↓ decrease (throughput degrading)
  [6850/10001] (68%) ok=6844 fail=6 workers=8
  [6860/10001] (69%) ok=6854 fail=6 workers=8
  [concurrency] workers=12 | throughput=0.6 tiles/s | fail_rate=0.0% | → nudge up
  [6870/10001] (69%) ok=6864 fail=6 workers=12
  [6880/10001] (69%) ok=6874 fail=6 workers=12
  [concurrency] workers=16 | throughput=0.6 tiles/s | fail_rate=0.0% | → nudge up
  [6890/10001] (69%) ok=6884 fail=6 workers=16
  [6900/10001] (69%) ok=6894 fail=6 workers=16
  [concurrency] workers=16 | throughput=0.5 tiles/s | fail_rate=0.0% | → nudge up
  [6910/10001] (69%) ok=6904 fail=6 workers=16
  [6920/10001] (69%) ok=6914 fail=6 workers=16
  [concurrency] workers=8 | throughput=0.4 tiles/s | fail_rate=0.0% | ↓ decrease (throughput degrading)
  [6930/10001] (69%) ok=6924 fail=6 workers=8
  [6940/10001] (69%) ok=6934 fail=6 workers=8
  [concurrency] workers=8 | throughput=0.3 tiles/s | fail_rate=0.0% | ↓ decrease (throughput degrading)
  [6950/10001] (69%) ok=6944 fail=6 workers=8
  [6960/10001] (70%) ok=6954 fail=6 workers=8
  [concurrency] workers=12 | throughput=0.6 tiles/s | fail_rate=0.0% | → nudge up
  [6970/10001] (70%) ok=6964 fail=6 workers=12
  [6980/10001] (70%) ok=6974 fail=6 workers=12
  [concurrency] workers=16 | throughput=0.6 tiles/s | fail_rate=0.0% | → nudge up
  [6990/10001] (70%) ok=6984 fail=6 workers=16
  [7000/10001] (70%) ok=6994 fail=6 workers=16
  [concurrency] workers=16 | throughput=0.6 tiles/s | fail_rate=0.0% | → nudge up
  checkpoint saved at 7000 ok tiles
  [7010/10001] (70%) ok=7004 fail=6 workers=16
  [7020/10001] (70%) ok=7014 fail=6 workers=16
  [concurrency] workers=16 | throughput=0.5 tiles/s | fail_rate=0.0% | → nudge up
  [7030/10001] (70%) ok=7024 fail=6 workers=16
  [7040/10001] (70%) ok=7034 fail=6 workers=16
  [concurrency] workers=16 | throughput=0.5 tiles/s | fail_rate=0.0% | → nudge up
  [7050/10001] (70%) ok=7044 fail=6 workers=16
  [7060/10001] (71%) ok=7054 fail=6 workers=16
  [concurrency] workers=16 | throughput=0.7 tiles/s | fail_rate=0.0% | → nudge up
  [7070/10001] (71%) ok=7064 fail=6 workers=16
  [7080/10001] (71%) ok=7074 fail=6 workers=16
  [concurrency] workers=8 | throughput=0.6 tiles/s | fail_rate=0.0% | ↓ decrease (throughput degrading)
  [7090/10001] (71%) ok=7084 fail=6 workers=8
  [7100/10001] (71%) ok=7094 fail=6 workers=8
  [concurrency] workers=8 | throughput=0.4 tiles/s | fail_rate=0.0% | ↓ decrease (throughput degrading)
  [7110/10001] (71%) ok=7104 fail=6 workers=8
  [7120/10001] (71%) ok=7114 fail=6 workers=8
  [concurrency] workers=12 | throughput=0.5 tiles/s | fail_rate=0.0% | → nudge up
  [7130/10001] (71%) ok=7124 fail=6 workers=12
  [7140/10001] (71%) ok=7134 fail=6 workers=12
  [concurrency] workers=16 | throughput=0.6 tiles/s | fail_rate=0.0% | → nudge up
  [7150/10001] (71%) ok=7144 fail=6 workers=16
  [7160/10001] (72%) ok=7154 fail=6 workers=16
  [concurrency] workers=8 | throughput=0.5 tiles/s | fail_rate=0.0% | ↓ decrease (throughput degrading)
  [7170/10001] (72%) ok=7164 fail=6 workers=8
  [7180/10001] (72%) ok=7173 fail=7 workers=8
  [concurrency] workers=12 | throughput=0.6 tiles/s | fail_rate=5.0% | → nudge up
  [7190/10001] (72%) ok=7183 fail=7 workers=12
  [7200/10001] (72%) ok=7193 fail=7 workers=12
  [concurrency] workers=16 | throughput=0.6 tiles/s | fail_rate=0.0% | → nudge up
  checkpoint saved at 7200 ok tiles
  [7210/10001] (72%) ok=7203 fail=7 workers=16
  [7220/10001] (72%) ok=7213 fail=7 workers=16
  [concurrency] workers=16 | throughput=0.6 tiles/s | fail_rate=0.0% | → nudge up
  [7230/10001] (72%) ok=7223 fail=7 workers=16
  [7240/10001] (72%) ok=7233 fail=7 workers=16
  [concurrency] workers=16 | throughput=0.5 tiles/s | fail_rate=0.0% | → nudge up
  [7250/10001] (72%) ok=7243 fail=7 workers=16
  [7260/10001] (73%) ok=7253 fail=7 workers=16
  [concurrency] workers=16 | throughput=0.6 tiles/s | fail_rate=0.0% | → nudge up
  [7270/10001] (73%) ok=7263 fail=7 workers=16
  [7280/10001] (73%) ok=7273 fail=7 workers=16
  [concurrency] workers=8 | throughput=0.5 tiles/s | fail_rate=0.0% | ↓ decrease (throughput degrading)
  [7290/10001] (73%) ok=7283 fail=7 workers=8
  [7300/10001] (73%) ok=7293 fail=7 workers=8
  [concurrency] workers=12 | throughput=0.7 tiles/s | fail_rate=0.0% | → nudge up
  [7310/10001] (73%) ok=7303 fail=7 workers=12
  [7320/10001] (73%) ok=7313 fail=7 workers=12
  [concurrency] workers=8 | throughput=0.5 tiles/s | fail_rate=0.0% | ↓ decrease (throughput degrading)
  [7330/10001] (73%) ok=7323 fail=7 workers=8
  [7340/10001] (73%) ok=7333 fail=7 workers=8
  [concurrency] workers=12 | throughput=0.6 tiles/s | fail_rate=0.0% | → nudge up
  [7350/10001] (73%) ok=7343 fail=7 workers=12
  [7360/10001] (74%) ok=7353 fail=7 workers=12
  [concurrency] workers=16 | throughput=0.6 tiles/s | fail_rate=0.0% | → nudge up
  [7370/10001] (74%) ok=7363 fail=7 workers=16
  [7380/10001] (74%) ok=7373 fail=7 workers=16
  [concurrency] workers=16 | throughput=0.6 tiles/s | fail_rate=0.0% | → nudge up
  [7390/10001] (74%) ok=7383 fail=7 workers=16
  [7400/10001] (74%) ok=7393 fail=7 workers=16
  [concurrency] workers=8 | throughput=0.5 tiles/s | fail_rate=0.0% | ↓ decrease (throughput degrading)
  checkpoint saved at 7400 ok tiles
  [7410/10001] (74%) ok=7403 fail=7 workers=8
  [7420/10001] (74%) ok=7413 fail=7 workers=8
  [concurrency] workers=12 | throughput=0.6 tiles/s | fail_rate=0.0% | → nudge up
  [7430/10001] (74%) ok=7423 fail=7 workers=12
  [7440/10001] (74%) ok=7433 fail=7 workers=12
  [concurrency] workers=16 | throughput=0.5 tiles/s | fail_rate=0.0% | → nudge up
  [7450/10001] (74%) ok=7443 fail=7 workers=16
  [7460/10001] (75%) ok=7453 fail=7 workers=16
  [concurrency] workers=16 | throughput=0.6 tiles/s | fail_rate=0.0% | → nudge up
  [7470/10001] (75%) ok=7463 fail=7 workers=16
  [7480/10001] (75%) ok=7473 fail=7 workers=16
  [concurrency] workers=16 | throughput=0.5 tiles/s | fail_rate=0.0% | → nudge up
  [7490/10001] (75%) ok=7483 fail=7 workers=16
  [7500/10001] (75%) ok=7493 fail=7 workers=16
  [concurrency] workers=16 | throughput=0.5 tiles/s | fail_rate=0.0% | → nudge up
  [7510/10001] (75%) ok=7503 fail=7 workers=16
  [7520/10001] (75%) ok=7513 fail=7 workers=16
  [concurrency] workers=16 | throughput=0.5 tiles/s | fail_rate=0.0% | → nudge up
  [7530/10001] (75%) ok=7523 fail=7 workers=16
  [7540/10001] (75%) ok=7533 fail=7 workers=16
  [concurrency] workers=16 | throughput=0.5 tiles/s | fail_rate=0.0% | → nudge up
  [7550/10001] (75%) ok=7543 fail=7 workers=16
  [7560/10001] (76%) ok=7553 fail=7 workers=16
  [concurrency] workers=16 | throughput=0.6 tiles/s | fail_rate=0.0% | → nudge up
  [7570/10001] (76%) ok=7563 fail=7 workers=16
  [7580/10001] (76%) ok=7573 fail=7 workers=16
  [concurrency] workers=16 | throughput=0.6 tiles/s | fail_rate=0.0% | → nudge up
  [7590/10001] (76%) ok=7583 fail=7 workers=16
  [7600/10001] (76%) ok=7593 fail=7 workers=16
  [concurrency] workers=16 | throughput=0.6 tiles/s | fail_rate=0.0% | → nudge up
  checkpoint saved at 7600 ok tiles
  [7610/10001] (76%) ok=7603 fail=7 workers=16
  [7620/10001] (76%) ok=7613 fail=7 workers=16
  [concurrency] workers=8 | throughput=0.5 tiles/s | fail_rate=0.0% | ↓ decrease (throughput degrading)
  [7630/10001] (76%) ok=7622 fail=8 workers=8
  [7640/10001] (76%) ok=7632 fail=8 workers=8
  [concurrency] workers=12 | throughput=0.5 tiles/s | fail_rate=5.0% | → nudge up
  [7650/10001] (76%) ok=7642 fail=8 workers=12
  [7660/10001] (77%) ok=7652 fail=8 workers=12
  [concurrency] workers=16 | throughput=0.5 tiles/s | fail_rate=0.0% | → nudge up
  [7670/10001] (77%) ok=7662 fail=8 workers=16
  [7680/10001] (77%) ok=7672 fail=8 workers=16
  [concurrency] workers=16 | throughput=0.5 tiles/s | fail_rate=0.0% | → nudge up
  [7690/10001] (77%) ok=7682 fail=8 workers=16
  [7700/10001] (77%) ok=7692 fail=8 workers=16
  [concurrency] workers=16 | throughput=0.5 tiles/s | fail_rate=0.0% | → nudge up
  [7710/10001] (77%) ok=7702 fail=8 workers=16
  [7720/10001] (77%) ok=7712 fail=8 workers=16
  [concurrency] workers=16 | throughput=0.5 tiles/s | fail_rate=0.0% | → nudge up
  [7730/10001] (77%) ok=7722 fail=8 workers=16
  [7740/10001] (77%) ok=7732 fail=8 workers=16
  [concurrency] workers=16 | throughput=0.5 tiles/s | fail_rate=0.0% | → nudge up
  [7750/10001] (77%) ok=7742 fail=8 workers=16
  [7760/10001] (78%) ok=7752 fail=8 workers=16
  [concurrency] workers=16 | throughput=0.5 tiles/s | fail_rate=0.0% | → nudge up
  [7770/10001] (78%) ok=7762 fail=8 workers=16
  [7780/10001] (78%) ok=7772 fail=8 workers=16
  [concurrency] workers=16 | throughput=0.6 tiles/s | fail_rate=0.0% | → nudge up
  [7790/10001] (78%) ok=7782 fail=8 workers=16
  [7800/10001] (78%) ok=7792 fail=8 workers=16
  [concurrency] workers=8 | throughput=0.4 tiles/s | fail_rate=0.0% | ↓ decrease (throughput degrading)
  checkpoint saved at 7800 ok tiles
  [7810/10001] (78%) ok=7802 fail=8 workers=8
  [7820/10001] (78%) ok=7812 fail=8 workers=8
  [concurrency] workers=12 | throughput=0.5 tiles/s | fail_rate=0.0% | → nudge up
  [7830/10001] (78%) ok=7822 fail=8 workers=12
  [7840/10001] (78%) ok=7832 fail=8 workers=12
  [concurrency] workers=8 | throughput=0.5 tiles/s | fail_rate=0.0% | ↓ decrease (throughput degrading)
  [7850/10001] (78%) ok=7842 fail=8 workers=8
  [7860/10001] (79%) ok=7852 fail=8 workers=8
  [concurrency] workers=12 | throughput=0.5 tiles/s | fail_rate=0.0% | → nudge up
  [7870/10001] (79%) ok=7862 fail=8 workers=12
  [7880/10001] (79%) ok=7872 fail=8 workers=12
  [concurrency] workers=16 | throughput=0.4 tiles/s | fail_rate=0.0% | → nudge up
  [7890/10001] (79%) ok=7882 fail=8 workers=16
  [7900/10001] (79%) ok=7892 fail=8 workers=16
  [concurrency] workers=16 | throughput=0.5 tiles/s | fail_rate=0.0% | → nudge up
  [7910/10001] (79%) ok=7902 fail=8 workers=16
  [7920/10001] (79%) ok=7912 fail=8 workers=16
  [concurrency] workers=16 | throughput=0.6 tiles/s | fail_rate=0.0% | → nudge up
  [7930/10001] (79%) ok=7922 fail=8 workers=16
  [7940/10001] (79%) ok=7932 fail=8 workers=16
  [concurrency] workers=8 | throughput=0.5 tiles/s | fail_rate=0.0% | ↓ decrease (throughput degrading)
  [7950/10001] (79%) ok=7942 fail=8 workers=8
  [7960/10001] (80%) ok=7952 fail=8 workers=8
  [concurrency] workers=8 | throughput=0.5 tiles/s | fail_rate=0.0% | ↓ decrease (throughput degrading)
  [7970/10001] (80%) ok=7962 fail=8 workers=8
  [7980/10001] (80%) ok=7972 fail=8 workers=8
  [concurrency] workers=12 | throughput=0.5 tiles/s | fail_rate=0.0% | → nudge up
  [7990/10001] (80%) ok=7982 fail=8 workers=12
  [8000/10001] (80%) ok=7992 fail=8 workers=12
  [concurrency] workers=8 | throughput=0.4 tiles/s | fail_rate=0.0% | ↓ decrease (throughput degrading)
  checkpoint saved at 8000 ok tiles
  [8010/10001] (80%) ok=8002 fail=8 workers=8
  [8020/10001] (80%) ok=8012 fail=8 workers=8
  [concurrency] workers=12 | throughput=0.6 tiles/s | fail_rate=0.0% | → nudge up
  [8030/10001] (80%) ok=8022 fail=8 workers=12
  [8040/10001] (80%) ok=8032 fail=8 workers=12
  [concurrency] workers=8 | throughput=0.5 tiles/s | fail_rate=0.0% | ↓ decrease (throughput degrading)
  [8050/10001] (80%) ok=8042 fail=8 workers=8
  [8060/10001] (81%) ok=8052 fail=8 workers=8
  [concurrency] workers=12 | throughput=0.6 tiles/s | fail_rate=0.0% | → nudge up
  [8070/10001] (81%) ok=8062 fail=8 workers=12
  [8080/10001] (81%) ok=8072 fail=8 workers=12
  [concurrency] workers=8 | throughput=0.5 tiles/s | fail_rate=0.0% | ↓ decrease (throughput degrading)
  [8090/10001] (81%) ok=8081 fail=9 workers=8
  [8100/10001] (81%) ok=8091 fail=9 workers=8
  [concurrency] workers=12 | throughput=0.4 tiles/s | fail_rate=5.0% | → nudge up
  [8110/10001] (81%) ok=8101 fail=9 workers=12
  [8120/10001] (81%) ok=8111 fail=9 workers=12
  [concurrency] workers=16 | throughput=0.6 tiles/s | fail_rate=0.0% | → nudge up
  [8130/10001] (81%) ok=8121 fail=9 workers=16
  [8140/10001] (81%) ok=8131 fail=9 workers=16
  [concurrency] workers=16 | throughput=0.5 tiles/s | fail_rate=0.0% | → nudge up
  [8150/10001] (81%) ok=8141 fail=9 workers=16
  [8160/10001] (82%) ok=8151 fail=9 workers=16
  [concurrency] workers=16 | throughput=0.5 tiles/s | fail_rate=0.0% | → nudge up
  [8170/10001] (82%) ok=8161 fail=9 workers=16
  [8180/10001] (82%) ok=8171 fail=9 workers=16
  [concurrency] workers=16 | throughput=0.5 tiles/s | fail_rate=0.0% | → nudge up
  [8190/10001] (82%) ok=8181 fail=9 workers=16
  [8200/10001] (82%) ok=8191 fail=9 workers=16
  [concurrency] workers=16 | throughput=0.5 tiles/s | fail_rate=0.0% | → nudge up
  checkpoint saved at 8200 ok tiles
  [8210/10001] (82%) ok=8201 fail=9 workers=16
  [8220/10001] (82%) ok=8211 fail=9 workers=16
  [concurrency] workers=16 | throughput=0.5 tiles/s | fail_rate=0.0% | → nudge up
  [8230/10001] (82%) ok=8221 fail=9 workers=16
  [8240/10001] (82%) ok=8231 fail=9 workers=16
  [concurrency] workers=8 | throughput=0.3 tiles/s | fail_rate=0.0% | ↓ decrease (throughput degrading)
  [8250/10001] (82%) ok=8241 fail=9 workers=8
  [8260/10001] (83%) ok=8251 fail=9 workers=8
  [concurrency] workers=12 | throughput=0.6 tiles/s | fail_rate=0.0% | → nudge up
  [8270/10001] (83%) ok=8261 fail=9 workers=12
  [8280/10001] (83%) ok=8271 fail=9 workers=12
  [concurrency] workers=8 | throughput=0.3 tiles/s | fail_rate=0.0% | ↓ decrease (throughput degrading)
  [8290/10001] (83%) ok=8281 fail=9 workers=8
  [8300/10001] (83%) ok=8291 fail=9 workers=8
  [concurrency] workers=12 | throughput=0.4 tiles/s | fail_rate=0.0% | → nudge up
  [8310/10001] (83%) ok=8301 fail=9 workers=12
  [8320/10001] (83%) ok=8311 fail=9 workers=12
  [concurrency] workers=16 | throughput=0.6 tiles/s | fail_rate=0.0% | → nudge up
  [8330/10001] (83%) ok=8321 fail=9 workers=16
  [8340/10001] (83%) ok=8331 fail=9 workers=16
  [concurrency] workers=16 | throughput=0.6 tiles/s | fail_rate=0.0% | → nudge up
  [8350/10001] (83%) ok=8341 fail=9 workers=16
  [8360/10001] (84%) ok=8351 fail=9 workers=16
  [concurrency] workers=8 | throughput=0.5 tiles/s | fail_rate=0.0% | ↓ decrease (throughput degrading)
  [8370/10001] (84%) ok=8361 fail=9 workers=8
  [8380/10001] (84%) ok=8371 fail=9 workers=8
  [concurrency] workers=12 | throughput=0.5 tiles/s | fail_rate=0.0% | → nudge up
  [8390/10001] (84%) ok=8381 fail=9 workers=12
  [8400/10001] (84%) ok=8391 fail=9 workers=12
  [concurrency] workers=16 | throughput=0.5 tiles/s | fail_rate=0.0% | → nudge up
  checkpoint saved at 8400 ok tiles
  [8410/10001] (84%) ok=8401 fail=9 workers=16
  [8420/10001] (84%) ok=8411 fail=9 workers=16
  [concurrency] workers=16 | throughput=0.6 tiles/s | fail_rate=0.0% | → nudge up
  [8430/10001] (84%) ok=8421 fail=9 workers=16
  [8440/10001] (84%) ok=8431 fail=9 workers=16
  [concurrency] workers=16 | throughput=0.5 tiles/s | fail_rate=0.0% | → nudge up
  [8450/10001] (84%) ok=8441 fail=9 workers=16
  [8460/10001] (85%) ok=8451 fail=9 workers=16
  [concurrency] workers=16 | throughput=0.5 tiles/s | fail_rate=0.0% | → nudge up
  [8470/10001] (85%) ok=8461 fail=9 workers=16
  [8480/10001] (85%) ok=8471 fail=9 workers=16
  [concurrency] workers=16 | throughput=0.5 tiles/s | fail_rate=0.0% | → nudge up
  [8490/10001] (85%) ok=8481 fail=9 workers=16
  [8500/10001] (85%) ok=8491 fail=9 workers=16
  [concurrency] workers=16 | throughput=0.5 tiles/s | fail_rate=0.0% | → nudge up
  [8510/10001] (85%) ok=8501 fail=9 workers=16
  [8520/10001] (85%) ok=8511 fail=9 workers=16
  [concurrency] workers=16 | throughput=0.6 tiles/s | fail_rate=0.0% | → nudge up
  [8530/10001] (85%) ok=8521 fail=9 workers=16
  [8540/10001] (85%) ok=8531 fail=9 workers=16
  [concurrency] workers=16 | throughput=0.6 tiles/s | fail_rate=0.0% | → nudge up
  [8550/10001] (85%) ok=8541 fail=9 workers=16
  [8560/10001] (86%) ok=8551 fail=9 workers=16
  [concurrency] workers=8 | throughput=0.5 tiles/s | fail_rate=0.0% | ↓ decrease (throughput degrading)
  [8570/10001] (86%) ok=8561 fail=9 workers=8
  [8580/10001] (86%) ok=8571 fail=9 workers=8
  [concurrency] workers=12 | throughput=0.5 tiles/s | fail_rate=0.0% | → nudge up
  [8590/10001] (86%) ok=8581 fail=9 workers=12
  [8600/10001] (86%) ok=8591 fail=9 workers=12
  [concurrency] workers=16 | throughput=0.6 tiles/s | fail_rate=0.0% | → nudge up
  checkpoint saved at 8600 ok tiles
  [8610/10001] (86%) ok=8601 fail=9 workers=16
  [8620/10001] (86%) ok=8611 fail=9 workers=16
  [concurrency] workers=16 | throughput=0.6 tiles/s | fail_rate=0.0% | → nudge up
  [8630/10001] (86%) ok=8621 fail=9 workers=16
  [8640/10001] (86%) ok=8631 fail=9 workers=16
  [concurrency] workers=8 | throughput=0.5 tiles/s | fail_rate=0.0% | ↓ decrease (throughput degrading)
  [8650/10001] (86%) ok=8641 fail=9 workers=8
  [8660/10001] (87%) ok=8651 fail=9 workers=8
  [concurrency] workers=12 | throughput=0.6 tiles/s | fail_rate=0.0% | → nudge up
  [8670/10001] (87%) ok=8661 fail=9 workers=12
  [8680/10001] (87%) ok=8671 fail=9 workers=12
  [concurrency] workers=8 | throughput=0.5 tiles/s | fail_rate=0.0% | ↓ decrease (throughput degrading)
  [8690/10001] (87%) ok=8681 fail=9 workers=8
  [8700/10001] (87%) ok=8691 fail=9 workers=8
  [concurrency] workers=12 | throughput=0.6 tiles/s | fail_rate=0.0% | → nudge up
  [8710/10001] (87%) ok=8701 fail=9 workers=12
  [8720/10001] (87%) ok=8711 fail=9 workers=12
  [concurrency] workers=16 | throughput=0.5 tiles/s | fail_rate=0.0% | → nudge up
  [8730/10001] (87%) ok=8721 fail=9 workers=16
  [8740/10001] (87%) ok=8731 fail=9 workers=16
  [concurrency] workers=16 | throughput=0.6 tiles/s | fail_rate=0.0% | → nudge up
  [8750/10001] (87%) ok=8741 fail=9 workers=16
  [8760/10001] (88%) ok=8751 fail=9 workers=16
  [concurrency] workers=8 | throughput=0.4 tiles/s | fail_rate=0.0% | ↓ decrease (throughput degrading)
  [8770/10001] (88%) ok=8761 fail=9 workers=8
  [8780/10001] (88%) ok=8771 fail=9 workers=8
  [concurrency] workers=12 | throughput=0.6 tiles/s | fail_rate=0.0% | → nudge up
  [8790/10001] (88%) ok=8781 fail=9 workers=12
  [8800/10001] (88%) ok=8791 fail=9 workers=12
  [concurrency] workers=8 | throughput=0.4 tiles/s | fail_rate=0.0% | ↓ decrease (throughput degrading)
  checkpoint saved at 8800 ok tiles
  [8810/10001] (88%) ok=8801 fail=9 workers=8
  [8820/10001] (88%) ok=8811 fail=9 workers=8
  [concurrency] workers=12 | throughput=0.5 tiles/s | fail_rate=0.0% | → nudge up
  [8830/10001] (88%) ok=8821 fail=9 workers=12
  [8840/10001] (88%) ok=8831 fail=9 workers=12
  [concurrency] workers=16 | throughput=0.6 tiles/s | fail_rate=0.0% | → nudge up
  [8850/10001] (88%) ok=8841 fail=9 workers=16
  [8860/10001] (89%) ok=8851 fail=9 workers=16
  [concurrency] workers=16 | throughput=0.5 tiles/s | fail_rate=0.0% | → nudge up
  [8870/10001] (89%) ok=8861 fail=9 workers=16
  [8880/10001] (89%) ok=8871 fail=9 workers=16
  [concurrency] workers=16 | throughput=0.5 tiles/s | fail_rate=0.0% | → nudge up
  [8890/10001] (89%) ok=8881 fail=9 workers=16
  [8900/10001] (89%) ok=8891 fail=9 workers=16
  [concurrency] workers=16 | throughput=0.5 tiles/s | fail_rate=0.0% | → nudge up
  [8910/10001] (89%) ok=8901 fail=9 workers=16
  [8920/10001] (89%) ok=8911 fail=9 workers=16
  [concurrency] workers=16 | throughput=0.5 tiles/s | fail_rate=0.0% | → nudge up
  [8930/10001] (89%) ok=8921 fail=9 workers=16
  [8940/10001] (89%) ok=8931 fail=9 workers=16
  [concurrency] workers=16 | throughput=0.6 tiles/s | fail_rate=0.0% | → nudge up
  [8950/10001] (89%) ok=8941 fail=9 workers=16
  [8960/10001] (90%) ok=8951 fail=9 workers=16
  [concurrency] workers=16 | throughput=0.5 tiles/s | fail_rate=0.0% | → nudge up
  [8970/10001] (90%) ok=8961 fail=9 workers=16
  [8980/10001] (90%) ok=8971 fail=9 workers=16
  [concurrency] workers=16 | throughput=0.5 tiles/s | fail_rate=0.0% | → nudge up
  [8990/10001] (90%) ok=8981 fail=9 workers=16
  [9000/10001] (90%) ok=8991 fail=9 workers=16
  [concurrency] workers=16 | throughput=0.5 tiles/s | fail_rate=0.0% | → nudge up
  checkpoint saved at 9000 ok tiles
  [9010/10001] (90%) ok=9001 fail=9 workers=16
  [9020/10001] (90%) ok=9011 fail=9 workers=16
  [concurrency] workers=16 | throughput=0.6 tiles/s | fail_rate=0.0% | → nudge up
  [9030/10001] (90%) ok=9021 fail=9 workers=16
  [9040/10001] (90%) ok=9031 fail=9 workers=16
  [concurrency] workers=8 | throughput=0.5 tiles/s | fail_rate=0.0% | ↓ decrease (throughput degrading)
  [9050/10001] (90%) ok=9041 fail=9 workers=8
  [9060/10001] (91%) ok=9051 fail=9 workers=8
  [concurrency] workers=12 | throughput=0.6 tiles/s | fail_rate=0.0% | → nudge up
  [9070/10001] (91%) ok=9061 fail=9 workers=12
  [9080/10001] (91%) ok=9071 fail=9 workers=12
  [concurrency] workers=8 | throughput=0.5 tiles/s | fail_rate=0.0% | ↓ decrease (throughput degrading)
  [9090/10001] (91%) ok=9081 fail=9 workers=8
  [9100/10001] (91%) ok=9091 fail=9 workers=8
  [concurrency] workers=12 | throughput=0.6 tiles/s | fail_rate=0.0% | → nudge up
  [9110/10001] (91%) ok=9101 fail=9 workers=12
  [9120/10001] (91%) ok=9111 fail=9 workers=12
  [concurrency] workers=8 | throughput=0.4 tiles/s | fail_rate=0.0% | ↓ decrease (throughput degrading)
  [9130/10001] (91%) ok=9121 fail=9 workers=8
  [9140/10001] (91%) ok=9131 fail=9 workers=8
  [concurrency] workers=12 | throughput=0.6 tiles/s | fail_rate=0.0% | → nudge up
  [9150/10001] (91%) ok=9141 fail=9 workers=12
  [9160/10001] (92%) ok=9151 fail=9 workers=12
  [concurrency] workers=8 | throughput=0.3 tiles/s | fail_rate=0.0% | ↓ decrease (throughput degrading)
  [9170/10001] (92%) ok=9161 fail=9 workers=8
  [9180/10001] (92%) ok=9171 fail=9 workers=8
  [concurrency] workers=12 | throughput=0.4 tiles/s | fail_rate=0.0% | → nudge up
  [9190/10001] (92%) ok=9181 fail=9 workers=12
  [9200/10001] (92%) ok=9191 fail=9 workers=12
  [concurrency] workers=16 | throughput=0.5 tiles/s | fail_rate=0.0% | → nudge up
  checkpoint saved at 9200 ok tiles
  [9210/10001] (92%) ok=9201 fail=9 workers=16
  [9220/10001] (92%) ok=9211 fail=9 workers=16
  [concurrency] workers=16 | throughput=0.5 tiles/s | fail_rate=0.0% | → nudge up
  [9230/10001] (92%) ok=9221 fail=9 workers=16
  [9240/10001] (92%) ok=9231 fail=9 workers=16
  [concurrency] workers=8 | throughput=0.3 tiles/s | fail_rate=0.0% | ↓ decrease (throughput degrading)
  [9250/10001] (92%) ok=9241 fail=9 workers=8
  [9260/10001] (93%) ok=9251 fail=9 workers=8
  [concurrency] workers=12 | throughput=0.5 tiles/s | fail_rate=0.0% | → nudge up
  [9270/10001] (93%) ok=9261 fail=9 workers=12
  [9280/10001] (93%) ok=9271 fail=9 workers=12
  [concurrency] workers=16 | throughput=0.5 tiles/s | fail_rate=0.0% | → nudge up
  [9290/10001] (93%) ok=9281 fail=9 workers=16
  [9300/10001] (93%) ok=9291 fail=9 workers=16
  [concurrency] workers=16 | throughput=0.6 tiles/s | fail_rate=0.0% | → nudge up
  [9310/10001] (93%) ok=9301 fail=9 workers=16
  [9320/10001] (93%) ok=9311 fail=9 workers=16
  [concurrency] workers=16 | throughput=0.6 tiles/s | fail_rate=0.0% | → nudge up
  [9330/10001] (93%) ok=9321 fail=9 workers=16
  [9340/10001] (93%) ok=9331 fail=9 workers=16
  [concurrency] workers=8 | throughput=0.5 tiles/s | fail_rate=0.0% | ↓ decrease (throughput degrading)
  [9350/10001] (93%) ok=9341 fail=9 workers=8
  [9360/10001] (94%) ok=9351 fail=9 workers=8
  [concurrency] workers=12 | throughput=0.5 tiles/s | fail_rate=0.0% | → nudge up
  [9370/10001] (94%) ok=9361 fail=9 workers=12
  [9380/10001] (94%) ok=9371 fail=9 workers=12
  [concurrency] workers=16 | throughput=0.6 tiles/s | fail_rate=0.0% | → nudge up
  [9390/10001] (94%) ok=9381 fail=9 workers=16
  [9400/10001] (94%) ok=9391 fail=9 workers=16
  [concurrency] workers=8 | throughput=0.5 tiles/s | fail_rate=0.0% | ↓ decrease (throughput degrading)
  checkpoint saved at 9400 ok tiles
  [9410/10001] (94%) ok=9401 fail=9 workers=8
  [9420/10001] (94%) ok=9411 fail=9 workers=8
  [concurrency] workers=12 | throughput=0.6 tiles/s | fail_rate=0.0% | → nudge up
  [9430/10001] (94%) ok=9421 fail=9 workers=12
  [9440/10001] (94%) ok=9431 fail=9 workers=12
  [concurrency] workers=8 | throughput=0.5 tiles/s | fail_rate=0.0% | ↓ decrease (throughput degrading)
  [9450/10001] (94%) ok=9441 fail=9 workers=8
  [9460/10001] (95%) ok=9451 fail=9 workers=8
  [concurrency] workers=12 | throughput=0.6 tiles/s | fail_rate=0.0% | → nudge up
  [9470/10001] (95%) ok=9461 fail=9 workers=12
  [9480/10001] (95%) ok=9471 fail=9 workers=12
  [concurrency] workers=8 | throughput=0.5 tiles/s | fail_rate=0.0% | ↓ decrease (throughput degrading)
  [9490/10001] (95%) ok=9481 fail=9 workers=8
  [9500/10001] (95%) ok=9491 fail=9 workers=8
  [concurrency] workers=12 | throughput=0.6 tiles/s | fail_rate=0.0% | → nudge up
  [9510/10001] (95%) ok=9501 fail=9 workers=12
  [9520/10001] (95%) ok=9511 fail=9 workers=12
  [concurrency] workers=16 | throughput=0.5 tiles/s | fail_rate=0.0% | → nudge up
  [9530/10001] (95%) ok=9521 fail=9 workers=16
  [9540/10001] (95%) ok=9531 fail=9 workers=16
  [concurrency] workers=16 | throughput=0.6 tiles/s | fail_rate=0.0% | → nudge up
  [9550/10001] (95%) ok=9541 fail=9 workers=16
  [9560/10001] (96%) ok=9551 fail=9 workers=16
  [concurrency] workers=8 | throughput=0.5 tiles/s | fail_rate=0.0% | ↓ decrease (throughput degrading)
  [9570/10001] (96%) ok=9561 fail=9 workers=8
  [9580/10001] (96%) ok=9571 fail=9 workers=8
  [concurrency] workers=12 | throughput=0.6 tiles/s | fail_rate=0.0% | → nudge up
  [9590/10001] (96%) ok=9581 fail=9 workers=12
  [9600/10001] (96%) ok=9591 fail=9 workers=12
  [concurrency] workers=16 | throughput=0.6 tiles/s | fail_rate=0.0% | → nudge up
  checkpoint saved at 9600 ok tiles
  [9610/10001] (96%) ok=9601 fail=9 workers=16
  [9620/10001] (96%) ok=9611 fail=9 workers=16
  [concurrency] workers=16 | throughput=0.6 tiles/s | fail_rate=0.0% | → nudge up
  [9630/10001] (96%) ok=9621 fail=9 workers=16
  [9640/10001] (96%) ok=9631 fail=9 workers=16
  [concurrency] workers=8 | throughput=0.5 tiles/s | fail_rate=0.0% | ↓ decrease (throughput degrading)
  [9650/10001] (96%) ok=9641 fail=9 workers=8
  [9660/10001] (97%) ok=9651 fail=9 workers=8
  [concurrency] workers=8 | throughput=0.4 tiles/s | fail_rate=0.0% | ↓ decrease (throughput degrading)
  [9670/10001] (97%) ok=9661 fail=9 workers=8
  [9680/10001] (97%) ok=9671 fail=9 workers=8
  [concurrency] workers=12 | throughput=0.4 tiles/s | fail_rate=0.0% | → nudge up
  [9690/10001] (97%) ok=9681 fail=9 workers=12
  [9700/10001] (97%) ok=9691 fail=9 workers=12
  [concurrency] workers=16 | throughput=0.6 tiles/s | fail_rate=0.0% | → nudge up
  [9710/10001] (97%) ok=9701 fail=9 workers=16
  [9720/10001] (97%) ok=9711 fail=9 workers=16
  [concurrency] workers=8 | throughput=0.4 tiles/s | fail_rate=0.0% | ↓ decrease (throughput degrading)
  [9730/10001] (97%) ok=9721 fail=9 workers=8
  [9740/10001] (97%) ok=9731 fail=9 workers=8
  [concurrency] workers=12 | throughput=0.5 tiles/s | fail_rate=0.0% | → nudge up
  [9750/10001] (97%) ok=9741 fail=9 workers=12
  [9760/10001] (98%) ok=9751 fail=9 workers=12
  [concurrency] workers=16 | throughput=0.6 tiles/s | fail_rate=0.0% | → nudge up
  [9770/10001] (98%) ok=9761 fail=9 workers=16
  [9780/10001] (98%) ok=9771 fail=9 workers=16
  [concurrency] workers=16 | throughput=0.6 tiles/s | fail_rate=0.0% | → nudge up
  [9790/10001] (98%) ok=9781 fail=9 workers=16
  [9800/10001] (98%) ok=9791 fail=9 workers=16
  [concurrency] workers=8 | throughput=0.4 tiles/s | fail_rate=0.0% | ↓ decrease (throughput degrading)
  checkpoint saved at 9800 ok tiles
  [9810/10001] (98%) ok=9801 fail=9 workers=8
  [9820/10001] (98%) ok=9811 fail=9 workers=8
  [concurrency] workers=12 | throughput=0.5 tiles/s | fail_rate=0.0% | → nudge up
  [9830/10001] (98%) ok=9821 fail=9 workers=12
  [9840/10001] (98%) ok=9831 fail=9 workers=12
  [concurrency] workers=16 | throughput=0.5 tiles/s | fail_rate=0.0% | → nudge up
  [9850/10001] (98%) ok=9841 fail=9 workers=16
  [9860/10001] (99%) ok=9851 fail=9 workers=16
  [concurrency] workers=16 | throughput=0.5 tiles/s | fail_rate=0.0% | → nudge up
  [9870/10001] (99%) ok=9861 fail=9 workers=16
  [9880/10001] (99%) ok=9871 fail=9 workers=16
  [concurrency] workers=16 | throughput=0.6 tiles/s | fail_rate=0.0% | → nudge up
  [9890/10001] (99%) ok=9881 fail=9 workers=16
  [9900/10001] (99%) ok=9891 fail=9 workers=16
  [concurrency] workers=16 | throughput=0.5 tiles/s | fail_rate=0.0% | → nudge up
  [9910/10001] (99%) ok=9901 fail=9 workers=16
  [9920/10001] (99%) ok=9911 fail=9 workers=16
  [concurrency] workers=16 | throughput=0.6 tiles/s | fail_rate=0.0% | → nudge up
  [9930/10001] (99%) ok=9921 fail=9 workers=16
  [9940/10001] (99%) ok=9931 fail=9 workers=16
  [concurrency] workers=8 | throughput=0.5 tiles/s | fail_rate=0.0% | ↓ decrease (throughput degrading)
  [9950/10001] (99%) ok=9941 fail=9 workers=8
  [9960/10001] (100%) ok=9951 fail=9 workers=8
  [concurrency] workers=12 | throughput=0.6 tiles/s | fail_rate=0.0% | → nudge up
  [9970/10001] (100%) ok=9961 fail=9 workers=12
  [9980/10001] (100%) ok=9971 fail=9 workers=12
  [concurrency] workers=8 | throughput=0.5 tiles/s | fail_rate=0.0% | ↓ decrease (throughput degrading)
  [9990/10001] (100%) ok=9981 fail=9 workers=8
  [10000/10001] (100%) ok=9991 fail=9 workers=8
  [concurrency] workers=12 | throughput=0.5 tiles/s | fail_rate=0.0% | → nudge up
  [10001/10001] (100%) ok=9992 fail=9 workers=12

  Concurrency tuning summary:
   workers    tiles/s  fail_rate
         8       0.22       0.0% ← best
        16       0.50       0.0%
        16       0.40       0.0%
         8       0.63       0.0% ← best
        16       0.55       0.0%
         8       0.61       0.0% ← best
        12       0.47       0.0%
         8       0.59       0.0% ← best
        12       0.53       0.0%
         8       0.50       0.0% ← best
        12       0.59       0.0%
        16       0.58       0.0%
        16       0.56       0.0%
        16       0.50       0.0%
         8       0.61       0.0% ← best
        12       0.64       0.0%
        16       0.55       0.0%
         8       0.53       0.0% ← best
        12       0.53       0.0%
        16       0.64       0.0%
        16       0.57       0.0%
         8       0.62       0.0% ← best
        12       0.47       0.0%
         8       0.64       0.0% ← best
        16       0.51       0.0%
         8       0.55       0.0% ← best
        12       0.57       5.0%
        16       0.55       0.0%
        16       0.50       0.0%
         8       0.61       0.0% ← best
        12       0.52       0.0%
         8       0.59       0.0% ← best
        12       0.54       0.0%
        16       0.63       0.0%
        16       0.51       0.0%
         8       0.54       0.0% ← best
        12       0.63       0.0%
        16       0.53       0.0%
         8       0.60       0.0% ← best
        12       0.58       0.0%
        16       0.56       0.0%
        16       0.54       0.0%
        16       0.60       0.0%
        16       0.52       0.0%
         8       0.48       0.0% ← best
        12       0.66       0.0%
        16       0.59       0.0%
         8       0.63       0.0% ← best
        12       0.42       0.0%
         8       0.57       0.0% ← best
        12       0.60       0.0%
        16       0.51       0.0%
         8       0.58       0.0% ← best
        12       0.64       0.0%
        16       0.52       0.0%
         8       0.40       0.0% ← best
         8       0.31       0.0% ← best
         8       0.61       0.0% ← best
        12       0.54       0.0%
         8       0.59       0.0% ← best
        12       0.53       0.0%
         8       0.49       0.0% ← best
        12       0.60       0.0%
        16       0.58       0.0%
        16       0.63       0.0%
        16       0.41       0.0%
         8       0.67       0.0% ← best
        16       0.59       0.0%
         8       0.52       0.0% ← best
         8       0.46       0.0% ← best
         8       0.60       0.0% ← best
        12       0.62       0.0%
        16       0.54       0.0%
         8       0.52       0.0% ← best
        12       0.51       0.0%
        16       0.60       0.0%
        16       0.60       0.0%
        16       0.50       0.0%
         8       0.49       0.0% ← best
        12       0.61       0.0%
        16       0.56       0.0%
        16       0.66       0.0%
        16       0.45       0.0%
         8       0.56       0.0% ← best
        12       0.57       0.0%
        16       0.58       0.0%
        16       0.49       0.0%
         8       0.60       0.0% ← best
        12       0.58       0.0%
        16       0.53       0.0%
        16       0.52       0.0%
        16       0.55       5.0%
        16       0.60       0.0%
        16       0.57       0.0%
        16       0.51       0.0%
         8       0.63       0.0% ← best
        12       0.53       0.0%
         8       0.59       0.0% ← best
        12       0.48       0.0%
         8       0.64       0.0% ← best
        12       0.54       5.0%
         8       0.60       0.0% ← best
        12       0.49       0.0%
         8       0.54       0.0% ← best
        12       0.64       0.0%
        16       0.51       0.0%
         8       0.54       0.0% ← best
        12       0.61       0.0%
        16       0.56       0.0%
        16       0.54       0.0%
        16       0.51       0.0%
        16       0.64       0.0%
        16       0.61       0.0%
        16       0.48       0.0%
         8       0.54       0.0% ← best
        12       0.65       0.0%
        16       0.58       0.0%
         8       0.53       0.0% ← best
        12       0.51       0.0%
        16       0.61       0.0%
        16       0.61       0.0%
        16       0.54       0.0%
         8       0.48       0.0% ← best
         8       0.66       0.0% ← best
        12       0.56       0.0%
         8       0.56       0.0% ← best
        12       0.52       0.0%
        16       0.65       0.0%
        16       0.37       0.0%
         8       0.35       0.0% ← best
        12       0.47       0.0%
        16       0.59       0.0%
        16       0.62       0.0%
        16       0.60       5.0%
        16       0.43       0.0%
         8       0.54       0.0% ← best
        12       0.61       0.0%
        16       0.61       0.0%
        16       0.50       0.0%
         8       0.48       0.0% ← best
        12       0.58       0.0%
        16       0.58       0.0%
        16       0.64       0.0%
        16       0.50       0.0%
         8       0.59       0.0% ← best
        12       0.59       0.0%
        16       0.57       0.0%
        16       0.44       0.0%
         8       0.59       0.0% ← best
        12       0.57       0.0%
        16       0.57       0.0%
        16       0.52       0.0%
        16       0.54       0.0%
        16       0.56       0.0%
        16       0.55       0.0%
        16       0.59       0.0%
        16       0.53       0.0%
        16       0.55       0.0%
        16       0.58       0.0%
        16       0.54       0.0%
        16       0.59       0.0%
        16       0.54       0.0%
        16       0.54       0.0%
        16       0.55       0.0%
        16       0.58       0.0%
        16       0.50       0.0%
         8       0.57       0.0% ← best
        12       0.59       0.0%
        16       0.55       0.0%
        16       0.55       0.0%
        16       0.56       0.0%
        16       0.58       0.0%
        16       0.50       0.0%
         8       0.57       0.0% ← best
        12       0.52       0.0%
        16       0.67       0.0%
        16       0.49       0.0%
         8       0.55       0.0% ← best
        12       0.54       0.0%
        16       0.56       0.0%
        16       0.63       0.0%
        16       0.51       0.0%
         8       0.64       0.0% ← best
        12       0.51       0.0%
         8       0.57       0.0% ← best
        12       0.53       0.0%
        16       0.66       0.0%
        16       0.56       0.0%
         8       0.53       0.0% ← best
        12       0.52       0.0%
        16       0.55       0.0%
        16       0.58       0.0%
        16       0.58       0.0%
        16       0.52       0.0%
        16       0.52       0.0%
        16       0.60       0.0%
        16       0.53       0.0%
         8       0.59       0.0% ← best
        12       0.51       0.0%
         8       0.56       0.0% ← best
        12       0.53       0.0%
        16       0.40       0.0%
         8       0.39       0.0% ← best
        12       0.48       0.0%
        16       0.44       0.0%
        16       0.67       0.0%
        16       0.58       0.0%
         8       0.51       0.0% ← best
         8       0.51       0.0% ← best
        12       0.62       0.0%
        16       0.56       0.0%
        16       0.49       0.0%
         8       0.50       0.0% ← best
        12       0.64       0.0%
        16       0.64       0.0%
        16       0.42       0.0%
         8       0.59       0.0% ← best
        12       0.56       0.0%
        16       0.61       0.0%
        16       0.51       0.0%
         8       0.56       0.0% ← best
        12       0.49       0.0%
         8       0.58       0.0% ← best
        12       0.60       0.0%
        16       0.54       0.0%
        16       0.50       0.0%
        16       0.58       0.0%
        16       0.62       0.0%
        16       0.54       0.0%
         8       0.49       0.0% ← best
        12       0.57       0.0%
        16       0.53       0.0%
        16       0.55       0.0%
        16       0.56       0.0%
        16       0.52       0.0%
        16       0.56       0.0%
        16       0.51       0.0%
        16       0.58       0.0%
        16       0.61       0.0%
        16       0.59       0.0%
        16       0.45       0.0%
         8       0.64       0.0% ← best
        12       0.61       0.0%
        16       0.55       0.0%
        16       0.52       0.0%
        16       0.55       0.0%
        16       0.62       0.0%
        16       0.54       0.0%
         8       0.55       0.0% ← best
        12       0.54       0.0%
        16       0.57       0.0%
        16       0.55       0.0%
        16       0.54       0.0%
        16       0.54       0.0%
        16       0.56       0.0%
        16       0.57       0.0%
        16       0.53       0.0%
        16       0.55       0.0%
        16       0.54       0.0%
        16       0.58       0.0%
        16       0.63       0.0%
        16       0.52       0.0%
         8       0.34       5.0% ← best
         8       0.35       0.0% ← best
        12       0.34       5.0%
        16       0.58       0.0%
        16       0.49       0.0%
         8       0.61       0.0% ← best
        12       0.58       0.0%
        16       0.53       0.0%
        16       0.54       0.0%
        16       0.51       0.0%
        16       0.37       0.0%
         8       0.36       0.0% ← best
        12       0.60       0.0%
        16       0.53       0.0%
         8       0.48       0.0% ← best
         8       0.55       0.0% ← best
        12       0.62       0.0%
        16       0.48       0.0%
         8       0.63       0.0% ← best
        12       0.52       0.0%
         8       0.51       0.0% ← best
        12       0.52       0.0%
        16       0.57       0.0%
        16       0.62       0.0%
        16       0.55       0.0%
         8       0.54       0.0% ← best
        12       0.58       0.0%
        16       0.51       0.0%
         8       0.57       0.0% ← best
        12       0.53       0.0%
        16       0.62       0.0%
        16       0.62       0.0%
        16       0.48       0.0%
         8       0.55       0.0% ← best
        12       0.54       0.0%
        16       0.58       0.0%
        16       0.54       0.0%
        16       0.55       0.0%
        16       0.53       0.0%
        16       0.51       0.0%
        16       0.57       0.0%
        16       0.50       0.0%
         8       0.58       0.0% ← best
        12       0.61       0.0%
        16       0.60       0.0%
        16       0.47       0.0%
         8       0.54       0.0% ← best
        12       0.58       0.0%
        16       0.61       0.0%
        16       0.57       0.0%
        16       0.47       0.0%
         8       0.57       0.0% ← best
        12       0.58       0.0%
        16       0.55       0.0%
        16       0.54       0.0%
        16       0.56       0.0%
        16       0.56       0.0%
        16       0.63       0.0%
        16       0.49       0.0%
         8       0.59       0.0% ← best
        12       0.53       0.0%
         8       0.58       0.0% ← best
        12       0.60       0.0%
        16       0.56       0.0%
        16       0.47       0.0%
         8       0.55       0.0% ← best
        12       0.61       0.0%
        16       0.49       0.0%
         8       0.53       0.0% ← best
        12       0.55       0.0%
        16       0.56       0.0%
        16       0.52       0.0%
        16       0.55       0.0%
        16       0.55       0.0%
        16       0.53       0.0%
        16       0.56       0.0%
        16       0.56       0.0%
        16       0.47       0.0%
         8       0.57       0.0% ← best
        12       0.46       0.0%
         8       0.60       0.0% ← best
        12       0.58       0.0%
        16       0.55       0.0%
        16       0.37       0.0%
         8       0.31       0.0% ← best
         8       0.57       0.0% ← best
        12       0.62       0.0%
        16       0.57       0.0%
        16       0.52       0.0%
        16       0.54       0.0%
        16       0.66       0.0%
        16       0.58       0.0%
         8       0.36       0.0% ← best
         8       0.48       0.0% ← best
        12       0.60       0.0%
        16       0.53       0.0%
         8       0.58       5.0% ← best
        12       0.56       0.0%
        16       0.57       0.0%
        16       0.53       0.0%
        16       0.57       0.0%
        16       0.46       0.0%
         8       0.66       0.0% ← best
        12       0.53       0.0%
         8       0.63       0.0% ← best
        12       0.58       0.0%
        16       0.58       0.0%
        16       0.51       0.0%
         8       0.58       0.0% ← best
        12       0.54       0.0%
        16       0.58       0.0%
        16       0.55       0.0%
        16       0.50       0.0%
        16       0.46       0.0%
        16       0.49       0.0%
        16       0.56       0.0%
        16       0.56       0.0%
        16       0.59       0.0%
        16       0.49       0.0%
         8       0.49       5.0% ← best
        12       0.50       0.0%
        16       0.51       0.0%
        16       0.52       0.0%
        16       0.47       0.0%
        16       0.49       0.0%
        16       0.54       0.0%
        16       0.59       0.0%
        16       0.43       0.0%
         8       0.52       0.0% ← best
        12       0.46       0.0%
         8       0.47       0.0% ← best
        12       0.45       0.0%
        16       0.46       0.0%
        16       0.61       0.0%
        16       0.54       0.0%
         8       0.48       0.0% ← best
         8       0.47       0.0% ← best
        12       0.42       0.0%
         8       0.60       0.0% ← best
        12       0.51       0.0%
         8       0.57       0.0% ← best
        12       0.48       0.0%
         8       0.44       5.0% ← best
        12       0.55       0.0%
        16       0.51       0.0%
        16       0.53       0.0%
        16       0.49       0.0%
        16       0.49       0.0%
        16       0.50       0.0%
        16       0.35       0.0%
         8       0.58       0.0% ← best
        12       0.34       0.0%
         8       0.37       0.0% ← best
        12       0.56       0.0%
        16       0.58       0.0%
        16       0.47       0.0%
         8       0.54       0.0% ← best
        12       0.52       0.0%
        16       0.56       0.0%
        16       0.51       0.0%
        16       0.50       0.0%
        16       0.48       0.0%
        16       0.53       0.0%
        16       0.59       0.0%
        16       0.61       0.0%
        16       0.47       0.0%
         8       0.51       0.0% ← best
        12       0.58       0.0%
        16       0.58       0.0%
        16       0.50       0.0%
         8       0.57       0.0% ← best
        12       0.46       0.0%
         8       0.57       0.0% ← best
        12       0.53       0.0%
        16       0.56       0.0%
        16       0.43       0.0%
         8       0.58       0.0% ← best
        12       0.43       0.0%
         8       0.53       0.0% ← best
        12       0.55       0.0%
        16       0.51       0.0%
        16       0.48       0.0%
        16       0.48       0.0%
        16       0.52       0.0%
        16       0.55       0.0%
        16       0.54       0.0%
        16       0.49       0.0%
        16       0.54       0.0%
        16       0.59       0.0%
        16       0.47       0.0%
         8       0.59       0.0% ← best
        12       0.52       0.0%
         8       0.64       0.0% ← best
        12       0.43       0.0%
         8       0.59       0.0% ← best
        12       0.34       0.0%
         8       0.42       0.0% ← best
        12       0.51       0.0%
        16       0.55       0.0%
        16       0.33       0.0%
         8       0.51       0.0% ← best
        12       0.49       0.0%
        16       0.61       0.0%
        16       0.58       0.0%
        16       0.49       0.0%
         8       0.50       0.0% ← best
        12       0.58       0.0%
        16       0.50       0.0%
         8       0.60       0.0% ← best
        12       0.47       0.0%
         8       0.62       0.0% ← best
        12       0.47       0.0%
         8       0.58       0.0% ← best
        12       0.54       0.0%
        16       0.58       0.0%
        16       0.48       0.0%
         8       0.57       0.0% ← best
        12       0.63       0.0%
        16       0.59       0.0%
        16       0.52       0.0%
         8       0.40       0.0% ← best
         8       0.37       0.0% ← best
        12       0.60       0.0%
        16       0.42       0.0%
         8       0.49       0.0% ← best
        12       0.62       0.0%
        16       0.59       0.0%
        16       0.41       0.0%
         8       0.48       0.0% ← best
        12       0.51       0.0%
        16       0.53       0.0%
        16       0.56       0.0%
        16       0.53       0.0%
        16       0.58       0.0%
        16       0.46       0.0%
         8       0.60       0.0% ← best
        12       0.50       0.0%
         8       0.54       0.0% ← best
  Best: 8 workers @ 0.67 tiles/s
  Checkpoint preserved (some assets failed).

  STAC fetch complete: 9992 ok / 9 failed
        fetched ok=9992 fail=9
  [2/4] QC (min_valid_ratio=0.8) ...
  QC [1000/10001] passed=991
  QC [2000/10001] passed=1978
  QC [3000/10001] passed=2965
  QC [4000/10001] passed=3959
  QC [5000/10001] passed=4943
  QC [6000/10001] passed=5930
  QC [7000/10001] passed=6921
  QC [8000/10001] passed=7915
  QC [9000/10001] passed=8903
  QC [10000/10001] passed=9892
  QC [10001/10001] passed=9893
QC complete: 9893 passed, 108 failed (10001 total)
        QC passed 9893 / 10001
  [3/4] triage ...
  Triage [1000/9893] high=1000 low=0 contradiction=0
  Triage [2000/9893] high=2000 low=0 contradiction=0
  Triage [3000/9893] high=3000 low=0 contradiction=0
  Triage [4000/9893] high=4000 low=0 contradiction=0
  Triage [5000/9893] high=5000 low=0 contradiction=0
  Triage [6000/9893] high=6000 low=0 contradiction=0
  Triage [7000/9893] high=7000 low=0 contradiction=0
  Triage [8000/9893] high=8000 low=0 contradiction=0
  Triage [9000/9893] high=9000 low=0 contradiction=0
  Triage [9893/9893] high=9893 low=0 contradiction=0
Triage complete: 9893 high / 0 low / 0 contradiction (9893 total)
        accepted 9893
  [4/4] assemble -> C:\Users\j.guthrie\Downloads\RESEARCH\infra_fm\data\curated_datasets\dataset_south-america_water_v1
C:\Users\j.guthrie\Downloads\RESEARCH\infra_fm\fetch_v1_overnight.py:221: DeprecationWarning: datetime.datetime.utcnow() is deprecated and scheduled for removal in a future version. Use timezone-aware objects to represent datetimes in UTC: datetime.datetime.now(datetime.UTC).
  "completed_at"   : datetime.utcnow().isoformat() + "Z",
  [1000/9893] saved=1000 failed=0
  [2000/9893] saved=2000 failed=0
  [3000/9893] saved=3000 failed=0
  [4000/9893] saved=4000 failed=0
  [5000/9893] saved=5000 failed=0
  [6000/9893] saved=6000 failed=0
  [7000/9893] saved=7000 failed=0
  [8000/9893] saved=8000 failed=0
  [9000/9893] saved=9000 failed=0
  [9893/9893] saved=9893 failed=0

Dataset assembled: 9893 tiles saved, 0 failed
  Images:   C:\Users\j.guthrie\Downloads\RESEARCH\infra_fm\data\curated_datasets\dataset_south-america_water_v1\images
  Manifest: C:\Users\j.guthrie\Downloads\RESEARCH\infra_fm\data\curated_datasets\dataset_south-america_water_v1\manifest.json
  Summary:  C:\Users\j.guthrie\Downloads\RESEARCH\infra_fm\data\curated_datasets\dataset_south-america_water_v1\summary.csv

Tiles by asset type:
asset_type
water.storage_tank        7367
water.treatment.plant     1273
water.wastewater.plant    1253

Tiles by source/modality:
source
stac_sentinel2_ms+sentinel1    9893

Temporal tiles: 0 / 9893
  [done] south-america/water in 18888s — 9893 tiles assembled

>>> [13/28] africa/telecom (n=1)

========================================================================
CELL  africa/telecom   (2026-06-03 11:40:36)
========================================================================
  loaded 1 assets from africa_telecom_v1_sample.parquet
  [1/4] STAC fetch ...
STACImageryFetcher: modalities=['sentinel2_ms', 'sentinel1'], n_bands=9, temporal_stack=False, buffer_m=300, workers=8 (adaptive)
  STAC fetch: 1 assets pending (0 already checkpointed)
  [1/1] (100%) ok=1 fail=0 workers=8

  STAC fetch complete: 1 ok / 0 failed
        fetched ok=1 fail=0
  [2/4] QC (min_valid_ratio=0.8) ...
  QC [1/1] passed=1
QC complete: 1 passed, 0 failed (1 total)
        QC passed 1 / 1
  [3/4] triage ...
  Triage [1/1] high=1 low=0 contradiction=0
Triage complete: 1 high / 0 low / 0 contradiction (1 total)
        accepted 1
  [4/4] assemble -> C:\Users\j.guthrie\Downloads\RESEARCH\infra_fm\data\curated_datasets\dataset_africa_telecom_v1
C:\Users\j.guthrie\Downloads\RESEARCH\infra_fm\fetch_v1_overnight.py:221: DeprecationWarning: datetime.datetime.utcnow() is deprecated and scheduled for removal in a future version. Use timezone-aware objects to represent datetimes in UTC: datetime.datetime.now(datetime.UTC).
  "completed_at"   : datetime.utcnow().isoformat() + "Z",
  [1/1] saved=1 failed=0

Dataset assembled: 1 tiles saved, 0 failed
  Images:   C:\Users\j.guthrie\Downloads\RESEARCH\infra_fm\data\curated_datasets\dataset_africa_telecom_v1\images
  Manifest: C:\Users\j.guthrie\Downloads\RESEARCH\infra_fm\data\curated_datasets\dataset_africa_telecom_v1\manifest.json
  Summary:  C:\Users\j.guthrie\Downloads\RESEARCH\infra_fm\data\curated_datasets\dataset_africa_telecom_v1\summary.csv

Tiles by asset type:
asset_type
telecom.data_center    1

Tiles by source/modality:
source
stac_sentinel2_ms+sentinel1    1

Temporal tiles: 0 / 1
  [done] africa/telecom in 30s — 1 tiles assembled

>>> [14/28] africa/transport (n=5,297)

========================================================================
CELL  africa/transport   (2026-06-03 11:41:05)
========================================================================
  loaded 5,297 assets from africa_transport_v1_sample.parquet
  [1/4] STAC fetch ...
STACImageryFetcher: modalities=['sentinel2_ms', 'sentinel1'], n_bands=9, temporal_stack=False, buffer_m=300, workers=8 (adaptive)
  STAC fetch: 5297 assets pending (0 already checkpointed)
  [10/5297] (0%) ok=10 fail=0 workers=8
  [20/5297] (0%) ok=20 fail=0 workers=8
  [concurrency] workers=16 | throughput=0.2 tiles/s | fail_rate=0.0% | ↑ increase (throughput improving)
  [30/5297] (1%) ok=30 fail=0 workers=16
C:\Users\j.guthrie\Downloads\RESEARCH\infra_fm\curation\stac_imagery.py:240: RuntimeWarning: invalid value encountered in log10
  arr = np.where(arr > 0, 10 * np.log10(arr + 1e-10), vmin)
  [40/5297] (1%) ok=40 fail=0 workers=16
  [concurrency] workers=16 | throughput=0.5 tiles/s | fail_rate=0.0% | ↑ increase (throughput improving)
  [50/5297] (1%) ok=50 fail=0 workers=16
  [60/5297] (1%) ok=60 fail=0 workers=16
  [concurrency] workers=8 | throughput=0.3 tiles/s | fail_rate=0.0% | ↓ decrease (throughput degrading)
  [70/5297] (1%) ok=70 fail=0 workers=8
  [80/5297] (2%) ok=80 fail=0 workers=8
  [concurrency] workers=16 | throughput=0.5 tiles/s | fail_rate=0.0% | ↑ increase (throughput improving)
  [90/5297] (2%) ok=90 fail=0 workers=16
  [100/5297] (2%) ok=100 fail=0 workers=16
  [concurrency] workers=16 | throughput=0.5 tiles/s | fail_rate=0.0% | → nudge up
  [110/5297] (2%) ok=110 fail=0 workers=16
  [120/5297] (2%) ok=120 fail=0 workers=16
  [concurrency] workers=16 | throughput=0.6 tiles/s | fail_rate=0.0% | ↑ increase (throughput improving)
  [130/5297] (2%) ok=130 fail=0 workers=16
  [140/5297] (3%) ok=140 fail=0 workers=16
  [concurrency] workers=8 | throughput=0.4 tiles/s | fail_rate=0.0% | ↓ decrease (throughput degrading)
  [150/5297] (3%) ok=150 fail=0 workers=8
  [160/5297] (3%) ok=160 fail=0 workers=8
  [concurrency] workers=12 | throughput=0.5 tiles/s | fail_rate=0.0% | → nudge up
  [170/5297] (3%) ok=170 fail=0 workers=12
  [180/5297] (3%) ok=180 fail=0 workers=12
  [concurrency] workers=16 | throughput=0.5 tiles/s | fail_rate=0.0% | → nudge up
  [190/5297] (4%) ok=190 fail=0 workers=16
  [200/5297] (4%) ok=200 fail=0 workers=16
  [concurrency] workers=16 | throughput=0.6 tiles/s | fail_rate=0.0% | ↑ increase (throughput improving)
  checkpoint saved at 200 ok tiles
  [210/5297] (4%) ok=210 fail=0 workers=16
  [220/5297] (4%) ok=220 fail=0 workers=16
  [concurrency] workers=8 | throughput=0.5 tiles/s | fail_rate=0.0% | ↓ decrease (throughput degrading)
  [230/5297] (4%) ok=230 fail=0 workers=8
  [240/5297] (5%) ok=240 fail=0 workers=8
  [concurrency] workers=12 | throughput=0.6 tiles/s | fail_rate=0.0% | → nudge up
  [250/5297] (5%) ok=250 fail=0 workers=12
  [260/5297] (5%) ok=260 fail=0 workers=12
  [concurrency] workers=16 | throughput=0.6 tiles/s | fail_rate=0.0% | → nudge up
  [270/5297] (5%) ok=270 fail=0 workers=16
  [280/5297] (5%) ok=280 fail=0 workers=16
  [concurrency] workers=16 | throughput=0.5 tiles/s | fail_rate=0.0% | → nudge up
  [290/5297] (5%) ok=290 fail=0 workers=16
  [300/5297] (6%) ok=300 fail=0 workers=16
  [concurrency] workers=16 | throughput=0.5 tiles/s | fail_rate=0.0% | → nudge up
  [310/5297] (6%) ok=310 fail=0 workers=16
  [320/5297] (6%) ok=320 fail=0 workers=16
  [concurrency] workers=16 | throughput=0.6 tiles/s | fail_rate=0.0% | → nudge up
  [330/5297] (6%) ok=330 fail=0 workers=16
  [340/5297] (6%) ok=340 fail=0 workers=16
  [concurrency] workers=8 | throughput=0.5 tiles/s | fail_rate=0.0% | ↓ decrease (throughput degrading)
  [350/5297] (7%) ok=350 fail=0 workers=8
  [360/5297] (7%) ok=360 fail=0 workers=8
  [concurrency] workers=12 | throughput=0.6 tiles/s | fail_rate=0.0% | → nudge up
  [370/5297] (7%) ok=370 fail=0 workers=12
  [380/5297] (7%) ok=380 fail=0 workers=12
  [concurrency] workers=8 | throughput=0.5 tiles/s | fail_rate=0.0% | ↓ decrease (throughput degrading)
  [390/5297] (7%) ok=390 fail=0 workers=8
  [400/5297] (8%) ok=400 fail=0 workers=8
  [concurrency] workers=12 | throughput=0.5 tiles/s | fail_rate=0.0% | → nudge up
  checkpoint saved at 400 ok tiles
  [410/5297] (8%) ok=410 fail=0 workers=12
  [420/5297] (8%) ok=420 fail=0 workers=12
  [concurrency] workers=16 | throughput=0.6 tiles/s | fail_rate=0.0% | → nudge up
  [430/5297] (8%) ok=430 fail=0 workers=16
  [440/5297] (8%) ok=440 fail=0 workers=16
  [concurrency] workers=16 | throughput=0.5 tiles/s | fail_rate=0.0% | → nudge up
  [450/5297] (8%) ok=450 fail=0 workers=16
  [460/5297] (9%) ok=460 fail=0 workers=16
  [concurrency] workers=16 | throughput=0.5 tiles/s | fail_rate=0.0% | → nudge up
  [470/5297] (9%) ok=470 fail=0 workers=16
  [480/5297] (9%) ok=480 fail=0 workers=16
  [concurrency] workers=16 | throughput=0.6 tiles/s | fail_rate=0.0% | → nudge up
  [490/5297] (9%) ok=490 fail=0 workers=16
  [500/5297] (9%) ok=500 fail=0 workers=16
  [concurrency] workers=8 | throughput=0.5 tiles/s | fail_rate=0.0% | ↓ decrease (throughput degrading)
  [510/5297] (10%) ok=510 fail=0 workers=8
  [520/5297] (10%) ok=520 fail=0 workers=8
  [concurrency] workers=12 | throughput=0.6 tiles/s | fail_rate=0.0% | → nudge up
  [530/5297] (10%) ok=530 fail=0 workers=12
  [540/5297] (10%) ok=540 fail=0 workers=12
  [concurrency] workers=16 | throughput=0.5 tiles/s | fail_rate=0.0% | → nudge up
  [550/5297] (10%) ok=550 fail=0 workers=16
  [560/5297] (11%) ok=560 fail=0 workers=16
  [concurrency] workers=16 | throughput=0.5 tiles/s | fail_rate=0.0% | → nudge up
  [570/5297] (11%) ok=570 fail=0 workers=16
  [580/5297] (11%) ok=580 fail=0 workers=16
  [concurrency] workers=16 | throughput=0.5 tiles/s | fail_rate=0.0% | → nudge up
  [590/5297] (11%) ok=590 fail=0 workers=16
  [600/5297] (11%) ok=600 fail=0 workers=16
  [concurrency] workers=16 | throughput=0.5 tiles/s | fail_rate=0.0% | → nudge up
  checkpoint saved at 600 ok tiles
  [610/5297] (12%) ok=610 fail=0 workers=16
  [620/5297] (12%) ok=620 fail=0 workers=16
  [concurrency] workers=16 | throughput=0.5 tiles/s | fail_rate=0.0% | → nudge up
  [630/5297] (12%) ok=630 fail=0 workers=16
  [640/5297] (12%) ok=640 fail=0 workers=16
  [concurrency] workers=16 | throughput=0.6 tiles/s | fail_rate=0.0% | → nudge up
  [650/5297] (12%) ok=650 fail=0 workers=16
  [660/5297] (12%) ok=660 fail=0 workers=16
  [concurrency] workers=16 | throughput=0.6 tiles/s | fail_rate=0.0% | → nudge up
  [670/5297] (13%) ok=670 fail=0 workers=16
  [680/5297] (13%) ok=680 fail=0 workers=16
  [concurrency] workers=8 | throughput=0.5 tiles/s | fail_rate=0.0% | ↓ decrease (throughput degrading)
  [690/5297] (13%) ok=690 fail=0 workers=8
  [700/5297] (13%) ok=700 fail=0 workers=8
  [concurrency] workers=12 | throughput=0.6 tiles/s | fail_rate=0.0% | → nudge up
  [710/5297] (13%) ok=710 fail=0 workers=12
  [720/5297] (14%) ok=720 fail=0 workers=12
  [concurrency] workers=16 | throughput=0.6 tiles/s | fail_rate=0.0% | → nudge up
  [730/5297] (14%) ok=730 fail=0 workers=16
  [740/5297] (14%) ok=740 fail=0 workers=16
  [concurrency] workers=16 | throughput=0.6 tiles/s | fail_rate=0.0% | ↑ increase (throughput improving)
  [750/5297] (14%) ok=750 fail=0 workers=16
  [760/5297] (14%) ok=760 fail=0 workers=16
  [concurrency] workers=8 | throughput=0.5 tiles/s | fail_rate=0.0% | ↓ decrease (throughput degrading)
  [770/5297] (15%) ok=770 fail=0 workers=8
  [780/5297] (15%) ok=780 fail=0 workers=8
  [concurrency] workers=12 | throughput=0.5 tiles/s | fail_rate=0.0% | → nudge up
  [790/5297] (15%) ok=790 fail=0 workers=12
  [800/5297] (15%) ok=800 fail=0 workers=12
  [concurrency] workers=8 | throughput=0.5 tiles/s | fail_rate=0.0% | ↓ decrease (throughput degrading)
  checkpoint saved at 800 ok tiles
  [810/5297] (15%) ok=810 fail=0 workers=8
  [820/5297] (15%) ok=820 fail=0 workers=8
  [concurrency] workers=12 | throughput=0.6 tiles/s | fail_rate=0.0% | → nudge up
  [830/5297] (16%) ok=830 fail=0 workers=12
  [840/5297] (16%) ok=840 fail=0 workers=12
  [concurrency] workers=16 | throughput=0.6 tiles/s | fail_rate=0.0% | → nudge up
  [850/5297] (16%) ok=850 fail=0 workers=16
  [860/5297] (16%) ok=860 fail=0 workers=16
  [concurrency] workers=8 | throughput=0.5 tiles/s | fail_rate=0.0% | ↓ decrease (throughput degrading)
  [870/5297] (16%) ok=870 fail=0 workers=8
  [880/5297] (17%) ok=880 fail=0 workers=8
  [concurrency] workers=8 | throughput=0.4 tiles/s | fail_rate=0.0% | ↓ decrease (throughput degrading)
  [890/5297] (17%) ok=890 fail=0 workers=8
  [900/5297] (17%) ok=900 fail=0 workers=8
  [concurrency] workers=12 | throughput=0.5 tiles/s | fail_rate=0.0% | → nudge up
  [910/5297] (17%) ok=910 fail=0 workers=12
  [920/5297] (17%) ok=920 fail=0 workers=12
  [concurrency] workers=8 | throughput=0.4 tiles/s | fail_rate=0.0% | ↓ decrease (throughput degrading)
  [930/5297] (18%) ok=930 fail=0 workers=8
  [940/5297] (18%) ok=940 fail=0 workers=8
  [concurrency] workers=12 | throughput=0.5 tiles/s | fail_rate=0.0% | → nudge up
  [950/5297] (18%) ok=950 fail=0 workers=12
  [960/5297] (18%) ok=960 fail=0 workers=12
  [concurrency] workers=16 | throughput=0.5 tiles/s | fail_rate=0.0% | → nudge up
  [970/5297] (18%) ok=970 fail=0 workers=16
  [980/5297] (19%) ok=980 fail=0 workers=16
  [concurrency] workers=8 | throughput=0.4 tiles/s | fail_rate=0.0% | ↓ decrease (throughput degrading)
  [990/5297] (19%) ok=990 fail=0 workers=8
  [1000/5297] (19%) ok=1000 fail=0 workers=8
  [concurrency] workers=8 | throughput=0.3 tiles/s | fail_rate=0.0% | ↓ decrease (throughput degrading)
  checkpoint saved at 1000 ok tiles
  [1010/5297] (19%) ok=1010 fail=0 workers=8
  [1020/5297] (19%) ok=1020 fail=0 workers=8
  [concurrency] workers=12 | throughput=0.6 tiles/s | fail_rate=0.0% | → nudge up
  [1030/5297] (19%) ok=1030 fail=0 workers=12
  [1040/5297] (20%) ok=1040 fail=0 workers=12
  [concurrency] workers=16 | throughput=0.5 tiles/s | fail_rate=0.0% | → nudge up
  [1050/5297] (20%) ok=1050 fail=0 workers=16
  [1060/5297] (20%) ok=1060 fail=0 workers=16
  [concurrency] workers=8 | throughput=0.4 tiles/s | fail_rate=0.0% | ↓ decrease (throughput degrading)
  [1070/5297] (20%) ok=1070 fail=0 workers=8
  [1080/5297] (20%) ok=1080 fail=0 workers=8
  [concurrency] workers=12 | throughput=0.5 tiles/s | fail_rate=0.0% | → nudge up
  [1090/5297] (21%) ok=1090 fail=0 workers=12
  [1100/5297] (21%) ok=1100 fail=0 workers=12
  [concurrency] workers=16 | throughput=0.5 tiles/s | fail_rate=0.0% | → nudge up
  [1110/5297] (21%) ok=1110 fail=0 workers=16
  [1120/5297] (21%) ok=1120 fail=0 workers=16
  [concurrency] workers=16 | throughput=0.5 tiles/s | fail_rate=0.0% | → nudge up
  [1130/5297] (21%) ok=1130 fail=0 workers=16
  [1140/5297] (22%) ok=1140 fail=0 workers=16
  [concurrency] workers=16 | throughput=0.5 tiles/s | fail_rate=0.0% | → nudge up
  [1150/5297] (22%) ok=1150 fail=0 workers=16
  [1160/5297] (22%) ok=1160 fail=0 workers=16
  [concurrency] workers=16 | throughput=0.6 tiles/s | fail_rate=0.0% | → nudge up
  [1170/5297] (22%) ok=1170 fail=0 workers=16
  [1180/5297] (22%) ok=1180 fail=0 workers=16
  [concurrency] workers=8 | throughput=0.4 tiles/s | fail_rate=0.0% | ↓ decrease (throughput degrading)
  [1190/5297] (22%) ok=1190 fail=0 workers=8
  [1200/5297] (23%) ok=1200 fail=0 workers=8
  [concurrency] workers=12 | throughput=0.6 tiles/s | fail_rate=0.0% | → nudge up
  checkpoint saved at 1200 ok tiles
  [1210/5297] (23%) ok=1210 fail=0 workers=12
  [1220/5297] (23%) ok=1220 fail=0 workers=12
  [concurrency] workers=16 | throughput=0.6 tiles/s | fail_rate=0.0% | → nudge up
  [1230/5297] (23%) ok=1230 fail=0 workers=16
  [1240/5297] (23%) ok=1240 fail=0 workers=16
  [concurrency] workers=16 | throughput=0.5 tiles/s | fail_rate=0.0% | → nudge up
  [1250/5297] (24%) ok=1250 fail=0 workers=16
  [1260/5297] (24%) ok=1260 fail=0 workers=16
  [concurrency] workers=16 | throughput=0.6 tiles/s | fail_rate=0.0% | → nudge up
  [1270/5297] (24%) ok=1270 fail=0 workers=16
  [1280/5297] (24%) ok=1280 fail=0 workers=16
  [concurrency] workers=8 | throughput=0.5 tiles/s | fail_rate=0.0% | ↓ decrease (throughput degrading)
  [1290/5297] (24%) ok=1290 fail=0 workers=8
  [1300/5297] (25%) ok=1300 fail=0 workers=8
  [concurrency] workers=12 | throughput=0.5 tiles/s | fail_rate=0.0% | → nudge up
  [1310/5297] (25%) ok=1310 fail=0 workers=12
  [1320/5297] (25%) ok=1320 fail=0 workers=12
  [concurrency] workers=16 | throughput=0.5 tiles/s | fail_rate=0.0% | → nudge up
  [1330/5297] (25%) ok=1330 fail=0 workers=16
  [1340/5297] (25%) ok=1340 fail=0 workers=16
  [concurrency] workers=16 | throughput=0.6 tiles/s | fail_rate=0.0% | → nudge up
  [1350/5297] (25%) ok=1350 fail=0 workers=16
  [1360/5297] (26%) ok=1360 fail=0 workers=16
  [concurrency] workers=16 | throughput=0.6 tiles/s | fail_rate=0.0% | → nudge up
  [1370/5297] (26%) ok=1370 fail=0 workers=16
  [1380/5297] (26%) ok=1380 fail=0 workers=16
  [concurrency] workers=8 | throughput=0.5 tiles/s | fail_rate=0.0% | ↓ decrease (throughput degrading)
  [1390/5297] (26%) ok=1390 fail=0 workers=8
  [1400/5297] (26%) ok=1400 fail=0 workers=8
  [concurrency] workers=12 | throughput=0.5 tiles/s | fail_rate=0.0% | → nudge up
  checkpoint saved at 1400 ok tiles
  [1410/5297] (27%) ok=1410 fail=0 workers=12
  [1420/5297] (27%) ok=1420 fail=0 workers=12
  [concurrency] workers=16 | throughput=0.6 tiles/s | fail_rate=0.0% | → nudge up
  [1430/5297] (27%) ok=1430 fail=0 workers=16
  [1440/5297] (27%) ok=1440 fail=0 workers=16
  [concurrency] workers=16 | throughput=0.5 tiles/s | fail_rate=0.0% | → nudge up
  [1450/5297] (27%) ok=1450 fail=0 workers=16
  [1460/5297] (28%) ok=1460 fail=0 workers=16
  [concurrency] workers=16 | throughput=0.5 tiles/s | fail_rate=0.0% | → nudge up
  [1470/5297] (28%) ok=1470 fail=0 workers=16
  [1480/5297] (28%) ok=1480 fail=0 workers=16
  [concurrency] workers=16 | throughput=0.5 tiles/s | fail_rate=0.0% | → nudge up
  [1490/5297] (28%) ok=1490 fail=0 workers=16
  [1500/5297] (28%) ok=1500 fail=0 workers=16
  [concurrency] workers=16 | throughput=0.5 tiles/s | fail_rate=0.0% | → nudge up
  [1510/5297] (29%) ok=1510 fail=0 workers=16
  [1520/5297] (29%) ok=1520 fail=0 workers=16
  [concurrency] workers=16 | throughput=0.5 tiles/s | fail_rate=0.0% | → nudge up
  [1530/5297] (29%) ok=1530 fail=0 workers=16
  [1540/5297] (29%) ok=1540 fail=0 workers=16
  [concurrency] workers=16 | throughput=0.7 tiles/s | fail_rate=0.0% | ↑ increase (throughput improving)
  [1550/5297] (29%) ok=1550 fail=0 workers=16
  [1560/5297] (29%) ok=1560 fail=0 workers=16
  [concurrency] workers=8 | throughput=0.6 tiles/s | fail_rate=0.0% | ↓ decrease (throughput degrading)
  [1570/5297] (30%) ok=1570 fail=0 workers=8
  [1580/5297] (30%) ok=1580 fail=0 workers=8
  [concurrency] workers=12 | throughput=0.5 tiles/s | fail_rate=0.0% | → nudge up
  [1590/5297] (30%) ok=1590 fail=0 workers=12
  [1600/5297] (30%) ok=1600 fail=0 workers=12
  [concurrency] workers=16 | throughput=0.5 tiles/s | fail_rate=0.0% | → nudge up
  checkpoint saved at 1600 ok tiles
  [1610/5297] (30%) ok=1610 fail=0 workers=16
  [1620/5297] (31%) ok=1620 fail=0 workers=16
  [concurrency] workers=16 | throughput=0.7 tiles/s | fail_rate=0.0% | → nudge up
  [1630/5297] (31%) ok=1630 fail=0 workers=16
  [1640/5297] (31%) ok=1640 fail=0 workers=16
  [concurrency] workers=8 | throughput=0.5 tiles/s | fail_rate=0.0% | ↓ decrease (throughput degrading)
  [1650/5297] (31%) ok=1650 fail=0 workers=8
  [1660/5297] (31%) ok=1660 fail=0 workers=8
  [concurrency] workers=12 | throughput=0.6 tiles/s | fail_rate=0.0% | → nudge up
  [1670/5297] (32%) ok=1670 fail=0 workers=12
  [1680/5297] (32%) ok=1680 fail=0 workers=12
  [concurrency] workers=8 | throughput=0.5 tiles/s | fail_rate=0.0% | ↓ decrease (throughput degrading)
  [1690/5297] (32%) ok=1690 fail=0 workers=8
  [1700/5297] (32%) ok=1700 fail=0 workers=8
  [concurrency] workers=12 | throughput=0.6 tiles/s | fail_rate=0.0% | → nudge up
  [1710/5297] (32%) ok=1710 fail=0 workers=12
  [1720/5297] (32%) ok=1720 fail=0 workers=12
  [concurrency] workers=8 | throughput=0.5 tiles/s | fail_rate=0.0% | ↓ decrease (throughput degrading)
  [1730/5297] (33%) ok=1730 fail=0 workers=8
  [1740/5297] (33%) ok=1740 fail=0 workers=8
  [concurrency] workers=8 | throughput=0.4 tiles/s | fail_rate=0.0% | ↓ decrease (throughput degrading)
  [1750/5297] (33%) ok=1750 fail=0 workers=8
  [1760/5297] (33%) ok=1760 fail=0 workers=8
  [concurrency] workers=12 | throughput=0.5 tiles/s | fail_rate=0.0% | → nudge up
  [1770/5297] (33%) ok=1770 fail=0 workers=12
  [1780/5297] (34%) ok=1780 fail=0 workers=12
  [concurrency] workers=16 | throughput=0.5 tiles/s | fail_rate=0.0% | → nudge up
  [1790/5297] (34%) ok=1790 fail=0 workers=16
  [1800/5297] (34%) ok=1800 fail=0 workers=16
  [concurrency] workers=16 | throughput=0.5 tiles/s | fail_rate=0.0% | → nudge up
  checkpoint saved at 1800 ok tiles
  [1810/5297] (34%) ok=1810 fail=0 workers=16
  [1820/5297] (34%) ok=1820 fail=0 workers=16
  [concurrency] workers=16 | throughput=0.5 tiles/s | fail_rate=0.0% | → nudge up
  [1830/5297] (35%) ok=1830 fail=0 workers=16
  [1840/5297] (35%) ok=1840 fail=0 workers=16
  [concurrency] workers=16 | throughput=0.6 tiles/s | fail_rate=0.0% | → nudge up
  [1850/5297] (35%) ok=1850 fail=0 workers=16
  [1860/5297] (35%) ok=1860 fail=0 workers=16
  [concurrency] workers=8 | throughput=0.5 tiles/s | fail_rate=0.0% | ↓ decrease (throughput degrading)
  [1870/5297] (35%) ok=1870 fail=0 workers=8
  [1880/5297] (35%) ok=1880 fail=0 workers=8
  [concurrency] workers=12 | throughput=0.6 tiles/s | fail_rate=0.0% | → nudge up
  [1890/5297] (36%) ok=1890 fail=0 workers=12
  [1900/5297] (36%) ok=1900 fail=0 workers=12
  [concurrency] workers=16 | throughput=0.6 tiles/s | fail_rate=0.0% | → nudge up
  [1910/5297] (36%) ok=1910 fail=0 workers=16
  [1920/5297] (36%) ok=1920 fail=0 workers=16
  [concurrency] workers=16 | throughput=0.6 tiles/s | fail_rate=0.0% | → nudge up
  [1930/5297] (36%) ok=1930 fail=0 workers=16
  [1940/5297] (37%) ok=1940 fail=0 workers=16
  [concurrency] workers=8 | throughput=0.5 tiles/s | fail_rate=0.0% | ↓ decrease (throughput degrading)
  [1950/5297] (37%) ok=1950 fail=0 workers=8
  [1960/5297] (37%) ok=1960 fail=0 workers=8
  [concurrency] workers=12 | throughput=0.5 tiles/s | fail_rate=0.0% | → nudge up
  [1970/5297] (37%) ok=1970 fail=0 workers=12
  [1980/5297] (37%) ok=1980 fail=0 workers=12
  [concurrency] workers=16 | throughput=0.6 tiles/s | fail_rate=0.0% | → nudge up
  [1990/5297] (38%) ok=1990 fail=0 workers=16
  [2000/5297] (38%) ok=2000 fail=0 workers=16
  [concurrency] workers=16 | throughput=0.6 tiles/s | fail_rate=0.0% | → nudge up
  checkpoint saved at 2000 ok tiles
  [2010/5297] (38%) ok=2010 fail=0 workers=16
  [2020/5297] (38%) ok=2020 fail=0 workers=16
  [concurrency] workers=16 | throughput=0.7 tiles/s | fail_rate=0.0% | → nudge up
  [2030/5297] (38%) ok=2030 fail=0 workers=16
  [2040/5297] (39%) ok=2040 fail=0 workers=16
  [concurrency] workers=8 | throughput=0.5 tiles/s | fail_rate=0.0% | ↓ decrease (throughput degrading)
  [2050/5297] (39%) ok=2050 fail=0 workers=8
  [2060/5297] (39%) ok=2060 fail=0 workers=8
  [concurrency] workers=12 | throughput=0.5 tiles/s | fail_rate=0.0% | → nudge up
  [2070/5297] (39%) ok=2070 fail=0 workers=12
  [2080/5297] (39%) ok=2080 fail=0 workers=12
  [concurrency] workers=16 | throughput=0.6 tiles/s | fail_rate=0.0% | → nudge up
  [2090/5297] (39%) ok=2090 fail=0 workers=16
  [2100/5297] (40%) ok=2100 fail=0 workers=16
  [concurrency] workers=8 | throughput=0.4 tiles/s | fail_rate=0.0% | ↓ decrease (throughput degrading)
  [2110/5297] (40%) ok=2110 fail=0 workers=8
  [2120/5297] (40%) ok=2120 fail=0 workers=8
  [concurrency] workers=12 | throughput=0.6 tiles/s | fail_rate=0.0% | → nudge up
  [2130/5297] (40%) ok=2130 fail=0 workers=12
  [2140/5297] (40%) ok=2140 fail=0 workers=12
  [concurrency] workers=8 | throughput=0.4 tiles/s | fail_rate=0.0% | ↓ decrease (throughput degrading)
  [2150/5297] (41%) ok=2150 fail=0 workers=8
  [2160/5297] (41%) ok=2160 fail=0 workers=8
  [concurrency] workers=12 | throughput=0.5 tiles/s | fail_rate=0.0% | → nudge up
  [2170/5297] (41%) ok=2170 fail=0 workers=12
  [2180/5297] (41%) ok=2180 fail=0 workers=12
  [concurrency] workers=8 | throughput=0.3 tiles/s | fail_rate=0.0% | ↓ decrease (throughput degrading)
  [2190/5297] (41%) ok=2190 fail=0 workers=8
  [2200/5297] (42%) ok=2200 fail=0 workers=8
  [concurrency] workers=12 | throughput=0.5 tiles/s | fail_rate=0.0% | → nudge up
  checkpoint saved at 2200 ok tiles
  [2210/5297] (42%) ok=2210 fail=0 workers=12
  [2220/5297] (42%) ok=2220 fail=0 workers=12
  [concurrency] workers=16 | throughput=0.5 tiles/s | fail_rate=0.0% | → nudge up
  [2230/5297] (42%) ok=2230 fail=0 workers=16
  [2240/5297] (42%) ok=2240 fail=0 workers=16
  [concurrency] workers=16 | throughput=0.6 tiles/s | fail_rate=0.0% | → nudge up
  [2250/5297] (42%) ok=2250 fail=0 workers=16
  [2260/5297] (43%) ok=2260 fail=0 workers=16
  [concurrency] workers=8 | throughput=0.5 tiles/s | fail_rate=0.0% | ↓ decrease (throughput degrading)
  [2270/5297] (43%) ok=2270 fail=0 workers=8
  [2280/5297] (43%) ok=2280 fail=0 workers=8
  [concurrency] workers=12 | throughput=0.5 tiles/s | fail_rate=0.0% | → nudge up
  [2290/5297] (43%) ok=2290 fail=0 workers=12
  [2300/5297] (43%) ok=2300 fail=0 workers=12
  [concurrency] workers=16 | throughput=0.6 tiles/s | fail_rate=0.0% | → nudge up
  [2310/5297] (44%) ok=2310 fail=0 workers=16
  [2320/5297] (44%) ok=2320 fail=0 workers=16
  [concurrency] workers=16 | throughput=0.5 tiles/s | fail_rate=0.0% | → nudge up
  [2330/5297] (44%) ok=2330 fail=0 workers=16
  [2340/5297] (44%) ok=2340 fail=0 workers=16
  [concurrency] workers=16 | throughput=0.5 tiles/s | fail_rate=0.0% | → nudge up
  [2350/5297] (44%) ok=2350 fail=0 workers=16
  [2360/5297] (45%) ok=2360 fail=0 workers=16
  [concurrency] workers=8 | throughput=0.4 tiles/s | fail_rate=0.0% | ↓ decrease (throughput degrading)
  [2370/5297] (45%) ok=2370 fail=0 workers=8
  [2380/5297] (45%) ok=2380 fail=0 workers=8
  [concurrency] workers=8 | throughput=0.3 tiles/s | fail_rate=0.0% | ↓ decrease (throughput degrading)
  [2390/5297] (45%) ok=2390 fail=0 workers=8
  [2400/5297] (45%) ok=2400 fail=0 workers=8
  [concurrency] workers=12 | throughput=0.5 tiles/s | fail_rate=0.0% | → nudge up
  checkpoint saved at 2400 ok tiles
  [2410/5297] (45%) ok=2410 fail=0 workers=12
  [2420/5297] (46%) ok=2420 fail=0 workers=12
  [concurrency] workers=16 | throughput=0.6 tiles/s | fail_rate=0.0% | → nudge up
  [2430/5297] (46%) ok=2430 fail=0 workers=16
  [2440/5297] (46%) ok=2440 fail=0 workers=16
  [concurrency] workers=16 | throughput=0.6 tiles/s | fail_rate=0.0% | → nudge up
  [2450/5297] (46%) ok=2450 fail=0 workers=16
  [2460/5297] (46%) ok=2460 fail=0 workers=16
  [concurrency] workers=8 | throughput=0.5 tiles/s | fail_rate=0.0% | ↓ decrease (throughput degrading)
  [2470/5297] (47%) ok=2470 fail=0 workers=8
  [2480/5297] (47%) ok=2480 fail=0 workers=8
  [concurrency] workers=12 | throughput=0.7 tiles/s | fail_rate=0.0% | → nudge up
  [2490/5297] (47%) ok=2490 fail=0 workers=12
  [2500/5297] (47%) ok=2500 fail=0 workers=12
  [concurrency] workers=8 | throughput=0.6 tiles/s | fail_rate=0.0% | ↓ decrease (throughput degrading)
  [2510/5297] (47%) ok=2510 fail=0 workers=8
  [2520/5297] (48%) ok=2520 fail=0 workers=8
  [concurrency] workers=12 | throughput=0.5 tiles/s | fail_rate=0.0% | → nudge up
  [2530/5297] (48%) ok=2530 fail=0 workers=12
  [2540/5297] (48%) ok=2540 fail=0 workers=12
  [concurrency] workers=16 | throughput=0.5 tiles/s | fail_rate=0.0% | → nudge up
  [2550/5297] (48%) ok=2550 fail=0 workers=16
  [2560/5297] (48%) ok=2560 fail=0 workers=16
  [concurrency] workers=16 | throughput=0.6 tiles/s | fail_rate=0.0% | → nudge up
  [2570/5297] (49%) ok=2570 fail=0 workers=16
  [2580/5297] (49%) ok=2580 fail=0 workers=16
  [concurrency] workers=16 | throughput=0.6 tiles/s | fail_rate=0.0% | → nudge up
  [2590/5297] (49%) ok=2590 fail=0 workers=16
  [2600/5297] (49%) ok=2600 fail=0 workers=16
  [concurrency] workers=16 | throughput=0.6 tiles/s | fail_rate=0.0% | → nudge up
  checkpoint saved at 2600 ok tiles
  [2610/5297] (49%) ok=2610 fail=0 workers=16
  [2620/5297] (49%) ok=2620 fail=0 workers=16
  [concurrency] workers=16 | throughput=0.6 tiles/s | fail_rate=0.0% | → nudge up
  [2630/5297] (50%) ok=2630 fail=0 workers=16
  [2640/5297] (50%) ok=2640 fail=0 workers=16
  [concurrency] workers=8 | throughput=0.5 tiles/s | fail_rate=0.0% | ↓ decrease (throughput degrading)
  [2650/5297] (50%) ok=2650 fail=0 workers=8
  [2660/5297] (50%) ok=2660 fail=0 workers=8
  [concurrency] workers=12 | throughput=0.5 tiles/s | fail_rate=0.0% | → nudge up
  [2670/5297] (50%) ok=2670 fail=0 workers=12
  [2680/5297] (51%) ok=2680 fail=0 workers=12
  [concurrency] workers=16 | throughput=0.6 tiles/s | fail_rate=0.0% | → nudge up
  [2690/5297] (51%) ok=2690 fail=0 workers=16
  [2700/5297] (51%) ok=2700 fail=0 workers=16
  [concurrency] workers=16 | throughput=0.6 tiles/s | fail_rate=0.0% | → nudge up
  [2710/5297] (51%) ok=2710 fail=0 workers=16
  [2720/5297] (51%) ok=2720 fail=0 workers=16
  [concurrency] workers=8 | throughput=0.4 tiles/s | fail_rate=0.0% | ↓ decrease (throughput degrading)
  [2730/5297] (52%) ok=2730 fail=0 workers=8
  [2740/5297] (52%) ok=2740 fail=0 workers=8
  [concurrency] workers=12 | throughput=0.5 tiles/s | fail_rate=0.0% | → nudge up
  [2750/5297] (52%) ok=2750 fail=0 workers=12
  [2760/5297] (52%) ok=2760 fail=0 workers=12
  [concurrency] workers=16 | throughput=0.5 tiles/s | fail_rate=0.0% | → nudge up
  [2770/5297] (52%) ok=2770 fail=0 workers=16
  [2780/5297] (52%) ok=2780 fail=0 workers=16
  [concurrency] workers=16 | throughput=0.5 tiles/s | fail_rate=0.0% | → nudge up
  [2790/5297] (53%) ok=2790 fail=0 workers=16
  [2800/5297] (53%) ok=2800 fail=0 workers=16
  [concurrency] workers=16 | throughput=0.4 tiles/s | fail_rate=0.0% | → nudge up
  checkpoint saved at 2800 ok tiles
  [2810/5297] (53%) ok=2810 fail=0 workers=16
  [2820/5297] (53%) ok=2820 fail=0 workers=16
  [concurrency] workers=16 | throughput=0.5 tiles/s | fail_rate=0.0% | → nudge up
  [2830/5297] (53%) ok=2830 fail=0 workers=16
  [2840/5297] (54%) ok=2840 fail=0 workers=16
  [concurrency] workers=16 | throughput=0.4 tiles/s | fail_rate=0.0% | → nudge up
  [2850/5297] (54%) ok=2850 fail=0 workers=16
  [2860/5297] (54%) ok=2860 fail=0 workers=16
  [concurrency] workers=16 | throughput=0.4 tiles/s | fail_rate=0.0% | → nudge up
  [2870/5297] (54%) ok=2870 fail=0 workers=16
  [2880/5297] (54%) ok=2880 fail=0 workers=16
  [concurrency] workers=16 | throughput=0.5 tiles/s | fail_rate=0.0% | → nudge up
  [2890/5297] (55%) ok=2890 fail=0 workers=16
  [2900/5297] (55%) ok=2900 fail=0 workers=16
  [concurrency] workers=16 | throughput=0.5 tiles/s | fail_rate=0.0% | → nudge up
  [2910/5297] (55%) ok=2910 fail=0 workers=16
  [2920/5297] (55%) ok=2920 fail=0 workers=16
  [concurrency] workers=16 | throughput=0.5 tiles/s | fail_rate=0.0% | → nudge up
  [2930/5297] (55%) ok=2930 fail=0 workers=16
  [2940/5297] (56%) ok=2940 fail=0 workers=16
  [concurrency] workers=16 | throughput=0.4 tiles/s | fail_rate=0.0% | → nudge up
  [2950/5297] (56%) ok=2950 fail=0 workers=16
  [2960/5297] (56%) ok=2960 fail=0 workers=16
  [concurrency] workers=8 | throughput=0.4 tiles/s | fail_rate=0.0% | ↓ decrease (throughput degrading)
  [2970/5297] (56%) ok=2970 fail=0 workers=8
  [2980/5297] (56%) ok=2975 fail=5 workers=8
  [concurrency] workers=8 | throughput=0.2 tiles/s | fail_rate=25.0% | ↓ back off (high fail rate)
  [2990/5297] (56%) ok=2975 fail=15 workers=8
  [3000/5297] (57%) ok=2975 fail=25 workers=8
  [concurrency] workers=8 | throughput=0.0 tiles/s | fail_rate=100.0% | ↓ back off (high fail rate)
  [3010/5297] (57%) ok=2975 fail=35 workers=8
  [3020/5297] (57%) ok=2975 fail=45 workers=8
  [concurrency] workers=8 | throughput=0.0 tiles/s | fail_rate=100.0% | ↓ back off (high fail rate)
  [3030/5297] (57%) ok=2975 fail=55 workers=8
  [3040/5297] (57%) ok=2975 fail=65 workers=8
  [concurrency] workers=8 | throughput=0.0 tiles/s | fail_rate=100.0% | ↓ back off (high fail rate)
  [3050/5297] (58%) ok=2975 fail=75 workers=8
  [3060/5297] (58%) ok=2975 fail=85 workers=8
  [concurrency] workers=8 | throughput=0.0 tiles/s | fail_rate=100.0% | ↓ back off (high fail rate)
  [3070/5297] (58%) ok=2975 fail=95 workers=8
  [3080/5297] (58%) ok=2975 fail=105 workers=8
  [concurrency] workers=8 | throughput=0.0 tiles/s | fail_rate=100.0% | ↓ back off (high fail rate)
  [3090/5297] (58%) ok=2975 fail=115 workers=8
  [3100/5297] (59%) ok=2975 fail=125 workers=8
  [concurrency] workers=8 | throughput=0.0 tiles/s | fail_rate=100.0% | ↓ back off (high fail rate)
  [3110/5297] (59%) ok=2975 fail=135 workers=8
  [3120/5297] (59%) ok=2975 fail=145 workers=8
  [concurrency] workers=8 | throughput=0.0 tiles/s | fail_rate=100.0% | ↓ back off (high fail rate)
  [3130/5297] (59%) ok=2975 fail=155 workers=8
  [3140/5297] (59%) ok=2975 fail=165 workers=8
  [concurrency] workers=8 | throughput=0.0 tiles/s | fail_rate=100.0% | ↓ back off (high fail rate)
  [3150/5297] (59%) ok=2975 fail=175 workers=8
  [3160/5297] (60%) ok=2975 fail=185 workers=8
  [concurrency] workers=8 | throughput=0.0 tiles/s | fail_rate=100.0% | ↓ back off (high fail rate)
  [3170/5297] (60%) ok=2975 fail=195 workers=8
  [3180/5297] (60%) ok=2975 fail=205 workers=8
  [concurrency] workers=8 | throughput=0.0 tiles/s | fail_rate=100.0% | ↓ back off (high fail rate)
  [3190/5297] (60%) ok=2975 fail=215 workers=8
  [3200/5297] (60%) ok=2975 fail=225 workers=8
  [concurrency] workers=8 | throughput=0.0 tiles/s | fail_rate=100.0% | ↓ back off (high fail rate)
  [3210/5297] (61%) ok=2975 fail=235 workers=8
  [3220/5297] (61%) ok=2975 fail=245 workers=8
  [concurrency] workers=8 | throughput=0.0 tiles/s | fail_rate=100.0% | ↓ back off (high fail rate)
  [3230/5297] (61%) ok=2975 fail=255 workers=8
  [3240/5297] (61%) ok=2975 fail=265 workers=8
  [concurrency] workers=8 | throughput=0.0 tiles/s | fail_rate=100.0% | ↓ back off (high fail rate)
  [3250/5297] (61%) ok=2975 fail=275 workers=8
  [3260/5297] (62%) ok=2975 fail=285 workers=8
  [concurrency] workers=8 | throughput=0.0 tiles/s | fail_rate=100.0% | ↓ back off (high fail rate)
  [3270/5297] (62%) ok=2975 fail=295 workers=8
  [3280/5297] (62%) ok=2975 fail=305 workers=8
  [concurrency] workers=8 | throughput=0.0 tiles/s | fail_rate=100.0% | ↓ back off (high fail rate)
  [3290/5297] (62%) ok=2975 fail=315 workers=8
  [3300/5297] (62%) ok=2975 fail=325 workers=8
  [concurrency] workers=8 | throughput=0.0 tiles/s | fail_rate=100.0% | ↓ back off (high fail rate)
  [3310/5297] (62%) ok=2975 fail=335 workers=8
  [3320/5297] (63%) ok=2975 fail=345 workers=8
  [concurrency] workers=8 | throughput=0.0 tiles/s | fail_rate=100.0% | ↓ back off (high fail rate)
  [3330/5297] (63%) ok=2975 fail=355 workers=8
  [3340/5297] (63%) ok=2975 fail=365 workers=8
  [concurrency] workers=8 | throughput=0.0 tiles/s | fail_rate=100.0% | ↓ back off (high fail rate)
  [3350/5297] (63%) ok=2975 fail=375 workers=8
  [3360/5297] (63%) ok=2975 fail=385 workers=8
  [concurrency] workers=8 | throughput=0.0 tiles/s | fail_rate=100.0% | ↓ back off (high fail rate)
  [3370/5297] (64%) ok=2975 fail=395 workers=8
  [3380/5297] (64%) ok=2975 fail=405 workers=8
  [concurrency] workers=8 | throughput=0.0 tiles/s | fail_rate=100.0% | ↓ back off (high fail rate)
  [3390/5297] (64%) ok=2975 fail=415 workers=8
  [3400/5297] (64%) ok=2975 fail=425 workers=8
  [concurrency] workers=8 | throughput=0.0 tiles/s | fail_rate=100.0% | ↓ back off (high fail rate)
  [3410/5297] (64%) ok=2975 fail=435 workers=8
  [3420/5297] (65%) ok=2975 fail=445 workers=8
  [concurrency] workers=8 | throughput=0.0 tiles/s | fail_rate=100.0% | ↓ back off (high fail rate)
  [3430/5297] (65%) ok=2975 fail=455 workers=8
  [3440/5297] (65%) ok=2975 fail=465 workers=8
  [concurrency] workers=8 | throughput=0.0 tiles/s | fail_rate=100.0% | ↓ back off (high fail rate)
  [3450/5297] (65%) ok=2975 fail=475 workers=8
  [3460/5297] (65%) ok=2975 fail=485 workers=8
  [concurrency] workers=8 | throughput=0.0 tiles/s | fail_rate=100.0% | ↓ back off (high fail rate)
  [3470/5297] (66%) ok=2975 fail=495 workers=8
  [3480/5297] (66%) ok=2975 fail=505 workers=8
  [concurrency] workers=8 | throughput=0.0 tiles/s | fail_rate=100.0% | ↓ back off (high fail rate)
  [3490/5297] (66%) ok=2975 fail=515 workers=8
  [3500/5297] (66%) ok=2975 fail=525 workers=8
  [concurrency] workers=8 | throughput=0.0 tiles/s | fail_rate=100.0% | ↓ back off (high fail rate)
  [3510/5297] (66%) ok=2975 fail=535 workers=8
  [3520/5297] (66%) ok=2975 fail=545 workers=8
  [concurrency] workers=8 | throughput=0.0 tiles/s | fail_rate=100.0% | ↓ back off (high fail rate)
  [3530/5297] (67%) ok=2975 fail=555 workers=8
  [3540/5297] (67%) ok=2975 fail=565 workers=8
  [concurrency] workers=8 | throughput=0.0 tiles/s | fail_rate=100.0% | ↓ back off (high fail rate)
  [3550/5297] (67%) ok=2975 fail=575 workers=8
  [3560/5297] (67%) ok=2975 fail=585 workers=8
  [concurrency] workers=8 | throughput=0.0 tiles/s | fail_rate=100.0% | ↓ back off (high fail rate)
  [3570/5297] (67%) ok=2975 fail=595 workers=8
  [3580/5297] (68%) ok=2975 fail=605 workers=8
  [concurrency] workers=8 | throughput=0.0 tiles/s | fail_rate=100.0% | ↓ back off (high fail rate)
  [3590/5297] (68%) ok=2975 fail=615 workers=8
  [3600/5297] (68%) ok=2975 fail=625 workers=8
  [concurrency] workers=8 | throughput=0.0 tiles/s | fail_rate=100.0% | ↓ back off (high fail rate)
  [3610/5297] (68%) ok=2975 fail=635 workers=8
  [3620/5297] (68%) ok=2975 fail=645 workers=8
  [concurrency] workers=8 | throughput=0.0 tiles/s | fail_rate=100.0% | ↓ back off (high fail rate)
  [3630/5297] (69%) ok=2975 fail=655 workers=8
  [3640/5297] (69%) ok=2975 fail=665 workers=8
  [concurrency] workers=8 | throughput=0.0 tiles/s | fail_rate=100.0% | ↓ back off (high fail rate)
  [3650/5297] (69%) ok=2975 fail=675 workers=8
  [3660/5297] (69%) ok=2975 fail=685 workers=8
  [concurrency] workers=8 | throughput=0.0 tiles/s | fail_rate=100.0% | ↓ back off (high fail rate)
  [3670/5297] (69%) ok=2975 fail=695 workers=8
  [3680/5297] (69%) ok=2975 fail=705 workers=8
  [concurrency] workers=8 | throughput=0.0 tiles/s | fail_rate=100.0% | ↓ back off (high fail rate)
  [3690/5297] (70%) ok=2975 fail=715 workers=8
  [3700/5297] (70%) ok=2975 fail=725 workers=8
  [concurrency] workers=8 | throughput=0.0 tiles/s | fail_rate=100.0% | ↓ back off (high fail rate)
  [3710/5297] (70%) ok=2975 fail=735 workers=8
  [3720/5297] (70%) ok=2975 fail=745 workers=8
  [concurrency] workers=8 | throughput=0.0 tiles/s | fail_rate=100.0% | ↓ back off (high fail rate)
  [3730/5297] (70%) ok=2975 fail=755 workers=8
  [3740/5297] (71%) ok=2975 fail=765 workers=8
  [concurrency] workers=8 | throughput=0.0 tiles/s | fail_rate=100.0% | ↓ back off (high fail rate)
  [3750/5297] (71%) ok=2975 fail=775 workers=8
  [3760/5297] (71%) ok=2975 fail=785 workers=8
  [concurrency] workers=8 | throughput=0.0 tiles/s | fail_rate=100.0% | ↓ back off (high fail rate)
  [3770/5297] (71%) ok=2975 fail=795 workers=8
  [3780/5297] (71%) ok=2975 fail=805 workers=8
  [concurrency] workers=8 | throughput=0.0 tiles/s | fail_rate=100.0% | ↓ back off (high fail rate)
  [3790/5297] (72%) ok=2975 fail=815 workers=8
  [3800/5297] (72%) ok=2975 fail=825 workers=8
  [concurrency] workers=8 | throughput=0.0 tiles/s | fail_rate=100.0% | ↓ back off (high fail rate)
  [3810/5297] (72%) ok=2975 fail=835 workers=8
  [3820/5297] (72%) ok=2975 fail=845 workers=8
  [concurrency] workers=8 | throughput=0.0 tiles/s | fail_rate=100.0% | ↓ back off (high fail rate)
  [3830/5297] (72%) ok=2975 fail=855 workers=8
  [3840/5297] (72%) ok=2975 fail=865 workers=8
  [concurrency] workers=8 | throughput=0.0 tiles/s | fail_rate=100.0% | ↓ back off (high fail rate)
  [3850/5297] (73%) ok=2975 fail=875 workers=8
  [3860/5297] (73%) ok=2975 fail=885 workers=8
  [concurrency] workers=8 | throughput=0.0 tiles/s | fail_rate=100.0% | ↓ back off (high fail rate)
  [3870/5297] (73%) ok=2975 fail=895 workers=8
  [3880/5297] (73%) ok=2975 fail=905 workers=8
  [concurrency] workers=8 | throughput=0.0 tiles/s | fail_rate=100.0% | ↓ back off (high fail rate)
  [3890/5297] (73%) ok=2975 fail=915 workers=8
  [3900/5297] (74%) ok=2975 fail=925 workers=8
  [concurrency] workers=8 | throughput=0.0 tiles/s | fail_rate=100.0% | ↓ back off (high fail rate)
  [3910/5297] (74%) ok=2975 fail=935 workers=8
  [3920/5297] (74%) ok=2975 fail=945 workers=8
  [concurrency] workers=8 | throughput=0.0 tiles/s | fail_rate=100.0% | ↓ back off (high fail rate)
  [3930/5297] (74%) ok=2975 fail=955 workers=8
  [3940/5297] (74%) ok=2975 fail=965 workers=8
  [concurrency] workers=8 | throughput=0.0 tiles/s | fail_rate=100.0% | ↓ back off (high fail rate)
  [3950/5297] (75%) ok=2975 fail=975 workers=8
  [3960/5297] (75%) ok=2975 fail=985 workers=8
  [concurrency] workers=8 | throughput=0.0 tiles/s | fail_rate=100.0% | ↓ back off (high fail rate)
  [3970/5297] (75%) ok=2975 fail=995 workers=8
  [3980/5297] (75%) ok=2975 fail=1005 workers=8
  [concurrency] workers=8 | throughput=0.0 tiles/s | fail_rate=100.0% | ↓ back off (high fail rate)
  [3990/5297] (75%) ok=2975 fail=1015 workers=8
  [4000/5297] (76%) ok=2975 fail=1025 workers=8
  [concurrency] workers=8 | throughput=0.0 tiles/s | fail_rate=100.0% | ↓ back off (high fail rate)
  [4010/5297] (76%) ok=2975 fail=1035 workers=8
  [4020/5297] (76%) ok=2975 fail=1045 workers=8
  [concurrency] workers=8 | throughput=0.0 tiles/s | fail_rate=100.0% | ↓ back off (high fail rate)
  [4030/5297] (76%) ok=2975 fail=1055 workers=8
  [4040/5297] (76%) ok=2975 fail=1065 workers=8
  [concurrency] workers=8 | throughput=0.0 tiles/s | fail_rate=100.0% | ↓ back off (high fail rate)
  [4050/5297] (76%) ok=2975 fail=1075 workers=8
  [4060/5297] (77%) ok=2975 fail=1085 workers=8
  [concurrency] workers=8 | throughput=0.0 tiles/s | fail_rate=100.0% | ↓ back off (high fail rate)
  [4070/5297] (77%) ok=2975 fail=1095 workers=8
  [4080/5297] (77%) ok=2975 fail=1105 workers=8
  [concurrency] workers=8 | throughput=0.0 tiles/s | fail_rate=100.0% | ↓ back off (high fail rate)
  [4090/5297] (77%) ok=2975 fail=1115 workers=8
  [4100/5297] (77%) ok=2975 fail=1125 workers=8
  [concurrency] workers=8 | throughput=0.0 tiles/s | fail_rate=100.0% | ↓ back off (high fail rate)
  [4110/5297] (78%) ok=2975 fail=1135 workers=8
  [4120/5297] (78%) ok=2975 fail=1145 workers=8
  [concurrency] workers=8 | throughput=0.0 tiles/s | fail_rate=100.0% | ↓ back off (high fail rate)
  [4130/5297] (78%) ok=2975 fail=1155 workers=8
  [4140/5297] (78%) ok=2975 fail=1165 workers=8
  [concurrency] workers=8 | throughput=0.0 tiles/s | fail_rate=100.0% | ↓ back off (high fail rate)
  [4150/5297] (78%) ok=2975 fail=1175 workers=8
  [4160/5297] (79%) ok=2975 fail=1185 workers=8
  [concurrency] workers=8 | throughput=0.0 tiles/s | fail_rate=100.0% | ↓ back off (high fail rate)
  [4170/5297] (79%) ok=2975 fail=1195 workers=8
  [4180/5297] (79%) ok=2975 fail=1205 workers=8
  [concurrency] workers=8 | throughput=0.0 tiles/s | fail_rate=100.0% | ↓ back off (high fail rate)
  [4190/5297] (79%) ok=2975 fail=1215 workers=8
  [4200/5297] (79%) ok=2975 fail=1225 workers=8
  [concurrency] workers=8 | throughput=0.0 tiles/s | fail_rate=100.0% | ↓ back off (high fail rate)
  [4210/5297] (79%) ok=2975 fail=1235 workers=8
  [4220/5297] (80%) ok=2975 fail=1245 workers=8
  [concurrency] workers=8 | throughput=0.0 tiles/s | fail_rate=100.0% | ↓ back off (high fail rate)
  [4230/5297] (80%) ok=2975 fail=1255 workers=8
  [4240/5297] (80%) ok=2975 fail=1265 workers=8
  [concurrency] workers=8 | throughput=0.0 tiles/s | fail_rate=100.0% | ↓ back off (high fail rate)
  [4250/5297] (80%) ok=2975 fail=1275 workers=8
  [4260/5297] (80%) ok=2975 fail=1285 workers=8
  [concurrency] workers=8 | throughput=0.0 tiles/s | fail_rate=100.0% | ↓ back off (high fail rate)
  [4270/5297] (81%) ok=2975 fail=1295 workers=8
  [4280/5297] (81%) ok=2975 fail=1305 workers=8
  [concurrency] workers=8 | throughput=0.0 tiles/s | fail_rate=100.0% | ↓ back off (high fail rate)
  [4290/5297] (81%) ok=2975 fail=1315 workers=8
  [4300/5297] (81%) ok=2975 fail=1325 workers=8
  [concurrency] workers=8 | throughput=0.0 tiles/s | fail_rate=100.0% | ↓ back off (high fail rate)
  [4310/5297] (81%) ok=2975 fail=1335 workers=8
  [4320/5297] (82%) ok=2975 fail=1345 workers=8
  [concurrency] workers=8 | throughput=0.0 tiles/s | fail_rate=100.0% | ↓ back off (high fail rate)
  [4330/5297] (82%) ok=2975 fail=1355 workers=8
  [4340/5297] (82%) ok=2975 fail=1365 workers=8
  [concurrency] workers=8 | throughput=0.0 tiles/s | fail_rate=100.0% | ↓ back off (high fail rate)
  [4350/5297] (82%) ok=2975 fail=1375 workers=8
  [4360/5297] (82%) ok=2975 fail=1385 workers=8
  [concurrency] workers=8 | throughput=0.0 tiles/s | fail_rate=100.0% | ↓ back off (high fail rate)
  [4370/5297] (82%) ok=2975 fail=1395 workers=8
  [4380/5297] (83%) ok=2975 fail=1405 workers=8
  [concurrency] workers=8 | throughput=0.0 tiles/s | fail_rate=100.0% | ↓ back off (high fail rate)
  [4390/5297] (83%) ok=2975 fail=1415 workers=8
  [4400/5297] (83%) ok=2975 fail=1425 workers=8
  [concurrency] workers=8 | throughput=0.0 tiles/s | fail_rate=100.0% | ↓ back off (high fail rate)
  [4410/5297] (83%) ok=2975 fail=1435 workers=8
  [4420/5297] (83%) ok=2975 fail=1445 workers=8
  [concurrency] workers=8 | throughput=0.0 tiles/s | fail_rate=100.0% | ↓ back off (high fail rate)
  [4430/5297] (84%) ok=2975 fail=1455 workers=8
  [4440/5297] (84%) ok=2975 fail=1465 workers=8
  [concurrency] workers=8 | throughput=0.0 tiles/s | fail_rate=100.0% | ↓ back off (high fail rate)
  [4450/5297] (84%) ok=2975 fail=1475 workers=8
  [4460/5297] (84%) ok=2975 fail=1485 workers=8
  [concurrency] workers=8 | throughput=0.0 tiles/s | fail_rate=100.0% | ↓ back off (high fail rate)
  [4470/5297] (84%) ok=2975 fail=1495 workers=8
  [4480/5297] (85%) ok=2975 fail=1505 workers=8
  [concurrency] workers=8 | throughput=0.0 tiles/s | fail_rate=100.0% | ↓ back off (high fail rate)
  [4490/5297] (85%) ok=2975 fail=1515 workers=8
  [4500/5297] (85%) ok=2975 fail=1525 workers=8
  [concurrency] workers=8 | throughput=0.0 tiles/s | fail_rate=100.0% | ↓ back off (high fail rate)
  [4510/5297] (85%) ok=2975 fail=1535 workers=8
  [4520/5297] (85%) ok=2975 fail=1545 workers=8
  [concurrency] workers=8 | throughput=0.0 tiles/s | fail_rate=100.0% | ↓ back off (high fail rate)
  [4530/5297] (86%) ok=2975 fail=1555 workers=8
  [4540/5297] (86%) ok=2975 fail=1565 workers=8
  [concurrency] workers=8 | throughput=0.0 tiles/s | fail_rate=100.0% | ↓ back off (high fail rate)
  [4550/5297] (86%) ok=2975 fail=1575 workers=8
  [4560/5297] (86%) ok=2975 fail=1585 workers=8
  [concurrency] workers=8 | throughput=0.0 tiles/s | fail_rate=100.0% | ↓ back off (high fail rate)
  [4570/5297] (86%) ok=2975 fail=1595 workers=8
  [4580/5297] (86%) ok=2975 fail=1605 workers=8
  [concurrency] workers=8 | throughput=0.0 tiles/s | fail_rate=100.0% | ↓ back off (high fail rate)
  [4590/5297] (87%) ok=2975 fail=1615 workers=8
  [4600/5297] (87%) ok=2975 fail=1625 workers=8
  [concurrency] workers=8 | throughput=0.0 tiles/s | fail_rate=100.0% | ↓ back off (high fail rate)
  [4610/5297] (87%) ok=2975 fail=1635 workers=8
  [4620/5297] (87%) ok=2975 fail=1645 workers=8
  [concurrency] workers=8 | throughput=0.0 tiles/s | fail_rate=100.0% | ↓ back off (high fail rate)
  [4630/5297] (87%) ok=2975 fail=1655 workers=8
  [4640/5297] (88%) ok=2975 fail=1665 workers=8
  [concurrency] workers=8 | throughput=0.0 tiles/s | fail_rate=100.0% | ↓ back off (high fail rate)
  [4650/5297] (88%) ok=2975 fail=1675 workers=8
  [4660/5297] (88%) ok=2975 fail=1685 workers=8
  [concurrency] workers=8 | throughput=0.0 tiles/s | fail_rate=100.0% | ↓ back off (high fail rate)
  [4670/5297] (88%) ok=2975 fail=1695 workers=8
  [4680/5297] (88%) ok=2975 fail=1705 workers=8
  [concurrency] workers=8 | throughput=0.0 tiles/s | fail_rate=100.0% | ↓ back off (high fail rate)
  [4690/5297] (89%) ok=2975 fail=1715 workers=8
  [4700/5297] (89%) ok=2975 fail=1725 workers=8
  [concurrency] workers=8 | throughput=0.0 tiles/s | fail_rate=100.0% | ↓ back off (high fail rate)
  [4710/5297] (89%) ok=2975 fail=1735 workers=8
  [4720/5297] (89%) ok=2975 fail=1745 workers=8
  [concurrency] workers=8 | throughput=0.0 tiles/s | fail_rate=100.0% | ↓ back off (high fail rate)
  [4730/5297] (89%) ok=2975 fail=1755 workers=8
  [4740/5297] (89%) ok=2975 fail=1765 workers=8
  [concurrency] workers=8 | throughput=0.0 tiles/s | fail_rate=100.0% | ↓ back off (high fail rate)
  [4750/5297] (90%) ok=2975 fail=1775 workers=8
  [4760/5297] (90%) ok=2975 fail=1785 workers=8
  [concurrency] workers=8 | throughput=0.0 tiles/s | fail_rate=100.0% | ↓ back off (high fail rate)
  [4770/5297] (90%) ok=2975 fail=1795 workers=8
  [4780/5297] (90%) ok=2975 fail=1805 workers=8
  [concurrency] workers=8 | throughput=0.0 tiles/s | fail_rate=100.0% | ↓ back off (high fail rate)
  [4790/5297] (90%) ok=2975 fail=1815 workers=8
  [4800/5297] (91%) ok=2975 fail=1825 workers=8
  [concurrency] workers=8 | throughput=0.0 tiles/s | fail_rate=100.0% | ↓ back off (high fail rate)
  [4810/5297] (91%) ok=2975 fail=1835 workers=8
  [4820/5297] (91%) ok=2975 fail=1845 workers=8
  [concurrency] workers=8 | throughput=0.0 tiles/s | fail_rate=100.0% | ↓ back off (high fail rate)
  [4830/5297] (91%) ok=2975 fail=1855 workers=8
  [4840/5297] (91%) ok=2975 fail=1865 workers=8
  [concurrency] workers=8 | throughput=0.0 tiles/s | fail_rate=100.0% | ↓ back off (high fail rate)
  [4850/5297] (92%) ok=2975 fail=1875 workers=8
  [4860/5297] (92%) ok=2975 fail=1885 workers=8
  [concurrency] workers=8 | throughput=0.0 tiles/s | fail_rate=100.0% | ↓ back off (high fail rate)
  [4870/5297] (92%) ok=2975 fail=1895 workers=8
  [4880/5297] (92%) ok=2975 fail=1905 workers=8
  [concurrency] workers=8 | throughput=0.0 tiles/s | fail_rate=100.0% | ↓ back off (high fail rate)
  [4890/5297] (92%) ok=2975 fail=1915 workers=8
  [4900/5297] (93%) ok=2975 fail=1925 workers=8
  [concurrency] workers=8 | throughput=0.0 tiles/s | fail_rate=100.0% | ↓ back off (high fail rate)
  [4910/5297] (93%) ok=2975 fail=1935 workers=8
  [4920/5297] (93%) ok=2975 fail=1945 workers=8
  [concurrency] workers=8 | throughput=0.0 tiles/s | fail_rate=100.0% | ↓ back off (high fail rate)
  [4930/5297] (93%) ok=2975 fail=1955 workers=8
  [4940/5297] (93%) ok=2975 fail=1965 workers=8
  [concurrency] workers=8 | throughput=0.0 tiles/s | fail_rate=100.0% | ↓ back off (high fail rate)
  [4950/5297] (93%) ok=2975 fail=1975 workers=8
  [4960/5297] (94%) ok=2975 fail=1985 workers=8
  [concurrency] workers=8 | throughput=0.0 tiles/s | fail_rate=100.0% | ↓ back off (high fail rate)
  [4970/5297] (94%) ok=2975 fail=1995 workers=8
  [4980/5297] (94%) ok=2975 fail=2005 workers=8
  [concurrency] workers=8 | throughput=0.0 tiles/s | fail_rate=100.0% | ↓ back off (high fail rate)
  [4990/5297] (94%) ok=2975 fail=2015 workers=8
  [5000/5297] (94%) ok=2975 fail=2025 workers=8
  [concurrency] workers=8 | throughput=0.0 tiles/s | fail_rate=100.0% | ↓ back off (high fail rate)
  [5010/5297] (95%) ok=2975 fail=2035 workers=8
  [5020/5297] (95%) ok=2975 fail=2045 workers=8
  [concurrency] workers=8 | throughput=0.0 tiles/s | fail_rate=100.0% | ↓ back off (high fail rate)
  [5030/5297] (95%) ok=2975 fail=2055 workers=8
  [5040/5297] (95%) ok=2975 fail=2065 workers=8
  [concurrency] workers=8 | throughput=0.0 tiles/s | fail_rate=100.0% | ↓ back off (high fail rate)
  [5050/5297] (95%) ok=2975 fail=2075 workers=8
  [5060/5297] (96%) ok=2975 fail=2085 workers=8
  [concurrency] workers=8 | throughput=0.0 tiles/s | fail_rate=100.0% | ↓ back off (high fail rate)
  [5070/5297] (96%) ok=2975 fail=2095 workers=8
  [5080/5297] (96%) ok=2975 fail=2105 workers=8
  [concurrency] workers=8 | throughput=0.0 tiles/s | fail_rate=100.0% | ↓ back off (high fail rate)
  [5090/5297] (96%) ok=2975 fail=2115 workers=8
  [5100/5297] (96%) ok=2975 fail=2125 workers=8
  [concurrency] workers=8 | throughput=0.0 tiles/s | fail_rate=100.0% | ↓ back off (high fail rate)
  [5110/5297] (96%) ok=2975 fail=2135 workers=8
  [5120/5297] (97%) ok=2975 fail=2145 workers=8
  [concurrency] workers=8 | throughput=0.0 tiles/s | fail_rate=100.0% | ↓ back off (high fail rate)
  [5130/5297] (97%) ok=2975 fail=2155 workers=8
  [5140/5297] (97%) ok=2975 fail=2165 workers=8
  [concurrency] workers=8 | throughput=0.0 tiles/s | fail_rate=100.0% | ↓ back off (high fail rate)
  [5150/5297] (97%) ok=2975 fail=2175 workers=8
  [5160/5297] (97%) ok=2975 fail=2185 workers=8
  [concurrency] workers=8 | throughput=0.0 tiles/s | fail_rate=100.0% | ↓ back off (high fail rate)
  [5170/5297] (98%) ok=2975 fail=2195 workers=8
  [5180/5297] (98%) ok=2975 fail=2205 workers=8
  [concurrency] workers=8 | throughput=0.0 tiles/s | fail_rate=100.0% | ↓ back off (high fail rate)
  [5190/5297] (98%) ok=2975 fail=2215 workers=8
  [5200/5297] (98%) ok=2975 fail=2225 workers=8
  [concurrency] workers=8 | throughput=0.0 tiles/s | fail_rate=100.0% | ↓ back off (high fail rate)
  [5210/5297] (98%) ok=2975 fail=2235 workers=8
  [5220/5297] (99%) ok=2975 fail=2245 workers=8
  [concurrency] workers=8 | throughput=0.0 tiles/s | fail_rate=100.0% | ↓ back off (high fail rate)
  [5230/5297] (99%) ok=2975 fail=2255 workers=8
  [5240/5297] (99%) ok=2975 fail=2265 workers=8
  [concurrency] workers=8 | throughput=0.0 tiles/s | fail_rate=100.0% | ↓ back off (high fail rate)
  [5250/5297] (99%) ok=2975 fail=2275 workers=8
  [5260/5297] (99%) ok=2975 fail=2285 workers=8
  [concurrency] workers=8 | throughput=0.0 tiles/s | fail_rate=100.0% | ↓ back off (high fail rate)
  [5270/5297] (99%) ok=2975 fail=2295 workers=8
  [5280/5297] (100%) ok=2975 fail=2305 workers=8
  [concurrency] workers=8 | throughput=0.0 tiles/s | fail_rate=100.0% | ↓ back off (high fail rate)
  [5290/5297] (100%) ok=2976 fail=2314 workers=8
  [5297/5297] (100%) ok=2977 fail=2320 workers=8

  Concurrency tuning summary:
   workers    tiles/s  fail_rate
         8       0.22       0.0%
        16       0.48       0.0% ← best
        16       0.35       0.0% ← best
         8       0.53       0.0%
        16       0.52       0.0% ← best
        16       0.56       0.0% ← best
        16       0.44       0.0% ← best
         8       0.51       0.0%
        12       0.50       0.0%
        16       0.63       0.0% ← best
        16       0.50       0.0% ← best
         8       0.55       0.0%
        12       0.55       0.0%
        16       0.54       0.0% ← best
        16       0.51       0.0% ← best
        16       0.59       0.0% ← best
        16       0.45       0.0% ← best
         8       0.60       0.0%
        12       0.51       0.0%
         8       0.52       0.0%
        12       0.57       0.0%
        16       0.53       0.0% ← best
        16       0.52       0.0% ← best
        16       0.60       0.0% ← best
        16       0.46       0.0% ← best
         8       0.56       0.0%
        12       0.54       0.0%
        16       0.54       0.0% ← best
        16       0.52       0.0% ← best
        16       0.48       0.0% ← best
        16       0.53       0.0% ← best
        16       0.58       0.0% ← best
        16       0.55       0.0% ← best
        16       0.47       0.0% ← best
         8       0.56       0.0%
        12       0.55       0.0%
        16       0.64       0.0% ← best
        16       0.54       0.0% ← best
         8       0.55       0.0%
        12       0.48       0.0%
         8       0.56       0.0%
        12       0.59       0.0%
        16       0.52       0.0% ← best
         8       0.44       0.0%
         8       0.45       0.0%
        12       0.39       0.0%
         8       0.50       0.0%
        12       0.52       0.0%
        16       0.41       0.0% ← best
         8       0.30       0.0%
         8       0.56       0.0%
        12       0.52       0.0%
        16       0.43       0.0% ← best
         8       0.55       0.0%
        12       0.54       0.0%
        16       0.50       0.0% ← best
        16       0.52       0.0% ← best
        16       0.56       0.0% ← best
        16       0.43       0.0% ← best
         8       0.58       0.0%
        12       0.59       0.0%
        16       0.55       0.0% ← best
        16       0.56       0.0% ← best
        16       0.49       0.0% ← best
         8       0.53       0.0%
        12       0.53       0.0%
        16       0.63       0.0% ← best
        16       0.56       0.0% ← best
        16       0.47       0.0% ← best
         8       0.49       0.0%
        12       0.60       0.0%
        16       0.55       0.0% ← best
        16       0.52       0.0% ← best
        16       0.51       0.0% ← best
        16       0.52       0.0% ← best
        16       0.53       0.0% ← best
        16       0.69       0.0% ← best
        16       0.56       0.0% ← best
         8       0.53       0.0%
        12       0.50       0.0%
        16       0.67       0.0% ← best
        16       0.51       0.0% ← best
         8       0.61       0.0%
        12       0.50       0.0%
         8       0.60       0.0%
        12       0.53       0.0%
         8       0.37       0.0%
         8       0.54       0.0%
        12       0.54       0.0%
        16       0.53       0.0% ← best
        16       0.52       0.0% ← best
        16       0.58       0.0% ← best
        16       0.46       0.0% ← best
         8       0.59       0.0%
        12       0.58       0.0%
        16       0.57       0.0% ← best
        16       0.50       0.0% ← best
         8       0.48       0.0%
        12       0.60       0.0%
        16       0.62       0.0% ← best
        16       0.66       0.0% ← best
        16       0.46       0.0% ← best
         8       0.49       0.0%
        12       0.55       0.0%
        16       0.45       0.0% ← best
         8       0.63       0.0%
        12       0.44       0.0%
         8       0.55       0.0%
        12       0.32       0.0%
         8       0.54       0.0%
        12       0.53       0.0%
        16       0.62       0.0% ← best
        16       0.51       0.0% ← best
         8       0.47       0.0%
        12       0.55       0.0%
        16       0.52       0.0% ← best
        16       0.50       0.0% ← best
        16       0.37       0.0% ← best
         8       0.32       0.0%
         8       0.49       0.0%
        12       0.58       0.0%
        16       0.56       0.0% ← best
        16       0.48       0.0% ← best
         8       0.66       0.0%
        12       0.56       0.0%
         8       0.51       0.0%
        12       0.50       0.0%
        16       0.55       0.0% ← best
        16       0.58       0.0% ← best
        16       0.57       0.0% ← best
        16       0.57       0.0% ← best
        16       0.48       0.0% ← best
         8       0.45       0.0%
        12       0.63       0.0%
        16       0.57       0.0% ← best
        16       0.37       0.0% ← best
         8       0.46       0.0%
        12       0.51       0.0%
        16       0.49       0.0% ← best
        16       0.45       0.0% ← best
        16       0.47       0.0% ← best
        16       0.44       0.0% ← best
        16       0.45       0.0% ← best
        16       0.49       0.0% ← best
        16       0.50       0.0% ← best
        16       0.49       0.0% ← best
        16       0.44       0.0% ← best
        16       0.37       0.0% ← best
         8       0.18      25.0%
         8       0.00     100.0%
         8       0.00     100.0%
         8       0.00     100.0%
         8       0.00     100.0%
         8       0.00     100.0%
         8       0.00     100.0%
         8       0.00     100.0%
         8       0.00     100.0%
         8       0.00     100.0%
         8       0.00     100.0%
         8       0.00     100.0%
         8       0.00     100.0%
         8       0.00     100.0%
         8       0.00     100.0%
         8       0.00     100.0%
         8       0.00     100.0%
         8       0.00     100.0%
         8       0.00     100.0%
         8       0.00     100.0%
         8       0.00     100.0%
         8       0.00     100.0%
         8       0.00     100.0%
         8       0.00     100.0%
         8       0.00     100.0%
         8       0.00     100.0%
         8       0.00     100.0%
         8       0.00     100.0%
         8       0.00     100.0%
         8       0.00     100.0%
         8       0.00     100.0%
         8       0.00     100.0%
         8       0.00     100.0%
         8       0.00     100.0%
         8       0.00     100.0%
         8       0.00     100.0%
         8       0.00     100.0%
         8       0.00     100.0%
         8       0.00     100.0%
         8       0.00     100.0%
         8       0.00     100.0%
         8       0.00     100.0%
         8       0.00     100.0%
         8       0.00     100.0%
         8       0.00     100.0%
         8       0.00     100.0%
         8       0.00     100.0%
         8       0.00     100.0%
         8       0.00     100.0%
         8       0.00     100.0%
         8       0.00     100.0%
         8       0.00     100.0%
         8       0.00     100.0%
         8       0.00     100.0%
         8       0.00     100.0%
         8       0.00     100.0%
         8       0.00     100.0%
         8       0.00     100.0%
         8       0.00     100.0%
         8       0.00     100.0%
         8       0.00     100.0%
         8       0.00     100.0%
         8       0.00     100.0%
         8       0.00     100.0%
         8       0.00     100.0%
         8       0.00     100.0%
         8       0.00     100.0%
         8       0.00     100.0%
         8       0.00     100.0%
         8       0.00     100.0%
         8       0.00     100.0%
         8       0.00     100.0%
         8       0.00     100.0%
         8       0.00     100.0%
         8       0.00     100.0%
         8       0.00     100.0%
         8       0.00     100.0%
         8       0.00     100.0%
         8       0.00     100.0%
         8       0.00     100.0%
         8       0.00     100.0%
         8       0.00     100.0%
         8       0.00     100.0%
         8       0.00     100.0%
         8       0.00     100.0%
         8       0.00     100.0%
         8       0.00     100.0%
         8       0.00     100.0%
         8       0.00     100.0%
         8       0.00     100.0%
         8       0.00     100.0%
         8       0.00     100.0%
         8       0.00     100.0%
         8       0.00     100.0%
         8       0.00     100.0%
         8       0.00     100.0%
         8       0.00     100.0%
         8       0.00     100.0%
         8       0.00     100.0%
         8       0.00     100.0%
         8       0.00     100.0%
         8       0.00     100.0%
         8       0.00     100.0%
         8       0.00     100.0%
         8       0.00     100.0%
         8       0.00     100.0%
         8       0.00     100.0%
         8       0.00     100.0%
         8       0.00     100.0%
         8       0.00     100.0%
         8       0.00     100.0%
         8       0.00     100.0%
         8       0.00     100.0%
         8       0.00     100.0%
         8       0.00     100.0%
         8       0.00     100.0%
  Best: 16 workers @ 0.69 tiles/s
  Checkpoint preserved (some assets failed).

  STAC fetch complete: 2977 ok / 2320 failed
        fetched ok=2977 fail=2320
  [2/4] QC (min_valid_ratio=0.8) ...
  QC [1000/5297] passed=954
  QC [2000/5297] passed=1900
  QC [3000/5297] passed=2786
  QC [4000/5297] passed=2786
  QC [5000/5297] passed=2786
  QC [5297/5297] passed=2789
QC complete: 2789 passed, 2508 failed (5297 total)
        QC passed 2789 / 5297
  [3/4] triage ...
  Triage [1000/2789] high=1000 low=0 contradiction=0
  Triage [2000/2789] high=2000 low=0 contradiction=0
  Triage [2789/2789] high=2789 low=0 contradiction=0
Triage complete: 2789 high / 0 low / 0 contradiction (2789 total)
        accepted 2789
  [4/4] assemble -> C:\Users\j.guthrie\Downloads\RESEARCH\infra_fm\data\curated_datasets\dataset_africa_transport_v1
C:\Users\j.guthrie\Downloads\RESEARCH\infra_fm\fetch_v1_overnight.py:221: DeprecationWarning: datetime.datetime.utcnow() is deprecated and scheduled for removal in a future version. Use timezone-aware objects to represent datetimes in UTC: datetime.datetime.now(datetime.UTC).
  "completed_at"   : datetime.utcnow().isoformat() + "Z",
  [1000/2789] saved=1000 failed=0
  [2000/2789] saved=2000 failed=0
  [2789/2789] saved=2789 failed=0

Dataset assembled: 2789 tiles saved, 0 failed
  Images:   C:\Users\j.guthrie\Downloads\RESEARCH\infra_fm\data\curated_datasets\dataset_africa_transport_v1\images
  Manifest: C:\Users\j.guthrie\Downloads\RESEARCH\infra_fm\data\curated_datasets\dataset_africa_transport_v1\manifest.json
  Summary:  C:\Users\j.guthrie\Downloads\RESEARCH\infra_fm\data\curated_datasets\dataset_africa_transport_v1\summary.csv

Tiles by asset type:
asset_type
transport.train_station    2118
transport.airport           658
transport.port_terminal      13

Tiles by source/modality:
source
stac_sentinel2_ms+sentinel1    2789

Temporal tiles: 0 / 2789
  [done] africa/transport in 6380s — 2789 tiles assembled

>>> [15/28] africa/energy (n=10,000)

========================================================================
CELL  africa/energy   (2026-06-03 13:27:25)
========================================================================
  loaded 10,000 assets from africa_energy_v1_sample.parquet
  [1/4] STAC fetch ...
STACImageryFetcher: modalities=['sentinel2_ms', 'sentinel1'], n_bands=9, temporal_stack=False, buffer_m=300, workers=8 (adaptive)
  STAC fetch: 10000 assets pending (0 already checkpointed)
  [10/10000] (0%) ok=0 fail=10 workers=8
  [20/10000] (0%) ok=0 fail=20 workers=8
  [concurrency] workers=8 | throughput=0.0 tiles/s | fail_rate=100.0% | ↓ back off (high fail rate)
  [30/10000] (0%) ok=0 fail=30 workers=8
  [40/10000] (0%) ok=0 fail=40 workers=8
  [concurrency] workers=8 | throughput=0.0 tiles/s | fail_rate=100.0% | ↓ back off (high fail rate)
  [50/10000] (0%) ok=3 fail=47 workers=8
  [60/10000] (1%) ok=13 fail=47 workers=8
  [concurrency] workers=8 | throughput=0.1 tiles/s | fail_rate=35.0% | ↓ back off (high fail rate)
C:\Users\j.guthrie\Downloads\RESEARCH\infra_fm\curation\stac_imagery.py:240: RuntimeWarning: invalid value encountered in log10
  arr = np.where(arr > 0, 10 * np.log10(arr + 1e-10), vmin)
  [70/10000] (1%) ok=23 fail=47 workers=8
  [80/10000] (1%) ok=33 fail=47 workers=8
  [concurrency] workers=16 | throughput=0.4 tiles/s | fail_rate=0.0% | ↑ increase (throughput improving)
  [90/10000] (1%) ok=43 fail=47 workers=16
  [100/10000] (1%) ok=53 fail=47 workers=16
  [concurrency] workers=16 | throughput=0.6 tiles/s | fail_rate=0.0% | ↑ increase (throughput improving)
  [110/10000] (1%) ok=63 fail=47 workers=16
  [120/10000] (1%) ok=73 fail=47 workers=16
  [concurrency] workers=8 | throughput=0.4 tiles/s | fail_rate=0.0% | ↓ decrease (throughput degrading)
  [130/10000] (1%) ok=83 fail=47 workers=8
  [140/10000] (1%) ok=93 fail=47 workers=8
  [concurrency] workers=8 | throughput=0.2 tiles/s | fail_rate=0.0% | ↓ decrease (throughput degrading)
  [150/10000] (2%) ok=103 fail=47 workers=8
  [160/10000] (2%) ok=113 fail=47 workers=8
  [concurrency] workers=12 | throughput=0.4 tiles/s | fail_rate=0.0% | → nudge up
  [170/10000] (2%) ok=123 fail=47 workers=12
  [180/10000] (2%) ok=133 fail=47 workers=12
  [concurrency] workers=16 | throughput=0.8 tiles/s | fail_rate=0.0% | ↑ increase (throughput improving)
  [190/10000] (2%) ok=143 fail=47 workers=16
  [200/10000] (2%) ok=153 fail=47 workers=16
  [concurrency] workers=8 | throughput=0.6 tiles/s | fail_rate=0.0% | ↓ decrease (throughput degrading)
  [210/10000] (2%) ok=163 fail=47 workers=8
  [220/10000] (2%) ok=173 fail=47 workers=8
  [concurrency] workers=16 | throughput=0.8 tiles/s | fail_rate=0.0% | ↑ increase (throughput improving)
  [230/10000] (2%) ok=183 fail=47 workers=16
  [240/10000] (2%) ok=193 fail=47 workers=16
  [concurrency] workers=8 | throughput=0.6 tiles/s | fail_rate=0.0% | ↓ decrease (throughput degrading)
  checkpoint saved at 200 ok tiles
  [250/10000] (2%) ok=203 fail=47 workers=8
  [260/10000] (3%) ok=213 fail=47 workers=8
  [concurrency] workers=12 | throughput=0.7 tiles/s | fail_rate=0.0% | → nudge up
  [270/10000] (3%) ok=223 fail=47 workers=12
  [280/10000] (3%) ok=233 fail=47 workers=12
  [concurrency] workers=16 | throughput=0.6 tiles/s | fail_rate=0.0% | → nudge up
  [290/10000] (3%) ok=242 fail=48 workers=16
  [300/10000] (3%) ok=252 fail=48 workers=16
  [concurrency] workers=16 | throughput=0.7 tiles/s | fail_rate=5.0% | → nudge up
  [310/10000] (3%) ok=262 fail=48 workers=16
  [320/10000] (3%) ok=272 fail=48 workers=16
  [concurrency] workers=16 | throughput=0.7 tiles/s | fail_rate=0.0% | → nudge up
  [330/10000] (3%) ok=282 fail=48 workers=16
  [340/10000] (3%) ok=291 fail=49 workers=16
  [concurrency] workers=8 | throughput=0.5 tiles/s | fail_rate=5.0% | ↓ decrease (throughput degrading)
  [350/10000] (4%) ok=301 fail=49 workers=8
  [360/10000] (4%) ok=311 fail=49 workers=8
  [concurrency] workers=12 | throughput=0.6 tiles/s | fail_rate=0.0% | → nudge up
  [370/10000] (4%) ok=321 fail=49 workers=12
  [380/10000] (4%) ok=331 fail=49 workers=12
  [concurrency] workers=16 | throughput=0.6 tiles/s | fail_rate=0.0% | → nudge up
  [390/10000] (4%) ok=341 fail=49 workers=16
  [400/10000] (4%) ok=351 fail=49 workers=16
  [concurrency] workers=16 | throughput=0.7 tiles/s | fail_rate=0.0% | → nudge up
  [410/10000] (4%) ok=361 fail=49 workers=16
  [420/10000] (4%) ok=371 fail=49 workers=16
  [concurrency] workers=8 | throughput=0.5 tiles/s | fail_rate=0.0% | ↓ decrease (throughput degrading)
  [430/10000] (4%) ok=381 fail=49 workers=8
  [440/10000] (4%) ok=391 fail=49 workers=8
  [concurrency] workers=12 | throughput=0.5 tiles/s | fail_rate=0.0% | → nudge up
  checkpoint saved at 400 ok tiles
  [450/10000] (4%) ok=401 fail=49 workers=12
  [460/10000] (5%) ok=411 fail=49 workers=12
  [concurrency] workers=16 | throughput=0.5 tiles/s | fail_rate=0.0% | → nudge up
  [470/10000] (5%) ok=421 fail=49 workers=16
  [480/10000] (5%) ok=431 fail=49 workers=16
  [concurrency] workers=16 | throughput=0.6 tiles/s | fail_rate=0.0% | → nudge up
  [490/10000] (5%) ok=441 fail=49 workers=16
  [500/10000] (5%) ok=451 fail=49 workers=16
  [concurrency] workers=8 | throughput=0.5 tiles/s | fail_rate=0.0% | ↓ decrease (throughput degrading)
  [510/10000] (5%) ok=461 fail=49 workers=8
  [520/10000] (5%) ok=471 fail=49 workers=8
  [concurrency] workers=12 | throughput=0.6 tiles/s | fail_rate=0.0% | → nudge up
  [530/10000] (5%) ok=481 fail=49 workers=12
  [540/10000] (5%) ok=491 fail=49 workers=12
  [concurrency] workers=8 | throughput=0.5 tiles/s | fail_rate=0.0% | ↓ decrease (throughput degrading)
  [550/10000] (6%) ok=501 fail=49 workers=8
  [560/10000] (6%) ok=511 fail=49 workers=8
  [concurrency] workers=12 | throughput=0.6 tiles/s | fail_rate=0.0% | → nudge up
  [570/10000] (6%) ok=521 fail=49 workers=12
  [580/10000] (6%) ok=531 fail=49 workers=12
  [concurrency] workers=8 | throughput=0.5 tiles/s | fail_rate=0.0% | ↓ decrease (throughput degrading)
  [590/10000] (6%) ok=541 fail=49 workers=8
  [600/10000] (6%) ok=551 fail=49 workers=8
  [concurrency] workers=12 | throughput=0.5 tiles/s | fail_rate=0.0% | → nudge up
  [610/10000] (6%) ok=561 fail=49 workers=12
  [620/10000] (6%) ok=571 fail=49 workers=12
  [concurrency] workers=16 | throughput=0.5 tiles/s | fail_rate=0.0% | → nudge up
  [630/10000] (6%) ok=581 fail=49 workers=16
  [640/10000] (6%) ok=591 fail=49 workers=16
  [concurrency] workers=16 | throughput=0.5 tiles/s | fail_rate=0.0% | → nudge up
  checkpoint saved at 600 ok tiles
  [650/10000] (6%) ok=601 fail=49 workers=16
  [660/10000] (7%) ok=611 fail=49 workers=16
  [concurrency] workers=16 | throughput=0.6 tiles/s | fail_rate=0.0% | → nudge up
  [670/10000] (7%) ok=621 fail=49 workers=16
  [680/10000] (7%) ok=631 fail=49 workers=16
  [concurrency] workers=8 | throughput=0.5 tiles/s | fail_rate=0.0% | ↓ decrease (throughput degrading)
  [690/10000] (7%) ok=641 fail=49 workers=8
  [700/10000] (7%) ok=651 fail=49 workers=8
  [concurrency] workers=12 | throughput=0.6 tiles/s | fail_rate=0.0% | → nudge up
  [710/10000] (7%) ok=661 fail=49 workers=12
  [720/10000] (7%) ok=671 fail=49 workers=12
  [concurrency] workers=8 | throughput=0.5 tiles/s | fail_rate=0.0% | ↓ decrease (throughput degrading)
  [730/10000] (7%) ok=681 fail=49 workers=8
  [740/10000] (7%) ok=691 fail=49 workers=8
  [concurrency] workers=12 | throughput=0.5 tiles/s | fail_rate=0.0% | → nudge up
  [750/10000] (8%) ok=701 fail=49 workers=12
  [760/10000] (8%) ok=711 fail=49 workers=12
  [concurrency] workers=16 | throughput=0.6 tiles/s | fail_rate=0.0% | → nudge up
  [770/10000] (8%) ok=721 fail=49 workers=16
  [780/10000] (8%) ok=731 fail=49 workers=16
  [concurrency] workers=16 | throughput=0.6 tiles/s | fail_rate=0.0% | → nudge up
  [790/10000] (8%) ok=741 fail=49 workers=16
  [800/10000] (8%) ok=751 fail=49 workers=16
  [concurrency] workers=8 | throughput=0.5 tiles/s | fail_rate=0.0% | ↓ decrease (throughput degrading)
  [810/10000] (8%) ok=761 fail=49 workers=8
  [820/10000] (8%) ok=771 fail=49 workers=8
  [concurrency] workers=12 | throughput=0.6 tiles/s | fail_rate=0.0% | → nudge up
  [830/10000] (8%) ok=781 fail=49 workers=12
  [840/10000] (8%) ok=791 fail=49 workers=12
  [concurrency] workers=8 | throughput=0.5 tiles/s | fail_rate=0.0% | ↓ decrease (throughput degrading)
  checkpoint saved at 800 ok tiles
  [850/10000] (8%) ok=801 fail=49 workers=8
  [860/10000] (9%) ok=811 fail=49 workers=8
  [concurrency] workers=12 | throughput=0.6 tiles/s | fail_rate=0.0% | → nudge up
  [870/10000] (9%) ok=821 fail=49 workers=12
  [880/10000] (9%) ok=831 fail=49 workers=12
  [concurrency] workers=16 | throughput=0.6 tiles/s | fail_rate=0.0% | → nudge up
  [890/10000] (9%) ok=841 fail=49 workers=16
  [900/10000] (9%) ok=851 fail=49 workers=16
  [concurrency] workers=16 | throughput=0.6 tiles/s | fail_rate=0.0% | → nudge up
  [910/10000] (9%) ok=861 fail=49 workers=16
  [920/10000] (9%) ok=871 fail=49 workers=16
  [concurrency] workers=16 | throughput=0.5 tiles/s | fail_rate=0.0% | → nudge up
  [930/10000] (9%) ok=881 fail=49 workers=16
  [940/10000] (9%) ok=891 fail=49 workers=16
  [concurrency] workers=16 | throughput=0.5 tiles/s | fail_rate=0.0% | → nudge up
  [950/10000] (10%) ok=901 fail=49 workers=16
  [960/10000] (10%) ok=911 fail=49 workers=16
  [concurrency] workers=16 | throughput=0.6 tiles/s | fail_rate=0.0% | → nudge up
  [970/10000] (10%) ok=921 fail=49 workers=16
  [980/10000] (10%) ok=931 fail=49 workers=16
  [concurrency] workers=16 | throughput=0.6 tiles/s | fail_rate=0.0% | → nudge up
  [990/10000] (10%) ok=941 fail=49 workers=16
  [1000/10000] (10%) ok=951 fail=49 workers=16
  [concurrency] workers=16 | throughput=0.5 tiles/s | fail_rate=0.0% | → nudge up
  [1010/10000] (10%) ok=961 fail=49 workers=16
  [1020/10000] (10%) ok=971 fail=49 workers=16
  [concurrency] workers=16 | throughput=0.5 tiles/s | fail_rate=0.0% | → nudge up
  [1030/10000] (10%) ok=981 fail=49 workers=16
  [1040/10000] (10%) ok=991 fail=49 workers=16
  [concurrency] workers=16 | throughput=0.5 tiles/s | fail_rate=0.0% | → nudge up
  checkpoint saved at 1000 ok tiles
  [1050/10000] (10%) ok=1001 fail=49 workers=16
  [1060/10000] (11%) ok=1011 fail=49 workers=16
  [concurrency] workers=16 | throughput=0.5 tiles/s | fail_rate=0.0% | → nudge up
  [1070/10000] (11%) ok=1021 fail=49 workers=16
  [1080/10000] (11%) ok=1031 fail=49 workers=16
  [concurrency] workers=16 | throughput=0.5 tiles/s | fail_rate=0.0% | → nudge up
  [1090/10000] (11%) ok=1041 fail=49 workers=16
  [1100/10000] (11%) ok=1051 fail=49 workers=16
  [concurrency] workers=16 | throughput=0.5 tiles/s | fail_rate=0.0% | → nudge up
  [1110/10000] (11%) ok=1061 fail=49 workers=16
  [1120/10000] (11%) ok=1071 fail=49 workers=16
  [concurrency] workers=16 | throughput=0.5 tiles/s | fail_rate=0.0% | → nudge up
  [1130/10000] (11%) ok=1081 fail=49 workers=16
  [1140/10000] (11%) ok=1091 fail=49 workers=16
  [concurrency] workers=16 | throughput=0.5 tiles/s | fail_rate=0.0% | → nudge up
  [1150/10000] (12%) ok=1101 fail=49 workers=16
  [1160/10000] (12%) ok=1111 fail=49 workers=16
  [concurrency] workers=16 | throughput=0.6 tiles/s | fail_rate=0.0% | → nudge up
  [1170/10000] (12%) ok=1121 fail=49 workers=16
  [1180/10000] (12%) ok=1131 fail=49 workers=16
  [concurrency] workers=16 | throughput=0.6 tiles/s | fail_rate=0.0% | → nudge up
  [1190/10000] (12%) ok=1141 fail=49 workers=16
  [1200/10000] (12%) ok=1151 fail=49 workers=16
  [concurrency] workers=8 | throughput=0.5 tiles/s | fail_rate=0.0% | ↓ decrease (throughput degrading)
  [1210/10000] (12%) ok=1161 fail=49 workers=8
  [1220/10000] (12%) ok=1171 fail=49 workers=8
  [concurrency] workers=12 | throughput=0.6 tiles/s | fail_rate=0.0% | → nudge up
  [1230/10000] (12%) ok=1181 fail=49 workers=12
  [1240/10000] (12%) ok=1191 fail=49 workers=12
  [concurrency] workers=16 | throughput=0.7 tiles/s | fail_rate=0.0% | → nudge up
  checkpoint saved at 1200 ok tiles
  [1250/10000] (12%) ok=1201 fail=49 workers=16
  [1260/10000] (13%) ok=1211 fail=49 workers=16
  [concurrency] workers=8 | throughput=0.5 tiles/s | fail_rate=0.0% | ↓ decrease (throughput degrading)
  [1270/10000] (13%) ok=1221 fail=49 workers=8
  [1280/10000] (13%) ok=1231 fail=49 workers=8
  [concurrency] workers=12 | throughput=0.6 tiles/s | fail_rate=0.0% | → nudge up
  [1290/10000] (13%) ok=1241 fail=49 workers=12
  [1300/10000] (13%) ok=1251 fail=49 workers=12
  [concurrency] workers=16 | throughput=0.6 tiles/s | fail_rate=0.0% | → nudge up
  [1310/10000] (13%) ok=1261 fail=49 workers=16
  [1320/10000] (13%) ok=1271 fail=49 workers=16
  [concurrency] workers=16 | throughput=0.6 tiles/s | fail_rate=0.0% | → nudge up
  [1330/10000] (13%) ok=1281 fail=49 workers=16
  [1340/10000] (13%) ok=1291 fail=49 workers=16
  [concurrency] workers=8 | throughput=0.5 tiles/s | fail_rate=0.0% | ↓ decrease (throughput degrading)
  [1350/10000] (14%) ok=1301 fail=49 workers=8
  [1360/10000] (14%) ok=1311 fail=49 workers=8
  [concurrency] workers=12 | throughput=0.6 tiles/s | fail_rate=0.0% | → nudge up
  [1370/10000] (14%) ok=1321 fail=49 workers=12
  [1380/10000] (14%) ok=1331 fail=49 workers=12
  [concurrency] workers=8 | throughput=0.5 tiles/s | fail_rate=0.0% | ↓ decrease (throughput degrading)
  [1390/10000] (14%) ok=1341 fail=49 workers=8
  [1400/10000] (14%) ok=1351 fail=49 workers=8
  [concurrency] workers=12 | throughput=0.5 tiles/s | fail_rate=0.0% | → nudge up
  [1410/10000] (14%) ok=1361 fail=49 workers=12
  [1420/10000] (14%) ok=1371 fail=49 workers=12
  [concurrency] workers=16 | throughput=0.5 tiles/s | fail_rate=0.0% | → nudge up
  [1430/10000] (14%) ok=1381 fail=49 workers=16
  [1440/10000] (14%) ok=1391 fail=49 workers=16
  [concurrency] workers=16 | throughput=0.5 tiles/s | fail_rate=0.0% | → nudge up
  checkpoint saved at 1400 ok tiles
  [1450/10000] (14%) ok=1401 fail=49 workers=16
  [1460/10000] (15%) ok=1411 fail=49 workers=16
  [concurrency] workers=16 | throughput=0.7 tiles/s | fail_rate=0.0% | → nudge up
  [1470/10000] (15%) ok=1421 fail=49 workers=16
  [1480/10000] (15%) ok=1431 fail=49 workers=16
  [concurrency] workers=8 | throughput=0.5 tiles/s | fail_rate=0.0% | ↓ decrease (throughput degrading)
  [1490/10000] (15%) ok=1441 fail=49 workers=8
  [1500/10000] (15%) ok=1451 fail=49 workers=8
  [concurrency] workers=12 | throughput=0.5 tiles/s | fail_rate=0.0% | → nudge up
  [1510/10000] (15%) ok=1461 fail=49 workers=12
  [1520/10000] (15%) ok=1471 fail=49 workers=12
  [concurrency] workers=16 | throughput=0.6 tiles/s | fail_rate=0.0% | → nudge up
  [1530/10000] (15%) ok=1481 fail=49 workers=16
  [1540/10000] (15%) ok=1491 fail=49 workers=16
  [concurrency] workers=8 | throughput=0.4 tiles/s | fail_rate=0.0% | ↓ decrease (throughput degrading)
  [1550/10000] (16%) ok=1501 fail=49 workers=8
  [1560/10000] (16%) ok=1511 fail=49 workers=8
  [concurrency] workers=12 | throughput=0.5 tiles/s | fail_rate=0.0% | → nudge up
  [1570/10000] (16%) ok=1521 fail=49 workers=12
  [1580/10000] (16%) ok=1531 fail=49 workers=12
  [concurrency] workers=16 | throughput=0.5 tiles/s | fail_rate=0.0% | → nudge up
  [1590/10000] (16%) ok=1541 fail=49 workers=16
  [1600/10000] (16%) ok=1551 fail=49 workers=16
  [concurrency] workers=16 | throughput=0.5 tiles/s | fail_rate=0.0% | → nudge up
  [1610/10000] (16%) ok=1561 fail=49 workers=16
  [1620/10000] (16%) ok=1571 fail=49 workers=16
  [concurrency] workers=16 | throughput=0.5 tiles/s | fail_rate=0.0% | → nudge up
  [1630/10000] (16%) ok=1581 fail=49 workers=16
  [1640/10000] (16%) ok=1591 fail=49 workers=16
  [concurrency] workers=16 | throughput=0.5 tiles/s | fail_rate=0.0% | → nudge up
  checkpoint saved at 1600 ok tiles
  [1650/10000] (16%) ok=1601 fail=49 workers=16
  [1660/10000] (17%) ok=1611 fail=49 workers=16
  [concurrency] workers=8 | throughput=0.4 tiles/s | fail_rate=0.0% | ↓ decrease (throughput degrading)
  [1670/10000] (17%) ok=1621 fail=49 workers=8
  [1680/10000] (17%) ok=1631 fail=49 workers=8
  [concurrency] workers=8 | throughput=0.2 tiles/s | fail_rate=0.0% | ↓ decrease (throughput degrading)
  [1690/10000] (17%) ok=1641 fail=49 workers=8
  [1700/10000] (17%) ok=1651 fail=49 workers=8
  [concurrency] workers=12 | throughput=0.6 tiles/s | fail_rate=0.0% | → nudge up
  [1710/10000] (17%) ok=1661 fail=49 workers=12
  [1720/10000] (17%) ok=1671 fail=49 workers=12
  [concurrency] workers=16 | throughput=0.5 tiles/s | fail_rate=0.0% | → nudge up
  [1730/10000] (17%) ok=1681 fail=49 workers=16
  [1740/10000] (17%) ok=1691 fail=49 workers=16
  [concurrency] workers=16 | throughput=0.5 tiles/s | fail_rate=0.0% | → nudge up
  [1750/10000] (18%) ok=1701 fail=49 workers=16
  [1760/10000] (18%) ok=1711 fail=49 workers=16
  [concurrency] workers=16 | throughput=0.6 tiles/s | fail_rate=0.0% | → nudge up
  [1770/10000] (18%) ok=1721 fail=49 workers=16
  [1780/10000] (18%) ok=1731 fail=49 workers=16
  [concurrency] workers=16 | throughput=0.5 tiles/s | fail_rate=0.0% | → nudge up
  [1790/10000] (18%) ok=1741 fail=49 workers=16
  [1800/10000] (18%) ok=1751 fail=49 workers=16
  [concurrency] workers=16 | throughput=0.6 tiles/s | fail_rate=0.0% | → nudge up
  [1810/10000] (18%) ok=1761 fail=49 workers=16
  [1820/10000] (18%) ok=1771 fail=49 workers=16
  [concurrency] workers=16 | throughput=0.6 tiles/s | fail_rate=0.0% | → nudge up
  [1830/10000] (18%) ok=1781 fail=49 workers=16
  [1840/10000] (18%) ok=1791 fail=49 workers=16
  [concurrency] workers=16 | throughput=0.5 tiles/s | fail_rate=0.0% | → nudge up
  checkpoint saved at 1800 ok tiles
  [1850/10000] (18%) ok=1801 fail=49 workers=16
  [1860/10000] (19%) ok=1811 fail=49 workers=16
  [concurrency] workers=16 | throughput=0.5 tiles/s | fail_rate=0.0% | → nudge up
  [1870/10000] (19%) ok=1821 fail=49 workers=16
  [1880/10000] (19%) ok=1831 fail=49 workers=16
  [concurrency] workers=16 | throughput=0.5 tiles/s | fail_rate=0.0% | → nudge up
  [1890/10000] (19%) ok=1841 fail=49 workers=16
  [1900/10000] (19%) ok=1851 fail=49 workers=16
  [concurrency] workers=16 | throughput=0.5 tiles/s | fail_rate=0.0% | → nudge up
  [1910/10000] (19%) ok=1861 fail=49 workers=16
  [1920/10000] (19%) ok=1871 fail=49 workers=16
  [concurrency] workers=16 | throughput=0.6 tiles/s | fail_rate=0.0% | → nudge up
  [1930/10000] (19%) ok=1881 fail=49 workers=16
  [1940/10000] (19%) ok=1891 fail=49 workers=16
  [concurrency] workers=8 | throughput=0.5 tiles/s | fail_rate=0.0% | ↓ decrease (throughput degrading)
  [1950/10000] (20%) ok=1901 fail=49 workers=8
  [1960/10000] (20%) ok=1911 fail=49 workers=8
  [concurrency] workers=12 | throughput=0.5 tiles/s | fail_rate=0.0% | → nudge up
  [1970/10000] (20%) ok=1921 fail=49 workers=12
  [1980/10000] (20%) ok=1931 fail=49 workers=12
  [concurrency] workers=8 | throughput=0.5 tiles/s | fail_rate=0.0% | ↓ decrease (throughput degrading)
  [1990/10000] (20%) ok=1941 fail=49 workers=8
  [2000/10000] (20%) ok=1951 fail=49 workers=8
  [concurrency] workers=12 | throughput=0.5 tiles/s | fail_rate=0.0% | → nudge up
  [2010/10000] (20%) ok=1961 fail=49 workers=12
  [2020/10000] (20%) ok=1971 fail=49 workers=12
  [concurrency] workers=16 | throughput=0.6 tiles/s | fail_rate=0.0% | → nudge up
  [2030/10000] (20%) ok=1981 fail=49 workers=16
  [2040/10000] (20%) ok=1991 fail=49 workers=16
  [concurrency] workers=16 | throughput=0.6 tiles/s | fail_rate=0.0% | → nudge up
  checkpoint saved at 2000 ok tiles
  [2050/10000] (20%) ok=2001 fail=49 workers=16
  [2060/10000] (21%) ok=2011 fail=49 workers=16
  [concurrency] workers=16 | throughput=0.6 tiles/s | fail_rate=0.0% | → nudge up
  [2070/10000] (21%) ok=2021 fail=49 workers=16
  [2080/10000] (21%) ok=2031 fail=49 workers=16
  [concurrency] workers=16 | throughput=0.6 tiles/s | fail_rate=0.0% | → nudge up
  [2090/10000] (21%) ok=2041 fail=49 workers=16
  [2100/10000] (21%) ok=2051 fail=49 workers=16
  [concurrency] workers=8 | throughput=0.5 tiles/s | fail_rate=0.0% | ↓ decrease (throughput degrading)
  [2110/10000] (21%) ok=2061 fail=49 workers=8
  [2120/10000] (21%) ok=2071 fail=49 workers=8
  [concurrency] workers=8 | throughput=0.4 tiles/s | fail_rate=0.0% | ↓ decrease (throughput degrading)
  [2130/10000] (21%) ok=2081 fail=49 workers=8
  [2140/10000] (21%) ok=2091 fail=49 workers=8
  [concurrency] workers=12 | throughput=0.5 tiles/s | fail_rate=0.0% | → nudge up
  [2150/10000] (22%) ok=2101 fail=49 workers=12
  [2160/10000] (22%) ok=2111 fail=49 workers=12
  [concurrency] workers=16 | throughput=0.5 tiles/s | fail_rate=0.0% | → nudge up
  [2170/10000] (22%) ok=2121 fail=49 workers=16
  [2180/10000] (22%) ok=2131 fail=49 workers=16
  [concurrency] workers=16 | throughput=0.6 tiles/s | fail_rate=0.0% | → nudge up
  [2190/10000] (22%) ok=2141 fail=49 workers=16
  [2200/10000] (22%) ok=2151 fail=49 workers=16
  [concurrency] workers=16 | throughput=0.5 tiles/s | fail_rate=0.0% | → nudge up
  [2210/10000] (22%) ok=2161 fail=49 workers=16
  [2220/10000] (22%) ok=2171 fail=49 workers=16
  [concurrency] workers=16 | throughput=0.5 tiles/s | fail_rate=0.0% | → nudge up
  [2230/10000] (22%) ok=2181 fail=49 workers=16
  [2240/10000] (22%) ok=2191 fail=49 workers=16
  [concurrency] workers=16 | throughput=0.6 tiles/s | fail_rate=0.0% | → nudge up
  checkpoint saved at 2200 ok tiles
  [2250/10000] (22%) ok=2201 fail=49 workers=16
  [2260/10000] (23%) ok=2211 fail=49 workers=16
  [concurrency] workers=8 | throughput=0.4 tiles/s | fail_rate=0.0% | ↓ decrease (throughput degrading)
  [2270/10000] (23%) ok=2221 fail=49 workers=8
  [2280/10000] (23%) ok=2231 fail=49 workers=8
  [concurrency] workers=12 | throughput=0.7 tiles/s | fail_rate=0.0% | → nudge up
  [2290/10000] (23%) ok=2241 fail=49 workers=12
  [2300/10000] (23%) ok=2251 fail=49 workers=12
  [concurrency] workers=8 | throughput=0.5 tiles/s | fail_rate=0.0% | ↓ decrease (throughput degrading)
  [2310/10000] (23%) ok=2261 fail=49 workers=8
  [2320/10000] (23%) ok=2271 fail=49 workers=8
  [concurrency] workers=12 | throughput=0.5 tiles/s | fail_rate=0.0% | → nudge up
  [2330/10000] (23%) ok=2281 fail=49 workers=12
  [2340/10000] (23%) ok=2291 fail=49 workers=12
  [concurrency] workers=8 | throughput=0.5 tiles/s | fail_rate=0.0% | ↓ decrease (throughput degrading)
  [2350/10000] (24%) ok=2301 fail=49 workers=8
  [2360/10000] (24%) ok=2311 fail=49 workers=8
  [concurrency] workers=12 | throughput=0.5 tiles/s | fail_rate=0.0% | → nudge up
  [2370/10000] (24%) ok=2321 fail=49 workers=12
  [2380/10000] (24%) ok=2331 fail=49 workers=12
  [concurrency] workers=16 | throughput=0.6 tiles/s | fail_rate=0.0% | → nudge up
  [2390/10000] (24%) ok=2341 fail=49 workers=16
  [2400/10000] (24%) ok=2351 fail=49 workers=16
  [concurrency] workers=16 | throughput=0.6 tiles/s | fail_rate=0.0% | → nudge up
  [2410/10000] (24%) ok=2361 fail=49 workers=16
  [2420/10000] (24%) ok=2371 fail=49 workers=16
  [concurrency] workers=8 | throughput=0.5 tiles/s | fail_rate=0.0% | ↓ decrease (throughput degrading)
  [2430/10000] (24%) ok=2381 fail=49 workers=8
  [2440/10000] (24%) ok=2391 fail=49 workers=8
  [concurrency] workers=12 | throughput=0.5 tiles/s | fail_rate=0.0% | → nudge up
  checkpoint saved at 2400 ok tiles
  [2450/10000] (24%) ok=2401 fail=49 workers=12
  [2460/10000] (25%) ok=2411 fail=49 workers=12
  [concurrency] workers=8 | throughput=0.5 tiles/s | fail_rate=0.0% | ↓ decrease (throughput degrading)
  [2470/10000] (25%) ok=2421 fail=49 workers=8
  [2480/10000] (25%) ok=2431 fail=49 workers=8
  [concurrency] workers=12 | throughput=0.5 tiles/s | fail_rate=0.0% | → nudge up
  [2490/10000] (25%) ok=2441 fail=49 workers=12
  [2500/10000] (25%) ok=2451 fail=49 workers=12
  [concurrency] workers=16 | throughput=0.5 tiles/s | fail_rate=0.0% | → nudge up
  [2510/10000] (25%) ok=2461 fail=49 workers=16
  [2520/10000] (25%) ok=2471 fail=49 workers=16
  [concurrency] workers=16 | throughput=0.5 tiles/s | fail_rate=0.0% | → nudge up
  [2530/10000] (25%) ok=2481 fail=49 workers=16
  [2540/10000] (25%) ok=2491 fail=49 workers=16
  [concurrency] workers=16 | throughput=0.7 tiles/s | fail_rate=0.0% | → nudge up
  [2550/10000] (26%) ok=2501 fail=49 workers=16
  [2560/10000] (26%) ok=2511 fail=49 workers=16
  [concurrency] workers=8 | throughput=0.4 tiles/s | fail_rate=0.0% | ↓ decrease (throughput degrading)
  [2570/10000] (26%) ok=2521 fail=49 workers=8
  [2580/10000] (26%) ok=2531 fail=49 workers=8
  [concurrency] workers=12 | throughput=0.4 tiles/s | fail_rate=0.0% | → nudge up
  [2590/10000] (26%) ok=2541 fail=49 workers=12
  [2600/10000] (26%) ok=2551 fail=49 workers=12
  [concurrency] workers=16 | throughput=0.4 tiles/s | fail_rate=0.0% | → nudge up
  [2610/10000] (26%) ok=2561 fail=49 workers=16
  [2620/10000] (26%) ok=2571 fail=49 workers=16
  [concurrency] workers=16 | throughput=0.5 tiles/s | fail_rate=0.0% | → nudge up
  [2630/10000] (26%) ok=2581 fail=49 workers=16
  [2640/10000] (26%) ok=2591 fail=49 workers=16
  [concurrency] workers=16 | throughput=0.5 tiles/s | fail_rate=0.0% | → nudge up
  [2650/10000] (26%) ok=2600 fail=50 workers=16
  checkpoint saved at 2600 ok tiles
  [2660/10000] (27%) ok=2610 fail=50 workers=16
  [concurrency] workers=16 | throughput=0.5 tiles/s | fail_rate=5.0% | → nudge up
  [2670/10000] (27%) ok=2620 fail=50 workers=16
  [2680/10000] (27%) ok=2630 fail=50 workers=16
  [concurrency] workers=16 | throughput=0.5 tiles/s | fail_rate=0.0% | → nudge up
  [2690/10000] (27%) ok=2640 fail=50 workers=16
  [2700/10000] (27%) ok=2650 fail=50 workers=16
  [concurrency] workers=16 | throughput=0.7 tiles/s | fail_rate=0.0% | → nudge up
  [2710/10000] (27%) ok=2660 fail=50 workers=16
  [2720/10000] (27%) ok=2670 fail=50 workers=16
  [concurrency] workers=16 | throughput=0.6 tiles/s | fail_rate=0.0% | → nudge up
  [2730/10000] (27%) ok=2680 fail=50 workers=16
  [2740/10000] (27%) ok=2690 fail=50 workers=16
  [concurrency] workers=16 | throughput=0.6 tiles/s | fail_rate=0.0% | → nudge up
  [2750/10000] (28%) ok=2700 fail=50 workers=16
  [2760/10000] (28%) ok=2710 fail=50 workers=16
  [concurrency] workers=8 | throughput=0.5 tiles/s | fail_rate=0.0% | ↓ decrease (throughput degrading)
  [2770/10000] (28%) ok=2720 fail=50 workers=8
  [2780/10000] (28%) ok=2730 fail=50 workers=8
  [concurrency] workers=12 | throughput=0.5 tiles/s | fail_rate=0.0% | → nudge up
  [2790/10000] (28%) ok=2740 fail=50 workers=12
  [2800/10000] (28%) ok=2750 fail=50 workers=12
  [concurrency] workers=16 | throughput=0.7 tiles/s | fail_rate=0.0% | → nudge up
  [2810/10000] (28%) ok=2760 fail=50 workers=16
  [2820/10000] (28%) ok=2770 fail=50 workers=16
  [concurrency] workers=8 | throughput=0.6 tiles/s | fail_rate=0.0% | ↓ decrease (throughput degrading)
  [2830/10000] (28%) ok=2780 fail=50 workers=8
  [2840/10000] (28%) ok=2790 fail=50 workers=8
  [concurrency] workers=12 | throughput=0.6 tiles/s | fail_rate=0.0% | → nudge up
  [2850/10000] (28%) ok=2800 fail=50 workers=12
  checkpoint saved at 2800 ok tiles
  [2860/10000] (29%) ok=2810 fail=50 workers=12
  [concurrency] workers=8 | throughput=0.4 tiles/s | fail_rate=0.0% | ↓ decrease (throughput degrading)
  [2870/10000] (29%) ok=2820 fail=50 workers=8
  [2880/10000] (29%) ok=2830 fail=50 workers=8
  [concurrency] workers=16 | throughput=1.1 tiles/s | fail_rate=0.0% | ↑ increase (throughput improving)
  [2890/10000] (29%) ok=2840 fail=50 workers=16
  [2900/10000] (29%) ok=2850 fail=50 workers=16
  [concurrency] workers=8 | throughput=0.5 tiles/s | fail_rate=0.0% | ↓ decrease (throughput degrading)
  [2910/10000] (29%) ok=2860 fail=50 workers=8
  [2920/10000] (29%) ok=2870 fail=50 workers=8
  [concurrency] workers=12 | throughput=0.7 tiles/s | fail_rate=0.0% | → nudge up
  [2930/10000] (29%) ok=2880 fail=50 workers=12
  [2940/10000] (29%) ok=2890 fail=50 workers=12
  [concurrency] workers=8 | throughput=0.5 tiles/s | fail_rate=0.0% | ↓ decrease (throughput degrading)
  [2950/10000] (30%) ok=2900 fail=50 workers=8
  [2960/10000] (30%) ok=2910 fail=50 workers=8
  [concurrency] workers=8 | throughput=0.5 tiles/s | fail_rate=0.0% | ↓ decrease (throughput degrading)
  [2970/10000] (30%) ok=2920 fail=50 workers=8
  [2980/10000] (30%) ok=2930 fail=50 workers=8
  [concurrency] workers=12 | throughput=0.6 tiles/s | fail_rate=0.0% | → nudge up
  [2990/10000] (30%) ok=2940 fail=50 workers=12
  [3000/10000] (30%) ok=2950 fail=50 workers=12
  [concurrency] workers=16 | throughput=0.6 tiles/s | fail_rate=0.0% | → nudge up
  [3010/10000] (30%) ok=2960 fail=50 workers=16
  [3020/10000] (30%) ok=2970 fail=50 workers=16
  [concurrency] workers=16 | throughput=0.5 tiles/s | fail_rate=0.0% | → nudge up
  [3030/10000] (30%) ok=2980 fail=50 workers=16
  [3040/10000] (30%) ok=2990 fail=50 workers=16
  [concurrency] workers=8 | throughput=0.4 tiles/s | fail_rate=0.0% | ↓ decrease (throughput degrading)
  [3050/10000] (30%) ok=3000 fail=50 workers=8
  checkpoint saved at 3000 ok tiles
  [3060/10000] (31%) ok=3010 fail=50 workers=8
  [concurrency] workers=8 | throughput=0.3 tiles/s | fail_rate=0.0% | ↓ decrease (throughput degrading)
  [3070/10000] (31%) ok=3020 fail=50 workers=8
  [3080/10000] (31%) ok=3030 fail=50 workers=8
  [concurrency] workers=16 | throughput=1.9 tiles/s | fail_rate=0.0% | ↑ increase (throughput improving)
  [3090/10000] (31%) ok=3040 fail=50 workers=16
  [3100/10000] (31%) ok=3050 fail=50 workers=16
  [concurrency] workers=8 | throughput=0.5 tiles/s | fail_rate=0.0% | ↓ decrease (throughput degrading)
  [3110/10000] (31%) ok=3060 fail=50 workers=8
  [3120/10000] (31%) ok=3070 fail=50 workers=8
  [concurrency] workers=12 | throughput=0.6 tiles/s | fail_rate=0.0% | → nudge up
  [3130/10000] (31%) ok=3080 fail=50 workers=12
  [3140/10000] (31%) ok=3090 fail=50 workers=12
  [concurrency] workers=16 | throughput=0.6 tiles/s | fail_rate=0.0% | → nudge up
  [3150/10000] (32%) ok=3100 fail=50 workers=16
  [3160/10000] (32%) ok=3110 fail=50 workers=16
  [concurrency] workers=8 | throughput=0.5 tiles/s | fail_rate=0.0% | ↓ decrease (throughput degrading)
  [3170/10000] (32%) ok=3120 fail=50 workers=8
  [3180/10000] (32%) ok=3130 fail=50 workers=8
  [concurrency] workers=12 | throughput=0.7 tiles/s | fail_rate=0.0% | → nudge up
  [3190/10000] (32%) ok=3140 fail=50 workers=12
  [3200/10000] (32%) ok=3150 fail=50 workers=12
  [concurrency] workers=16 | throughput=0.7 tiles/s | fail_rate=0.0% | → nudge up
  [3210/10000] (32%) ok=3160 fail=50 workers=16
  [3220/10000] (32%) ok=3170 fail=50 workers=16
  [concurrency] workers=8 | throughput=0.5 tiles/s | fail_rate=0.0% | ↓ decrease (throughput degrading)
  [3230/10000] (32%) ok=3180 fail=50 workers=8
  [3240/10000] (32%) ok=3190 fail=50 workers=8
  [concurrency] workers=12 | throughput=0.6 tiles/s | fail_rate=0.0% | → nudge up
  [3250/10000] (32%) ok=3200 fail=50 workers=12
  checkpoint saved at 3200 ok tiles
  [3260/10000] (33%) ok=3210 fail=50 workers=12
  [concurrency] workers=8 | throughput=0.3 tiles/s | fail_rate=0.0% | ↓ decrease (throughput degrading)
  [3270/10000] (33%) ok=3220 fail=50 workers=8
  [3280/10000] (33%) ok=3230 fail=50 workers=8
  [concurrency] workers=16 | throughput=2.7 tiles/s | fail_rate=0.0% | ↑ increase (throughput improving)
  [3290/10000] (33%) ok=3240 fail=50 workers=16
  [3300/10000] (33%) ok=3250 fail=50 workers=16
  [concurrency] workers=8 | throughput=0.5 tiles/s | fail_rate=0.0% | ↓ decrease (throughput degrading)
  [3310/10000] (33%) ok=3260 fail=50 workers=8
  [3320/10000] (33%) ok=3270 fail=50 workers=8
  [concurrency] workers=12 | throughput=0.5 tiles/s | fail_rate=0.0% | → nudge up
  [3330/10000] (33%) ok=3280 fail=50 workers=12
  [3340/10000] (33%) ok=3290 fail=50 workers=12
  [concurrency] workers=16 | throughput=0.7 tiles/s | fail_rate=0.0% | → nudge up
  [3350/10000] (34%) ok=3300 fail=50 workers=16
  [3360/10000] (34%) ok=3310 fail=50 workers=16
  [concurrency] workers=8 | throughput=0.5 tiles/s | fail_rate=0.0% | ↓ decrease (throughput degrading)
  [3370/10000] (34%) ok=3320 fail=50 workers=8
  [3380/10000] (34%) ok=3330 fail=50 workers=8
  [concurrency] workers=8 | throughput=0.4 tiles/s | fail_rate=0.0% | ↓ decrease (throughput degrading)
  [3390/10000] (34%) ok=3340 fail=50 workers=8
  [3400/10000] (34%) ok=3350 fail=50 workers=8
  [concurrency] workers=12 | throughput=0.6 tiles/s | fail_rate=0.0% | → nudge up
  [3410/10000] (34%) ok=3360 fail=50 workers=12
  [3420/10000] (34%) ok=3370 fail=50 workers=12
  [concurrency] workers=16 | throughput=0.5 tiles/s | fail_rate=0.0% | → nudge up
  [3430/10000] (34%) ok=3380 fail=50 workers=16
  [3440/10000] (34%) ok=3390 fail=50 workers=16
  [concurrency] workers=16 | throughput=0.6 tiles/s | fail_rate=0.0% | → nudge up
  [3450/10000] (34%) ok=3400 fail=50 workers=16
  checkpoint saved at 3400 ok tiles
  [3460/10000] (35%) ok=3410 fail=50 workers=16
  [concurrency] workers=8 | throughput=0.4 tiles/s | fail_rate=0.0% | ↓ decrease (throughput degrading)
  [3470/10000] (35%) ok=3420 fail=50 workers=8
  [3480/10000] (35%) ok=3430 fail=50 workers=8
  [concurrency] workers=12 | throughput=0.9 tiles/s | fail_rate=0.0% | → nudge up
  [3490/10000] (35%) ok=3440 fail=50 workers=12
  [3500/10000] (35%) ok=3450 fail=50 workers=12
  [concurrency] workers=8 | throughput=0.6 tiles/s | fail_rate=0.0% | ↓ decrease (throughput degrading)
  [3510/10000] (35%) ok=3460 fail=50 workers=8
  [3520/10000] (35%) ok=3470 fail=50 workers=8
  [concurrency] workers=8 | throughput=0.4 tiles/s | fail_rate=0.0% | ↓ decrease (throughput degrading)
  [3530/10000] (35%) ok=3480 fail=50 workers=8
  [3540/10000] (35%) ok=3490 fail=50 workers=8
  [concurrency] workers=12 | throughput=0.5 tiles/s | fail_rate=0.0% | → nudge up
  [3550/10000] (36%) ok=3500 fail=50 workers=12
  [3560/10000] (36%) ok=3510 fail=50 workers=12
  [concurrency] workers=16 | throughput=0.5 tiles/s | fail_rate=0.0% | → nudge up
  [3570/10000] (36%) ok=3520 fail=50 workers=16
  [3580/10000] (36%) ok=3530 fail=50 workers=16
  [concurrency] workers=16 | throughput=0.6 tiles/s | fail_rate=0.0% | → nudge up
  [3590/10000] (36%) ok=3540 fail=50 workers=16
  [3600/10000] (36%) ok=3550 fail=50 workers=16
  [concurrency] workers=8 | throughput=0.5 tiles/s | fail_rate=0.0% | ↓ decrease (throughput degrading)
  [3610/10000] (36%) ok=3560 fail=50 workers=8
  [3620/10000] (36%) ok=3570 fail=50 workers=8
  [concurrency] workers=12 | throughput=0.6 tiles/s | fail_rate=0.0% | → nudge up
  [3630/10000] (36%) ok=3580 fail=50 workers=12
  [3640/10000] (36%) ok=3590 fail=50 workers=12
  [concurrency] workers=8 | throughput=0.5 tiles/s | fail_rate=0.0% | ↓ decrease (throughput degrading)
  [3650/10000] (36%) ok=3600 fail=50 workers=8
  checkpoint saved at 3600 ok tiles
  [3660/10000] (37%) ok=3610 fail=50 workers=8
  [concurrency] workers=8 | throughput=0.4 tiles/s | fail_rate=0.0% | ↓ decrease (throughput degrading)
  [3670/10000] (37%) ok=3620 fail=50 workers=8
  [3680/10000] (37%) ok=3630 fail=50 workers=8
  [concurrency] workers=12 | throughput=0.5 tiles/s | fail_rate=0.0% | → nudge up
  [3690/10000] (37%) ok=3640 fail=50 workers=12
  [3700/10000] (37%) ok=3650 fail=50 workers=12
  [concurrency] workers=16 | throughput=0.5 tiles/s | fail_rate=0.0% | → nudge up
  [3710/10000] (37%) ok=3660 fail=50 workers=16
  [3720/10000] (37%) ok=3670 fail=50 workers=16
  [concurrency] workers=16 | throughput=0.6 tiles/s | fail_rate=0.0% | → nudge up
  [3730/10000] (37%) ok=3680 fail=50 workers=16
  [3740/10000] (37%) ok=3690 fail=50 workers=16
  [concurrency] workers=8 | throughput=0.4 tiles/s | fail_rate=0.0% | ↓ decrease (throughput degrading)
  [3750/10000] (38%) ok=3700 fail=50 workers=8
  [3760/10000] (38%) ok=3710 fail=50 workers=8
  [concurrency] workers=12 | throughput=0.5 tiles/s | fail_rate=0.0% | → nudge up
  [3770/10000] (38%) ok=3720 fail=50 workers=12
  [3780/10000] (38%) ok=3730 fail=50 workers=12
  [concurrency] workers=8 | throughput=0.5 tiles/s | fail_rate=0.0% | ↓ decrease (throughput degrading)
  [3790/10000] (38%) ok=3740 fail=50 workers=8
  [3800/10000] (38%) ok=3750 fail=50 workers=8
  [concurrency] workers=12 | throughput=0.5 tiles/s | fail_rate=0.0% | → nudge up
  [3810/10000] (38%) ok=3760 fail=50 workers=12
  [3820/10000] (38%) ok=3770 fail=50 workers=12
  [concurrency] workers=16 | throughput=0.5 tiles/s | fail_rate=0.0% | → nudge up
  [3830/10000] (38%) ok=3780 fail=50 workers=16
  [3840/10000] (38%) ok=3790 fail=50 workers=16
  [concurrency] workers=16 | throughput=0.5 tiles/s | fail_rate=0.0% | → nudge up
  [3850/10000] (38%) ok=3800 fail=50 workers=16
  checkpoint saved at 3800 ok tiles
  [3860/10000] (39%) ok=3810 fail=50 workers=16
  [concurrency] workers=16 | throughput=0.6 tiles/s | fail_rate=0.0% | → nudge up
  [3870/10000] (39%) ok=3820 fail=50 workers=16
  [3880/10000] (39%) ok=3830 fail=50 workers=16
  [concurrency] workers=8 | throughput=0.5 tiles/s | fail_rate=0.0% | ↓ decrease (throughput degrading)
  [3890/10000] (39%) ok=3840 fail=50 workers=8
  [3900/10000] (39%) ok=3850 fail=50 workers=8
  [concurrency] workers=12 | throughput=0.6 tiles/s | fail_rate=0.0% | → nudge up
  [3910/10000] (39%) ok=3860 fail=50 workers=12
  [3920/10000] (39%) ok=3870 fail=50 workers=12
  [concurrency] workers=16 | throughput=0.5 tiles/s | fail_rate=0.0% | → nudge up
  [3930/10000] (39%) ok=3880 fail=50 workers=16
  [3940/10000] (39%) ok=3890 fail=50 workers=16
  [concurrency] workers=8 | throughput=0.4 tiles/s | fail_rate=0.0% | ↓ decrease (throughput degrading)
  [3950/10000] (40%) ok=3900 fail=50 workers=8
  [3960/10000] (40%) ok=3910 fail=50 workers=8
  [concurrency] workers=12 | throughput=0.5 tiles/s | fail_rate=0.0% | → nudge up
  [3970/10000] (40%) ok=3920 fail=50 workers=12
  [3980/10000] (40%) ok=3930 fail=50 workers=12
  [concurrency] workers=8 | throughput=0.4 tiles/s | fail_rate=0.0% | ↓ decrease (throughput degrading)
  [3990/10000] (40%) ok=3940 fail=50 workers=8
  [4000/10000] (40%) ok=3950 fail=50 workers=8
  [concurrency] workers=8 | throughput=0.2 tiles/s | fail_rate=0.0% | ↓ decrease (throughput degrading)
  [4010/10000] (40%) ok=3954 fail=56 workers=8
  [4020/10000] (40%) ok=3955 fail=65 workers=8
  [concurrency] workers=8 | throughput=0.3 tiles/s | fail_rate=75.0% | ↓ back off (high fail rate)
  [4030/10000] (40%) ok=3955 fail=75 workers=8
  [4040/10000] (40%) ok=3955 fail=85 workers=8
  [concurrency] workers=8 | throughput=0.0 tiles/s | fail_rate=100.0% | ↓ back off (high fail rate)
  [4050/10000] (40%) ok=3955 fail=95 workers=8
  [4060/10000] (41%) ok=3955 fail=105 workers=8
  [concurrency] workers=8 | throughput=0.0 tiles/s | fail_rate=100.0% | ↓ back off (high fail rate)
  [4070/10000] (41%) ok=3955 fail=115 workers=8
  [4080/10000] (41%) ok=3955 fail=125 workers=8
  [concurrency] workers=8 | throughput=0.0 tiles/s | fail_rate=100.0% | ↓ back off (high fail rate)
  [4090/10000] (41%) ok=3955 fail=135 workers=8
  [4100/10000] (41%) ok=3955 fail=145 workers=8
  [concurrency] workers=8 | throughput=0.0 tiles/s | fail_rate=100.0% | ↓ back off (high fail rate)
  [4110/10000] (41%) ok=3955 fail=155 workers=8
  [4120/10000] (41%) ok=3955 fail=165 workers=8
  [concurrency] workers=8 | throughput=0.0 tiles/s | fail_rate=100.0% | ↓ back off (high fail rate)
  [4130/10000] (41%) ok=3955 fail=175 workers=8
  [4140/10000] (41%) ok=3955 fail=185 workers=8
  [concurrency] workers=8 | throughput=0.0 tiles/s | fail_rate=100.0% | ↓ back off (high fail rate)
  [4150/10000] (42%) ok=3955 fail=195 workers=8
  [4160/10000] (42%) ok=3955 fail=205 workers=8
  [concurrency] workers=8 | throughput=0.0 tiles/s | fail_rate=100.0% | ↓ back off (high fail rate)
  [4170/10000] (42%) ok=3955 fail=215 workers=8
  [4180/10000] (42%) ok=3955 fail=225 workers=8
  [concurrency] workers=8 | throughput=0.0 tiles/s | fail_rate=100.0% | ↓ back off (high fail rate)
  [4190/10000] (42%) ok=3955 fail=235 workers=8
  [4200/10000] (42%) ok=3955 fail=245 workers=8
  [concurrency] workers=8 | throughput=0.0 tiles/s | fail_rate=100.0% | ↓ back off (high fail rate)
  [4210/10000] (42%) ok=3955 fail=255 workers=8
  [4220/10000] (42%) ok=3955 fail=265 workers=8
  [concurrency] workers=8 | throughput=0.0 tiles/s | fail_rate=100.0% | ↓ back off (high fail rate)
  [4230/10000] (42%) ok=3955 fail=275 workers=8
  [4240/10000] (42%) ok=3955 fail=285 workers=8
  [concurrency] workers=8 | throughput=0.0 tiles/s | fail_rate=100.0% | ↓ back off (high fail rate)
  [4250/10000] (42%) ok=3955 fail=295 workers=8
  [4260/10000] (43%) ok=3955 fail=305 workers=8
  [concurrency] workers=8 | throughput=0.0 tiles/s | fail_rate=100.0% | ↓ back off (high fail rate)
  [4270/10000] (43%) ok=3955 fail=315 workers=8
  [4280/10000] (43%) ok=3955 fail=325 workers=8
  [concurrency] workers=8 | throughput=0.0 tiles/s | fail_rate=100.0% | ↓ back off (high fail rate)
  [4290/10000] (43%) ok=3955 fail=335 workers=8
  [4300/10000] (43%) ok=3955 fail=345 workers=8
  [concurrency] workers=8 | throughput=0.0 tiles/s | fail_rate=100.0% | ↓ back off (high fail rate)
  [4310/10000] (43%) ok=3955 fail=355 workers=8
  [4320/10000] (43%) ok=3955 fail=365 workers=8
  [concurrency] workers=8 | throughput=0.0 tiles/s | fail_rate=100.0% | ↓ back off (high fail rate)
  [4330/10000] (43%) ok=3955 fail=375 workers=8
  [4340/10000] (43%) ok=3955 fail=385 workers=8
  [concurrency] workers=8 | throughput=0.0 tiles/s | fail_rate=100.0% | ↓ back off (high fail rate)
  [4350/10000] (44%) ok=3955 fail=395 workers=8
  [4360/10000] (44%) ok=3955 fail=405 workers=8
  [concurrency] workers=8 | throughput=0.0 tiles/s | fail_rate=100.0% | ↓ back off (high fail rate)
  [4370/10000] (44%) ok=3955 fail=415 workers=8
  [4380/10000] (44%) ok=3955 fail=425 workers=8
  [concurrency] workers=8 | throughput=0.0 tiles/s | fail_rate=100.0% | ↓ back off (high fail rate)
  [4390/10000] (44%) ok=3955 fail=435 workers=8
  [4400/10000] (44%) ok=3955 fail=445 workers=8
  [concurrency] workers=8 | throughput=0.0 tiles/s | fail_rate=100.0% | ↓ back off (high fail rate)
  [4410/10000] (44%) ok=3955 fail=455 workers=8
  [4420/10000] (44%) ok=3955 fail=465 workers=8
  [concurrency] workers=8 | throughput=0.0 tiles/s | fail_rate=100.0% | ↓ back off (high fail rate)
  [4430/10000] (44%) ok=3955 fail=475 workers=8
  [4440/10000] (44%) ok=3955 fail=485 workers=8
  [concurrency] workers=8 | throughput=0.0 tiles/s | fail_rate=100.0% | ↓ back off (high fail rate)
  [4450/10000] (44%) ok=3955 fail=495 workers=8
  [4460/10000] (45%) ok=3955 fail=505 workers=8
  [concurrency] workers=8 | throughput=0.0 tiles/s | fail_rate=100.0% | ↓ back off (high fail rate)
  [4470/10000] (45%) ok=3955 fail=515 workers=8
  [4480/10000] (45%) ok=3955 fail=525 workers=8
  [concurrency] workers=8 | throughput=0.0 tiles/s | fail_rate=100.0% | ↓ back off (high fail rate)
  [4490/10000] (45%) ok=3955 fail=535 workers=8
  [4500/10000] (45%) ok=3955 fail=545 workers=8
  [concurrency] workers=8 | throughput=0.0 tiles/s | fail_rate=100.0% | ↓ back off (high fail rate)
  [4510/10000] (45%) ok=3955 fail=555 workers=8
  [4520/10000] (45%) ok=3955 fail=565 workers=8
  [concurrency] workers=8 | throughput=0.0 tiles/s | fail_rate=100.0% | ↓ back off (high fail rate)
  [4530/10000] (45%) ok=3955 fail=575 workers=8
  [4540/10000] (45%) ok=3955 fail=585 workers=8
  [concurrency] workers=8 | throughput=0.0 tiles/s | fail_rate=100.0% | ↓ back off (high fail rate)
  [4550/10000] (46%) ok=3955 fail=595 workers=8
  [4560/10000] (46%) ok=3955 fail=605 workers=8
  [concurrency] workers=8 | throughput=0.0 tiles/s | fail_rate=100.0% | ↓ back off (high fail rate)
  [4570/10000] (46%) ok=3955 fail=615 workers=8
  [4580/10000] (46%) ok=3955 fail=625 workers=8
  [concurrency] workers=8 | throughput=0.0 tiles/s | fail_rate=100.0% | ↓ back off (high fail rate)
  [4590/10000] (46%) ok=3955 fail=635 workers=8
  [4600/10000] (46%) ok=3955 fail=645 workers=8
  [concurrency] workers=8 | throughput=0.0 tiles/s | fail_rate=100.0% | ↓ back off (high fail rate)
  [4610/10000] (46%) ok=3955 fail=655 workers=8
  [4620/10000] (46%) ok=3955 fail=665 workers=8
  [concurrency] workers=8 | throughput=0.0 tiles/s | fail_rate=100.0% | ↓ back off (high fail rate)
  [4630/10000] (46%) ok=3955 fail=675 workers=8
  [4640/10000] (46%) ok=3955 fail=685 workers=8
  [concurrency] workers=8 | throughput=0.0 tiles/s | fail_rate=100.0% | ↓ back off (high fail rate)
  [4650/10000] (46%) ok=3955 fail=695 workers=8
  [4660/10000] (47%) ok=3955 fail=705 workers=8
  [concurrency] workers=8 | throughput=0.0 tiles/s | fail_rate=100.0% | ↓ back off (high fail rate)
  [4670/10000] (47%) ok=3955 fail=715 workers=8
  [4680/10000] (47%) ok=3955 fail=725 workers=8
  [concurrency] workers=8 | throughput=0.0 tiles/s | fail_rate=100.0% | ↓ back off (high fail rate)
  [4690/10000] (47%) ok=3955 fail=735 workers=8
  [4700/10000] (47%) ok=3955 fail=745 workers=8
  [concurrency] workers=8 | throughput=0.0 tiles/s | fail_rate=100.0% | ↓ back off (high fail rate)
  [4710/10000] (47%) ok=3955 fail=755 workers=8
  [4720/10000] (47%) ok=3955 fail=765 workers=8
  [concurrency] workers=8 | throughput=0.0 tiles/s | fail_rate=100.0% | ↓ back off (high fail rate)
  [4730/10000] (47%) ok=3955 fail=775 workers=8
  [4740/10000] (47%) ok=3955 fail=785 workers=8
  [concurrency] workers=8 | throughput=0.0 tiles/s | fail_rate=100.0% | ↓ back off (high fail rate)
  [4750/10000] (48%) ok=3955 fail=795 workers=8
  [4760/10000] (48%) ok=3955 fail=805 workers=8
  [concurrency] workers=8 | throughput=0.0 tiles/s | fail_rate=100.0% | ↓ back off (high fail rate)
  [4770/10000] (48%) ok=3955 fail=815 workers=8
  [4780/10000] (48%) ok=3955 fail=825 workers=8
  [concurrency] workers=8 | throughput=0.0 tiles/s | fail_rate=100.0% | ↓ back off (high fail rate)
  [4790/10000] (48%) ok=3955 fail=835 workers=8
  [4800/10000] (48%) ok=3955 fail=845 workers=8
  [concurrency] workers=8 | throughput=0.0 tiles/s | fail_rate=100.0% | ↓ back off (high fail rate)
  [4810/10000] (48%) ok=3955 fail=855 workers=8
  [4820/10000] (48%) ok=3955 fail=865 workers=8
  [concurrency] workers=8 | throughput=0.0 tiles/s | fail_rate=100.0% | ↓ back off (high fail rate)
  [4830/10000] (48%) ok=3955 fail=875 workers=8
  [4840/10000] (48%) ok=3955 fail=885 workers=8
  [concurrency] workers=8 | throughput=0.0 tiles/s | fail_rate=100.0% | ↓ back off (high fail rate)
  [4850/10000] (48%) ok=3955 fail=895 workers=8
  [4860/10000] (49%) ok=3955 fail=905 workers=8
  [concurrency] workers=8 | throughput=0.0 tiles/s | fail_rate=100.0% | ↓ back off (high fail rate)
  [4870/10000] (49%) ok=3955 fail=915 workers=8
  [4880/10000] (49%) ok=3955 fail=925 workers=8
  [concurrency] workers=8 | throughput=0.0 tiles/s | fail_rate=100.0% | ↓ back off (high fail rate)
  [4890/10000] (49%) ok=3955 fail=935 workers=8
  [4900/10000] (49%) ok=3955 fail=945 workers=8
  [concurrency] workers=8 | throughput=0.0 tiles/s | fail_rate=100.0% | ↓ back off (high fail rate)
  [4910/10000] (49%) ok=3955 fail=955 workers=8
  [4920/10000] (49%) ok=3955 fail=965 workers=8
  [concurrency] workers=8 | throughput=0.0 tiles/s | fail_rate=100.0% | ↓ back off (high fail rate)
  [4930/10000] (49%) ok=3955 fail=975 workers=8
  [4940/10000] (49%) ok=3955 fail=985 workers=8
  [concurrency] workers=8 | throughput=0.0 tiles/s | fail_rate=100.0% | ↓ back off (high fail rate)
  [4950/10000] (50%) ok=3955 fail=995 workers=8
  [4960/10000] (50%) ok=3955 fail=1005 workers=8
  [concurrency] workers=8 | throughput=0.0 tiles/s | fail_rate=100.0% | ↓ back off (high fail rate)
  [4970/10000] (50%) ok=3955 fail=1015 workers=8
  [4980/10000] (50%) ok=3955 fail=1025 workers=8
  [concurrency] workers=8 | throughput=0.0 tiles/s | fail_rate=100.0% | ↓ back off (high fail rate)
  [4990/10000] (50%) ok=3955 fail=1035 workers=8
  [5000/10000] (50%) ok=3955 fail=1045 workers=8
  [concurrency] workers=8 | throughput=0.0 tiles/s | fail_rate=100.0% | ↓ back off (high fail rate)
  [5010/10000] (50%) ok=3955 fail=1055 workers=8
  [5020/10000] (50%) ok=3955 fail=1065 workers=8
  [concurrency] workers=8 | throughput=0.0 tiles/s | fail_rate=100.0% | ↓ back off (high fail rate)
  [5030/10000] (50%) ok=3955 fail=1075 workers=8
  [5040/10000] (50%) ok=3955 fail=1085 workers=8
  [concurrency] workers=8 | throughput=0.0 tiles/s | fail_rate=100.0% | ↓ back off (high fail rate)
  [5050/10000] (50%) ok=3955 fail=1095 workers=8
  [5060/10000] (51%) ok=3955 fail=1105 workers=8
  [concurrency] workers=8 | throughput=0.0 tiles/s | fail_rate=100.0% | ↓ back off (high fail rate)
  [5070/10000] (51%) ok=3955 fail=1115 workers=8
  [5080/10000] (51%) ok=3955 fail=1125 workers=8
  [concurrency] workers=8 | throughput=0.0 tiles/s | fail_rate=100.0% | ↓ back off (high fail rate)
  [5090/10000] (51%) ok=3955 fail=1135 workers=8
  [5100/10000] (51%) ok=3955 fail=1145 workers=8
  [concurrency] workers=8 | throughput=0.0 tiles/s | fail_rate=100.0% | ↓ back off (high fail rate)
  [5110/10000] (51%) ok=3955 fail=1155 workers=8
  [5120/10000] (51%) ok=3955 fail=1165 workers=8
  [concurrency] workers=8 | throughput=0.0 tiles/s | fail_rate=100.0% | ↓ back off (high fail rate)
  [5130/10000] (51%) ok=3955 fail=1175 workers=8
  [5140/10000] (51%) ok=3955 fail=1185 workers=8
  [concurrency] workers=8 | throughput=0.0 tiles/s | fail_rate=100.0% | ↓ back off (high fail rate)
  [5150/10000] (52%) ok=3955 fail=1195 workers=8
  [5160/10000] (52%) ok=3955 fail=1205 workers=8
  [concurrency] workers=8 | throughput=0.0 tiles/s | fail_rate=100.0% | ↓ back off (high fail rate)
  [5170/10000] (52%) ok=3955 fail=1215 workers=8
  [5180/10000] (52%) ok=3955 fail=1225 workers=8
  [concurrency] workers=8 | throughput=0.0 tiles/s | fail_rate=100.0% | ↓ back off (high fail rate)
  [5190/10000] (52%) ok=3955 fail=1235 workers=8
  [5200/10000] (52%) ok=3955 fail=1245 workers=8
  [concurrency] workers=8 | throughput=0.0 tiles/s | fail_rate=100.0% | ↓ back off (high fail rate)
  [5210/10000] (52%) ok=3955 fail=1255 workers=8
  [5220/10000] (52%) ok=3955 fail=1265 workers=8
  [concurrency] workers=8 | throughput=0.0 tiles/s | fail_rate=100.0% | ↓ back off (high fail rate)
  [5230/10000] (52%) ok=3955 fail=1275 workers=8
  [5240/10000] (52%) ok=3955 fail=1285 workers=8
  [concurrency] workers=8 | throughput=0.0 tiles/s | fail_rate=100.0% | ↓ back off (high fail rate)
  [5250/10000] (52%) ok=3955 fail=1295 workers=8
  [5260/10000] (53%) ok=3955 fail=1305 workers=8
  [concurrency] workers=8 | throughput=0.0 tiles/s | fail_rate=100.0% | ↓ back off (high fail rate)
  [5270/10000] (53%) ok=3955 fail=1315 workers=8
  [5280/10000] (53%) ok=3955 fail=1325 workers=8
  [concurrency] workers=8 | throughput=0.0 tiles/s | fail_rate=100.0% | ↓ back off (high fail rate)
  [5290/10000] (53%) ok=3955 fail=1335 workers=8
  [5300/10000] (53%) ok=3955 fail=1345 workers=8
  [concurrency] workers=8 | throughput=0.0 tiles/s | fail_rate=100.0% | ↓ back off (high fail rate)
  [5310/10000] (53%) ok=3955 fail=1355 workers=8
  [5320/10000] (53%) ok=3955 fail=1365 workers=8
  [concurrency] workers=8 | throughput=0.0 tiles/s | fail_rate=100.0% | ↓ back off (high fail rate)
  [5330/10000] (53%) ok=3955 fail=1375 workers=8
  [5340/10000] (53%) ok=3955 fail=1385 workers=8
  [concurrency] workers=8 | throughput=0.0 tiles/s | fail_rate=100.0% | ↓ back off (high fail rate)
  [5350/10000] (54%) ok=3955 fail=1395 workers=8
  [5360/10000] (54%) ok=3955 fail=1405 workers=8
  [concurrency] workers=8 | throughput=0.0 tiles/s | fail_rate=100.0% | ↓ back off (high fail rate)
  [5370/10000] (54%) ok=3955 fail=1415 workers=8
  [5380/10000] (54%) ok=3955 fail=1425 workers=8
  [concurrency] workers=8 | throughput=0.0 tiles/s | fail_rate=100.0% | ↓ back off (high fail rate)
  [5390/10000] (54%) ok=3955 fail=1435 workers=8
  [5400/10000] (54%) ok=3955 fail=1445 workers=8
  [concurrency] workers=8 | throughput=0.0 tiles/s | fail_rate=100.0% | ↓ back off (high fail rate)
  [5410/10000] (54%) ok=3955 fail=1455 workers=8
  [5420/10000] (54%) ok=3955 fail=1465 workers=8
  [concurrency] workers=8 | throughput=0.0 tiles/s | fail_rate=100.0% | ↓ back off (high fail rate)
  [5430/10000] (54%) ok=3955 fail=1475 workers=8
  [5440/10000] (54%) ok=3955 fail=1485 workers=8
  [concurrency] workers=8 | throughput=0.0 tiles/s | fail_rate=100.0% | ↓ back off (high fail rate)
  [5450/10000] (55%) ok=3955 fail=1495 workers=8
  [5460/10000] (55%) ok=3955 fail=1505 workers=8
  [concurrency] workers=8 | throughput=0.0 tiles/s | fail_rate=100.0% | ↓ back off (high fail rate)
  [5470/10000] (55%) ok=3955 fail=1515 workers=8
  [5480/10000] (55%) ok=3955 fail=1525 workers=8
  [concurrency] workers=8 | throughput=0.0 tiles/s | fail_rate=100.0% | ↓ back off (high fail rate)
  [5490/10000] (55%) ok=3955 fail=1535 workers=8
  [5500/10000] (55%) ok=3955 fail=1545 workers=8
  [concurrency] workers=8 | throughput=0.0 tiles/s | fail_rate=100.0% | ↓ back off (high fail rate)
  [5510/10000] (55%) ok=3955 fail=1555 workers=8
  [5520/10000] (55%) ok=3955 fail=1565 workers=8
  [concurrency] workers=8 | throughput=0.0 tiles/s | fail_rate=100.0% | ↓ back off (high fail rate)
  [5530/10000] (55%) ok=3955 fail=1575 workers=8
  [5540/10000] (55%) ok=3955 fail=1585 workers=8
  [concurrency] workers=8 | throughput=0.0 tiles/s | fail_rate=100.0% | ↓ back off (high fail rate)
  [5550/10000] (56%) ok=3955 fail=1595 workers=8
  [5560/10000] (56%) ok=3955 fail=1605 workers=8
  [concurrency] workers=8 | throughput=0.0 tiles/s | fail_rate=100.0% | ↓ back off (high fail rate)
  [5570/10000] (56%) ok=3955 fail=1615 workers=8
  [5580/10000] (56%) ok=3955 fail=1625 workers=8
  [concurrency] workers=8 | throughput=0.0 tiles/s | fail_rate=100.0% | ↓ back off (high fail rate)
  [5590/10000] (56%) ok=3955 fail=1635 workers=8
  [5600/10000] (56%) ok=3955 fail=1645 workers=8
  [concurrency] workers=8 | throughput=0.0 tiles/s | fail_rate=100.0% | ↓ back off (high fail rate)
  [5610/10000] (56%) ok=3955 fail=1655 workers=8
  [5620/10000] (56%) ok=3955 fail=1665 workers=8
  [concurrency] workers=8 | throughput=0.0 tiles/s | fail_rate=100.0% | ↓ back off (high fail rate)
  [5630/10000] (56%) ok=3955 fail=1675 workers=8
  [5640/10000] (56%) ok=3955 fail=1685 workers=8
  [concurrency] workers=8 | throughput=0.0 tiles/s | fail_rate=100.0% | ↓ back off (high fail rate)
  [5650/10000] (56%) ok=3955 fail=1695 workers=8
  [5660/10000] (57%) ok=3955 fail=1705 workers=8
  [concurrency] workers=8 | throughput=0.0 tiles/s | fail_rate=100.0% | ↓ back off (high fail rate)
  [5670/10000] (57%) ok=3955 fail=1715 workers=8
  [5680/10000] (57%) ok=3955 fail=1725 workers=8
  [concurrency] workers=8 | throughput=0.0 tiles/s | fail_rate=100.0% | ↓ back off (high fail rate)
  [5690/10000] (57%) ok=3955 fail=1735 workers=8
  [5700/10000] (57%) ok=3955 fail=1745 workers=8
  [concurrency] workers=8 | throughput=0.0 tiles/s | fail_rate=100.0% | ↓ back off (high fail rate)
  [5710/10000] (57%) ok=3955 fail=1755 workers=8
  [5720/10000] (57%) ok=3955 fail=1765 workers=8
  [concurrency] workers=8 | throughput=0.0 tiles/s | fail_rate=100.0% | ↓ back off (high fail rate)
  [5730/10000] (57%) ok=3955 fail=1775 workers=8
  [5740/10000] (57%) ok=3955 fail=1785 workers=8
  [concurrency] workers=8 | throughput=0.0 tiles/s | fail_rate=100.0% | ↓ back off (high fail rate)
  [5750/10000] (57%) ok=3955 fail=1795 workers=8
  [5760/10000] (58%) ok=3955 fail=1805 workers=8
  [concurrency] workers=8 | throughput=0.0 tiles/s | fail_rate=100.0% | ↓ back off (high fail rate)
  [5770/10000] (58%) ok=3955 fail=1815 workers=8
  [5780/10000] (58%) ok=3955 fail=1825 workers=8
  [concurrency] workers=8 | throughput=0.0 tiles/s | fail_rate=100.0% | ↓ back off (high fail rate)
  [5790/10000] (58%) ok=3955 fail=1835 workers=8
  [5800/10000] (58%) ok=3955 fail=1845 workers=8
  [concurrency] workers=8 | throughput=0.0 tiles/s | fail_rate=100.0% | ↓ back off (high fail rate)
  [5810/10000] (58%) ok=3955 fail=1855 workers=8
  [5820/10000] (58%) ok=3955 fail=1865 workers=8
  [concurrency] workers=8 | throughput=0.0 tiles/s | fail_rate=100.0% | ↓ back off (high fail rate)
  [5830/10000] (58%) ok=3955 fail=1875 workers=8
  [5840/10000] (58%) ok=3955 fail=1885 workers=8
  [concurrency] workers=8 | throughput=0.0 tiles/s | fail_rate=100.0% | ↓ back off (high fail rate)
  [5850/10000] (58%) ok=3955 fail=1895 workers=8
  [5860/10000] (59%) ok=3955 fail=1905 workers=8
  [concurrency] workers=8 | throughput=0.0 tiles/s | fail_rate=100.0% | ↓ back off (high fail rate)
  [5870/10000] (59%) ok=3955 fail=1915 workers=8
  [5880/10000] (59%) ok=3955 fail=1925 workers=8
  [concurrency] workers=8 | throughput=0.0 tiles/s | fail_rate=100.0% | ↓ back off (high fail rate)
  [5890/10000] (59%) ok=3955 fail=1935 workers=8
  [5900/10000] (59%) ok=3955 fail=1945 workers=8
  [concurrency] workers=8 | throughput=0.0 tiles/s | fail_rate=100.0% | ↓ back off (high fail rate)
  [5910/10000] (59%) ok=3955 fail=1955 workers=8
  [5920/10000] (59%) ok=3955 fail=1965 workers=8
  [concurrency] workers=8 | throughput=0.0 tiles/s | fail_rate=100.0% | ↓ back off (high fail rate)
  [5930/10000] (59%) ok=3955 fail=1975 workers=8
  [5940/10000] (59%) ok=3955 fail=1985 workers=8
  [concurrency] workers=8 | throughput=0.0 tiles/s | fail_rate=100.0% | ↓ back off (high fail rate)
  [5950/10000] (60%) ok=3955 fail=1995 workers=8
  [5960/10000] (60%) ok=3955 fail=2005 workers=8
  [concurrency] workers=8 | throughput=0.0 tiles/s | fail_rate=100.0% | ↓ back off (high fail rate)
  [5970/10000] (60%) ok=3955 fail=2015 workers=8
  [5980/10000] (60%) ok=3955 fail=2025 workers=8
  [concurrency] workers=8 | throughput=0.0 tiles/s | fail_rate=100.0% | ↓ back off (high fail rate)
  [5990/10000] (60%) ok=3955 fail=2035 workers=8
  [6000/10000] (60%) ok=3955 fail=2045 workers=8
  [concurrency] workers=8 | throughput=0.0 tiles/s | fail_rate=100.0% | ↓ back off (high fail rate)
  [6010/10000] (60%) ok=3955 fail=2055 workers=8
  [6020/10000] (60%) ok=3955 fail=2065 workers=8
  [concurrency] workers=8 | throughput=0.0 tiles/s | fail_rate=100.0% | ↓ back off (high fail rate)
  [6030/10000] (60%) ok=3955 fail=2075 workers=8
  [6040/10000] (60%) ok=3955 fail=2085 workers=8
  [concurrency] workers=8 | throughput=0.0 tiles/s | fail_rate=100.0% | ↓ back off (high fail rate)
  [6050/10000] (60%) ok=3955 fail=2095 workers=8
  [6060/10000] (61%) ok=3955 fail=2105 workers=8
  [concurrency] workers=8 | throughput=0.0 tiles/s | fail_rate=100.0% | ↓ back off (high fail rate)
  [6070/10000] (61%) ok=3955 fail=2115 workers=8
  [6080/10000] (61%) ok=3955 fail=2125 workers=8
  [concurrency] workers=8 | throughput=0.0 tiles/s | fail_rate=100.0% | ↓ back off (high fail rate)
  [6090/10000] (61%) ok=3955 fail=2135 workers=8
  [6100/10000] (61%) ok=3955 fail=2145 workers=8
  [concurrency] workers=8 | throughput=0.0 tiles/s | fail_rate=100.0% | ↓ back off (high fail rate)
  [6110/10000] (61%) ok=3955 fail=2155 workers=8
  [6120/10000] (61%) ok=3955 fail=2165 workers=8
  [concurrency] workers=8 | throughput=0.0 tiles/s | fail_rate=100.0% | ↓ back off (high fail rate)
  [6130/10000] (61%) ok=3955 fail=2175 workers=8
  [6140/10000] (61%) ok=3955 fail=2185 workers=8
  [concurrency] workers=8 | throughput=0.0 tiles/s | fail_rate=100.0% | ↓ back off (high fail rate)
  [6150/10000] (62%) ok=3955 fail=2195 workers=8
  [6160/10000] (62%) ok=3955 fail=2205 workers=8
  [concurrency] workers=8 | throughput=0.0 tiles/s | fail_rate=100.0% | ↓ back off (high fail rate)
  [6170/10000] (62%) ok=3955 fail=2215 workers=8
  [6180/10000] (62%) ok=3955 fail=2225 workers=8
  [concurrency] workers=8 | throughput=0.0 tiles/s | fail_rate=100.0% | ↓ back off (high fail rate)
  [6190/10000] (62%) ok=3955 fail=2235 workers=8
  [6200/10000] (62%) ok=3955 fail=2245 workers=8
  [concurrency] workers=8 | throughput=0.0 tiles/s | fail_rate=100.0% | ↓ back off (high fail rate)
  [6210/10000] (62%) ok=3955 fail=2255 workers=8
  [6220/10000] (62%) ok=3955 fail=2265 workers=8
  [concurrency] workers=8 | throughput=0.0 tiles/s | fail_rate=100.0% | ↓ back off (high fail rate)
  [6230/10000] (62%) ok=3955 fail=2275 workers=8
  [6240/10000] (62%) ok=3955 fail=2285 workers=8
  [concurrency] workers=8 | throughput=0.0 tiles/s | fail_rate=100.0% | ↓ back off (high fail rate)
  [6250/10000] (62%) ok=3955 fail=2295 workers=8
  [6260/10000] (63%) ok=3955 fail=2305 workers=8
  [concurrency] workers=8 | throughput=0.0 tiles/s | fail_rate=100.0% | ↓ back off (high fail rate)
  [6270/10000] (63%) ok=3955 fail=2315 workers=8
  [6280/10000] (63%) ok=3955 fail=2325 workers=8
  [concurrency] workers=8 | throughput=0.0 tiles/s | fail_rate=100.0% | ↓ back off (high fail rate)
  [6290/10000] (63%) ok=3955 fail=2335 workers=8
  [6300/10000] (63%) ok=3955 fail=2345 workers=8
  [concurrency] workers=8 | throughput=0.0 tiles/s | fail_rate=100.0% | ↓ back off (high fail rate)
  [6310/10000] (63%) ok=3955 fail=2355 workers=8
  [6320/10000] (63%) ok=3955 fail=2365 workers=8
  [concurrency] workers=8 | throughput=0.0 tiles/s | fail_rate=100.0% | ↓ back off (high fail rate)
  [6330/10000] (63%) ok=3955 fail=2375 workers=8
  [6340/10000] (63%) ok=3955 fail=2385 workers=8
  [concurrency] workers=8 | throughput=0.0 tiles/s | fail_rate=100.0% | ↓ back off (high fail rate)
  [6350/10000] (64%) ok=3955 fail=2395 workers=8
  [6360/10000] (64%) ok=3955 fail=2405 workers=8
  [concurrency] workers=8 | throughput=0.0 tiles/s | fail_rate=100.0% | ↓ back off (high fail rate)
  [6370/10000] (64%) ok=3955 fail=2415 workers=8
  [6380/10000] (64%) ok=3955 fail=2425 workers=8
  [concurrency] workers=8 | throughput=0.0 tiles/s | fail_rate=100.0% | ↓ back off (high fail rate)
  [6390/10000] (64%) ok=3955 fail=2435 workers=8
  [6400/10000] (64%) ok=3955 fail=2445 workers=8
  [concurrency] workers=8 | throughput=0.0 tiles/s | fail_rate=100.0% | ↓ back off (high fail rate)
  [6410/10000] (64%) ok=3955 fail=2455 workers=8
  [6420/10000] (64%) ok=3955 fail=2465 workers=8
  [concurrency] workers=8 | throughput=0.0 tiles/s | fail_rate=100.0% | ↓ back off (high fail rate)
  [6430/10000] (64%) ok=3955 fail=2475 workers=8
  [6440/10000] (64%) ok=3955 fail=2485 workers=8
  [concurrency] workers=8 | throughput=0.0 tiles/s | fail_rate=100.0% | ↓ back off (high fail rate)
  [6450/10000] (64%) ok=3955 fail=2495 workers=8
  [6460/10000] (65%) ok=3955 fail=2505 workers=8
  [concurrency] workers=8 | throughput=0.0 tiles/s | fail_rate=100.0% | ↓ back off (high fail rate)
  [6470/10000] (65%) ok=3955 fail=2515 workers=8
  [6480/10000] (65%) ok=3955 fail=2525 workers=8
  [concurrency] workers=8 | throughput=0.0 tiles/s | fail_rate=100.0% | ↓ back off (high fail rate)
  [6490/10000] (65%) ok=3955 fail=2535 workers=8
  [6500/10000] (65%) ok=3955 fail=2545 workers=8
  [concurrency] workers=8 | throughput=0.0 tiles/s | fail_rate=100.0% | ↓ back off (high fail rate)
  [6510/10000] (65%) ok=3955 fail=2555 workers=8
  [6520/10000] (65%) ok=3955 fail=2565 workers=8
  [concurrency] workers=8 | throughput=0.0 tiles/s | fail_rate=100.0% | ↓ back off (high fail rate)
  [6530/10000] (65%) ok=3955 fail=2575 workers=8
  [6540/10000] (65%) ok=3955 fail=2585 workers=8
  [concurrency] workers=8 | throughput=0.0 tiles/s | fail_rate=100.0% | ↓ back off (high fail rate)
  [6550/10000] (66%) ok=3955 fail=2595 workers=8
  [6560/10000] (66%) ok=3955 fail=2605 workers=8
  [concurrency] workers=8 | throughput=0.0 tiles/s | fail_rate=100.0% | ↓ back off (high fail rate)
  [6570/10000] (66%) ok=3955 fail=2615 workers=8
  [6580/10000] (66%) ok=3955 fail=2625 workers=8
  [concurrency] workers=8 | throughput=0.0 tiles/s | fail_rate=100.0% | ↓ back off (high fail rate)
  [6590/10000] (66%) ok=3955 fail=2635 workers=8
  [6600/10000] (66%) ok=3955 fail=2645 workers=8
  [concurrency] workers=8 | throughput=0.0 tiles/s | fail_rate=100.0% | ↓ back off (high fail rate)
  [6610/10000] (66%) ok=3955 fail=2655 workers=8
  [6620/10000] (66%) ok=3955 fail=2665 workers=8
  [concurrency] workers=8 | throughput=0.0 tiles/s | fail_rate=100.0% | ↓ back off (high fail rate)
  [6630/10000] (66%) ok=3955 fail=2675 workers=8
  [6640/10000] (66%) ok=3955 fail=2685 workers=8
  [concurrency] workers=8 | throughput=0.0 tiles/s | fail_rate=100.0% | ↓ back off (high fail rate)
  [6650/10000] (66%) ok=3955 fail=2695 workers=8
  [6660/10000] (67%) ok=3955 fail=2705 workers=8
  [concurrency] workers=8 | throughput=0.0 tiles/s | fail_rate=100.0% | ↓ back off (high fail rate)
  [6670/10000] (67%) ok=3955 fail=2715 workers=8
  [6680/10000] (67%) ok=3955 fail=2725 workers=8
  [concurrency] workers=8 | throughput=0.0 tiles/s | fail_rate=100.0% | ↓ back off (high fail rate)
  [6690/10000] (67%) ok=3955 fail=2735 workers=8
  [6700/10000] (67%) ok=3955 fail=2745 workers=8
  [concurrency] workers=8 | throughput=0.0 tiles/s | fail_rate=100.0% | ↓ back off (high fail rate)
  [6710/10000] (67%) ok=3955 fail=2755 workers=8
  [6720/10000] (67%) ok=3955 fail=2765 workers=8
  [concurrency] workers=8 | throughput=0.0 tiles/s | fail_rate=100.0% | ↓ back off (high fail rate)
  [6730/10000] (67%) ok=3955 fail=2775 workers=8
  [6740/10000] (67%) ok=3955 fail=2785 workers=8
  [concurrency] workers=8 | throughput=0.0 tiles/s | fail_rate=100.0% | ↓ back off (high fail rate)
  [6750/10000] (68%) ok=3955 fail=2795 workers=8
  [6760/10000] (68%) ok=3955 fail=2805 workers=8
  [concurrency] workers=8 | throughput=0.0 tiles/s | fail_rate=100.0% | ↓ back off (high fail rate)
  [6770/10000] (68%) ok=3955 fail=2815 workers=8
  [6780/10000] (68%) ok=3955 fail=2825 workers=8
  [concurrency] workers=8 | throughput=0.0 tiles/s | fail_rate=100.0% | ↓ back off (high fail rate)
  [6790/10000] (68%) ok=3955 fail=2835 workers=8
  [6800/10000] (68%) ok=3955 fail=2845 workers=8
  [concurrency] workers=8 | throughput=0.0 tiles/s | fail_rate=100.0% | ↓ back off (high fail rate)
  [6810/10000] (68%) ok=3955 fail=2855 workers=8
  [6820/10000] (68%) ok=3955 fail=2865 workers=8
  [concurrency] workers=8 | throughput=0.0 tiles/s | fail_rate=100.0% | ↓ back off (high fail rate)
  [6830/10000] (68%) ok=3955 fail=2875 workers=8
  [6840/10000] (68%) ok=3955 fail=2885 workers=8
  [concurrency] workers=8 | throughput=0.0 tiles/s | fail_rate=100.0% | ↓ back off (high fail rate)
  [6850/10000] (68%) ok=3955 fail=2895 workers=8
  [6860/10000] (69%) ok=3955 fail=2905 workers=8
  [concurrency] workers=8 | throughput=0.0 tiles/s | fail_rate=100.0% | ↓ back off (high fail rate)
  [6870/10000] (69%) ok=3955 fail=2915 workers=8
  [6880/10000] (69%) ok=3955 fail=2925 workers=8
  [concurrency] workers=8 | throughput=0.0 tiles/s | fail_rate=100.0% | ↓ back off (high fail rate)
  [6890/10000] (69%) ok=3955 fail=2935 workers=8
  [6900/10000] (69%) ok=3955 fail=2945 workers=8
  [concurrency] workers=8 | throughput=0.0 tiles/s | fail_rate=100.0% | ↓ back off (high fail rate)
  [6910/10000] (69%) ok=3955 fail=2955 workers=8
  [6920/10000] (69%) ok=3955 fail=2965 workers=8
  [concurrency] workers=8 | throughput=0.0 tiles/s | fail_rate=100.0% | ↓ back off (high fail rate)
  [6930/10000] (69%) ok=3955 fail=2975 workers=8
  [6940/10000] (69%) ok=3955 fail=2985 workers=8
  [concurrency] workers=8 | throughput=0.0 tiles/s | fail_rate=100.0% | ↓ back off (high fail rate)
  [6950/10000] (70%) ok=3955 fail=2995 workers=8
  [6960/10000] (70%) ok=3955 fail=3005 workers=8
  [concurrency] workers=8 | throughput=0.0 tiles/s | fail_rate=100.0% | ↓ back off (high fail rate)
  [6970/10000] (70%) ok=3955 fail=3015 workers=8
  [6980/10000] (70%) ok=3955 fail=3025 workers=8
  [concurrency] workers=8 | throughput=0.0 tiles/s | fail_rate=100.0% | ↓ back off (high fail rate)
  [6990/10000] (70%) ok=3955 fail=3035 workers=8
  [7000/10000] (70%) ok=3955 fail=3045 workers=8
  [concurrency] workers=8 | throughput=0.0 tiles/s | fail_rate=100.0% | ↓ back off (high fail rate)
  [7010/10000] (70%) ok=3955 fail=3055 workers=8
  [7020/10000] (70%) ok=3955 fail=3065 workers=8
  [concurrency] workers=8 | throughput=0.0 tiles/s | fail_rate=100.0% | ↓ back off (high fail rate)
  [7030/10000] (70%) ok=3955 fail=3075 workers=8
  [7040/10000] (70%) ok=3955 fail=3085 workers=8
  [concurrency] workers=8 | throughput=0.0 tiles/s | fail_rate=100.0% | ↓ back off (high fail rate)
  [7050/10000] (70%) ok=3955 fail=3095 workers=8
  [7060/10000] (71%) ok=3955 fail=3105 workers=8
  [concurrency] workers=8 | throughput=0.0 tiles/s | fail_rate=100.0% | ↓ back off (high fail rate)
  [7070/10000] (71%) ok=3955 fail=3115 workers=8
  [7080/10000] (71%) ok=3955 fail=3125 workers=8
  [concurrency] workers=8 | throughput=0.0 tiles/s | fail_rate=100.0% | ↓ back off (high fail rate)
  [7090/10000] (71%) ok=3955 fail=3135 workers=8
  [7100/10000] (71%) ok=3955 fail=3145 workers=8
  [concurrency] workers=8 | throughput=0.0 tiles/s | fail_rate=100.0% | ↓ back off (high fail rate)
  [7110/10000] (71%) ok=3955 fail=3155 workers=8
  [7120/10000] (71%) ok=3955 fail=3165 workers=8
  [concurrency] workers=8 | throughput=0.0 tiles/s | fail_rate=100.0% | ↓ back off (high fail rate)
  [7130/10000] (71%) ok=3955 fail=3175 workers=8
  [7140/10000] (71%) ok=3955 fail=3185 workers=8
  [concurrency] workers=8 | throughput=0.0 tiles/s | fail_rate=100.0% | ↓ back off (high fail rate)
  [7150/10000] (72%) ok=3955 fail=3195 workers=8
  [7160/10000] (72%) ok=3955 fail=3205 workers=8
  [concurrency] workers=8 | throughput=0.0 tiles/s | fail_rate=100.0% | ↓ back off (high fail rate)
  [7170/10000] (72%) ok=3955 fail=3215 workers=8
  [7180/10000] (72%) ok=3955 fail=3225 workers=8
  [concurrency] workers=8 | throughput=0.0 tiles/s | fail_rate=100.0% | ↓ back off (high fail rate)
  [7190/10000] (72%) ok=3955 fail=3235 workers=8
  [7200/10000] (72%) ok=3955 fail=3245 workers=8
  [concurrency] workers=8 | throughput=0.0 tiles/s | fail_rate=100.0% | ↓ back off (high fail rate)
  [7210/10000] (72%) ok=3955 fail=3255 workers=8
  [7220/10000] (72%) ok=3955 fail=3265 workers=8
  [concurrency] workers=8 | throughput=0.0 tiles/s | fail_rate=100.0% | ↓ back off (high fail rate)
  [7230/10000] (72%) ok=3955 fail=3275 workers=8
  [7240/10000] (72%) ok=3955 fail=3285 workers=8
  [concurrency] workers=8 | throughput=0.0 tiles/s | fail_rate=100.0% | ↓ back off (high fail rate)
  [7250/10000] (72%) ok=3955 fail=3295 workers=8
  [7260/10000] (73%) ok=3955 fail=3305 workers=8
  [concurrency] workers=8 | throughput=0.0 tiles/s | fail_rate=100.0% | ↓ back off (high fail rate)
  [7270/10000] (73%) ok=3955 fail=3315 workers=8
  [7280/10000] (73%) ok=3955 fail=3325 workers=8
  [concurrency] workers=8 | throughput=0.0 tiles/s | fail_rate=100.0% | ↓ back off (high fail rate)
  [7290/10000] (73%) ok=3955 fail=3335 workers=8
  [7300/10000] (73%) ok=3955 fail=3345 workers=8
  [concurrency] workers=8 | throughput=0.0 tiles/s | fail_rate=100.0% | ↓ back off (high fail rate)
  [7310/10000] (73%) ok=3955 fail=3355 workers=8
  [7320/10000] (73%) ok=3955 fail=3365 workers=8
  [concurrency] workers=8 | throughput=0.0 tiles/s | fail_rate=100.0% | ↓ back off (high fail rate)
  [7330/10000] (73%) ok=3955 fail=3375 workers=8
  [7340/10000] (73%) ok=3955 fail=3385 workers=8
  [concurrency] workers=8 | throughput=0.0 tiles/s | fail_rate=100.0% | ↓ back off (high fail rate)
  [7350/10000] (74%) ok=3955 fail=3395 workers=8
  [7360/10000] (74%) ok=3955 fail=3405 workers=8
  [concurrency] workers=8 | throughput=0.0 tiles/s | fail_rate=100.0% | ↓ back off (high fail rate)
  [7370/10000] (74%) ok=3955 fail=3415 workers=8
  [7380/10000] (74%) ok=3955 fail=3425 workers=8
  [concurrency] workers=8 | throughput=0.0 tiles/s | fail_rate=100.0% | ↓ back off (high fail rate)
  [7390/10000] (74%) ok=3955 fail=3435 workers=8
  [7400/10000] (74%) ok=3955 fail=3445 workers=8
  [concurrency] workers=8 | throughput=0.0 tiles/s | fail_rate=100.0% | ↓ back off (high fail rate)
  [7410/10000] (74%) ok=3955 fail=3455 workers=8
  [7420/10000] (74%) ok=3955 fail=3465 workers=8
  [concurrency] workers=8 | throughput=0.0 tiles/s | fail_rate=100.0% | ↓ back off (high fail rate)
  [7430/10000] (74%) ok=3955 fail=3475 workers=8
  [7440/10000] (74%) ok=3955 fail=3485 workers=8
  [concurrency] workers=8 | throughput=0.0 tiles/s | fail_rate=100.0% | ↓ back off (high fail rate)
  [7450/10000] (74%) ok=3955 fail=3495 workers=8
  [7460/10000] (75%) ok=3955 fail=3505 workers=8
  [concurrency] workers=8 | throughput=0.0 tiles/s | fail_rate=100.0% | ↓ back off (high fail rate)
  [7470/10000] (75%) ok=3955 fail=3515 workers=8
  [7480/10000] (75%) ok=3955 fail=3525 workers=8
  [concurrency] workers=8 | throughput=0.0 tiles/s | fail_rate=100.0% | ↓ back off (high fail rate)
  [7490/10000] (75%) ok=3955 fail=3535 workers=8
  [7500/10000] (75%) ok=3955 fail=3545 workers=8
  [concurrency] workers=8 | throughput=0.0 tiles/s | fail_rate=100.0% | ↓ back off (high fail rate)
  [7510/10000] (75%) ok=3955 fail=3555 workers=8
  [7520/10000] (75%) ok=3955 fail=3565 workers=8
  [concurrency] workers=8 | throughput=0.0 tiles/s | fail_rate=100.0% | ↓ back off (high fail rate)
  [7530/10000] (75%) ok=3955 fail=3575 workers=8
  [7540/10000] (75%) ok=3955 fail=3585 workers=8
  [concurrency] workers=8 | throughput=0.0 tiles/s | fail_rate=100.0% | ↓ back off (high fail rate)
  [7550/10000] (76%) ok=3955 fail=3595 workers=8
  [7560/10000] (76%) ok=3955 fail=3605 workers=8
  [concurrency] workers=8 | throughput=0.0 tiles/s | fail_rate=100.0% | ↓ back off (high fail rate)
  [7570/10000] (76%) ok=3955 fail=3615 workers=8
  [7580/10000] (76%) ok=3955 fail=3625 workers=8
  [concurrency] workers=8 | throughput=0.0 tiles/s | fail_rate=100.0% | ↓ back off (high fail rate)
  [7590/10000] (76%) ok=3955 fail=3635 workers=8
  [7600/10000] (76%) ok=3955 fail=3645 workers=8
  [concurrency] workers=8 | throughput=0.0 tiles/s | fail_rate=100.0% | ↓ back off (high fail rate)
  [7610/10000] (76%) ok=3955 fail=3655 workers=8
  [7620/10000] (76%) ok=3955 fail=3665 workers=8
  [concurrency] workers=8 | throughput=0.0 tiles/s | fail_rate=100.0% | ↓ back off (high fail rate)
  [7630/10000] (76%) ok=3955 fail=3675 workers=8
  [7640/10000] (76%) ok=3955 fail=3685 workers=8
  [concurrency] workers=8 | throughput=0.0 tiles/s | fail_rate=100.0% | ↓ back off (high fail rate)
  [7650/10000] (76%) ok=3955 fail=3695 workers=8
  [7660/10000] (77%) ok=3955 fail=3705 workers=8
  [concurrency] workers=8 | throughput=0.0 tiles/s | fail_rate=100.0% | ↓ back off (high fail rate)
  [7670/10000] (77%) ok=3955 fail=3715 workers=8
  [7680/10000] (77%) ok=3955 fail=3725 workers=8
  [concurrency] workers=8 | throughput=0.0 tiles/s | fail_rate=100.0% | ↓ back off (high fail rate)
  [7690/10000] (77%) ok=3955 fail=3735 workers=8
  [7700/10000] (77%) ok=3955 fail=3745 workers=8
  [concurrency] workers=8 | throughput=0.0 tiles/s | fail_rate=100.0% | ↓ back off (high fail rate)
  [7710/10000] (77%) ok=3955 fail=3755 workers=8
  [7720/10000] (77%) ok=3955 fail=3765 workers=8
  [concurrency] workers=8 | throughput=0.0 tiles/s | fail_rate=100.0% | ↓ back off (high fail rate)
  [7730/10000] (77%) ok=3955 fail=3775 workers=8
  [7740/10000] (77%) ok=3955 fail=3785 workers=8
  [concurrency] workers=8 | throughput=0.0 tiles/s | fail_rate=100.0% | ↓ back off (high fail rate)
  [7750/10000] (78%) ok=3955 fail=3795 workers=8
  [7760/10000] (78%) ok=3955 fail=3805 workers=8
  [concurrency] workers=8 | throughput=0.0 tiles/s | fail_rate=100.0% | ↓ back off (high fail rate)
  [7770/10000] (78%) ok=3955 fail=3815 workers=8
  [7780/10000] (78%) ok=3955 fail=3825 workers=8
  [concurrency] workers=8 | throughput=0.0 tiles/s | fail_rate=100.0% | ↓ back off (high fail rate)
  [7790/10000] (78%) ok=3955 fail=3835 workers=8
  [7800/10000] (78%) ok=3955 fail=3845 workers=8
  [concurrency] workers=8 | throughput=0.0 tiles/s | fail_rate=100.0% | ↓ back off (high fail rate)
  [7810/10000] (78%) ok=3955 fail=3855 workers=8
  [7820/10000] (78%) ok=3955 fail=3865 workers=8
  [concurrency] workers=8 | throughput=0.0 tiles/s | fail_rate=100.0% | ↓ back off (high fail rate)
  [7830/10000] (78%) ok=3955 fail=3875 workers=8
  [7840/10000] (78%) ok=3955 fail=3885 workers=8
  [concurrency] workers=8 | throughput=0.0 tiles/s | fail_rate=100.0% | ↓ back off (high fail rate)
  [7850/10000] (78%) ok=3955 fail=3895 workers=8
  [7860/10000] (79%) ok=3955 fail=3905 workers=8
  [concurrency] workers=8 | throughput=0.0 tiles/s | fail_rate=100.0% | ↓ back off (high fail rate)
  [7870/10000] (79%) ok=3955 fail=3915 workers=8
  [7880/10000] (79%) ok=3955 fail=3925 workers=8
  [concurrency] workers=8 | throughput=0.0 tiles/s | fail_rate=100.0% | ↓ back off (high fail rate)
  [7890/10000] (79%) ok=3955 fail=3935 workers=8
  [7900/10000] (79%) ok=3955 fail=3945 workers=8
  [concurrency] workers=8 | throughput=0.0 tiles/s | fail_rate=100.0% | ↓ back off (high fail rate)
  [7910/10000] (79%) ok=3955 fail=3955 workers=8
  [7920/10000] (79%) ok=3955 fail=3965 workers=8
  [concurrency] workers=8 | throughput=0.0 tiles/s | fail_rate=100.0% | ↓ back off (high fail rate)
  [7930/10000] (79%) ok=3955 fail=3975 workers=8
  [7940/10000] (79%) ok=3955 fail=3985 workers=8
  [concurrency] workers=8 | throughput=0.0 tiles/s | fail_rate=100.0% | ↓ back off (high fail rate)
  [7950/10000] (80%) ok=3955 fail=3995 workers=8
  [7960/10000] (80%) ok=3955 fail=4005 workers=8
  [concurrency] workers=8 | throughput=0.0 tiles/s | fail_rate=100.0% | ↓ back off (high fail rate)
  [7970/10000] (80%) ok=3955 fail=4015 workers=8
  [7980/10000] (80%) ok=3955 fail=4025 workers=8
  [concurrency] workers=8 | throughput=0.0 tiles/s | fail_rate=100.0% | ↓ back off (high fail rate)
  [7990/10000] (80%) ok=3955 fail=4035 workers=8
  [8000/10000] (80%) ok=3955 fail=4045 workers=8
  [concurrency] workers=8 | throughput=0.0 tiles/s | fail_rate=100.0% | ↓ back off (high fail rate)
  [8010/10000] (80%) ok=3955 fail=4055 workers=8
  [8020/10000] (80%) ok=3955 fail=4065 workers=8
  [concurrency] workers=8 | throughput=0.0 tiles/s | fail_rate=100.0% | ↓ back off (high fail rate)
  [8030/10000] (80%) ok=3955 fail=4075 workers=8
  [8040/10000] (80%) ok=3955 fail=4085 workers=8
  [concurrency] workers=8 | throughput=0.0 tiles/s | fail_rate=100.0% | ↓ back off (high fail rate)
  [8050/10000] (80%) ok=3955 fail=4095 workers=8
  [8060/10000] (81%) ok=3955 fail=4105 workers=8
  [concurrency] workers=8 | throughput=0.0 tiles/s | fail_rate=100.0% | ↓ back off (high fail rate)
  [8070/10000] (81%) ok=3955 fail=4115 workers=8
  [8080/10000] (81%) ok=3955 fail=4125 workers=8
  [concurrency] workers=8 | throughput=0.0 tiles/s | fail_rate=100.0% | ↓ back off (high fail rate)
  [8090/10000] (81%) ok=3955 fail=4135 workers=8
  [8100/10000] (81%) ok=3955 fail=4145 workers=8
  [concurrency] workers=8 | throughput=0.0 tiles/s | fail_rate=100.0% | ↓ back off (high fail rate)
  [8110/10000] (81%) ok=3955 fail=4155 workers=8
  [8120/10000] (81%) ok=3955 fail=4165 workers=8
  [concurrency] workers=8 | throughput=0.0 tiles/s | fail_rate=100.0% | ↓ back off (high fail rate)
  [8130/10000] (81%) ok=3955 fail=4175 workers=8
  [8140/10000] (81%) ok=3955 fail=4185 workers=8
  [concurrency] workers=8 | throughput=0.0 tiles/s | fail_rate=100.0% | ↓ back off (high fail rate)
  [8150/10000] (82%) ok=3955 fail=4195 workers=8
  [8160/10000] (82%) ok=3955 fail=4205 workers=8
  [concurrency] workers=8 | throughput=0.0 tiles/s | fail_rate=100.0% | ↓ back off (high fail rate)
  [8170/10000] (82%) ok=3955 fail=4215 workers=8
  [8180/10000] (82%) ok=3955 fail=4225 workers=8
  [concurrency] workers=8 | throughput=0.0 tiles/s | fail_rate=100.0% | ↓ back off (high fail rate)
  [8190/10000] (82%) ok=3955 fail=4235 workers=8
  [8200/10000] (82%) ok=3955 fail=4245 workers=8
  [concurrency] workers=8 | throughput=0.0 tiles/s | fail_rate=100.0% | ↓ back off (high fail rate)
  [8210/10000] (82%) ok=3955 fail=4255 workers=8
  [8220/10000] (82%) ok=3955 fail=4265 workers=8
  [concurrency] workers=8 | throughput=0.0 tiles/s | fail_rate=100.0% | ↓ back off (high fail rate)
  [8230/10000] (82%) ok=3955 fail=4275 workers=8
  [8240/10000] (82%) ok=3955 fail=4285 workers=8
  [concurrency] workers=8 | throughput=0.0 tiles/s | fail_rate=100.0% | ↓ back off (high fail rate)
  [8250/10000] (82%) ok=3955 fail=4295 workers=8
  [8260/10000] (83%) ok=3955 fail=4305 workers=8
  [concurrency] workers=8 | throughput=0.0 tiles/s | fail_rate=100.0% | ↓ back off (high fail rate)
  [8270/10000] (83%) ok=3955 fail=4315 workers=8
  [8280/10000] (83%) ok=3955 fail=4325 workers=8
  [concurrency] workers=8 | throughput=0.0 tiles/s | fail_rate=100.0% | ↓ back off (high fail rate)
  [8290/10000] (83%) ok=3955 fail=4335 workers=8
  [8300/10000] (83%) ok=3955 fail=4345 workers=8
  [concurrency] workers=8 | throughput=0.0 tiles/s | fail_rate=100.0% | ↓ back off (high fail rate)
  [8310/10000] (83%) ok=3955 fail=4355 workers=8
  [8320/10000] (83%) ok=3955 fail=4365 workers=8
  [concurrency] workers=8 | throughput=0.0 tiles/s | fail_rate=100.0% | ↓ back off (high fail rate)
  [8330/10000] (83%) ok=3955 fail=4375 workers=8
  [8340/10000] (83%) ok=3955 fail=4385 workers=8
  [concurrency] workers=8 | throughput=0.0 tiles/s | fail_rate=100.0% | ↓ back off (high fail rate)
  [8350/10000] (84%) ok=3955 fail=4395 workers=8
  [8360/10000] (84%) ok=3955 fail=4405 workers=8
  [concurrency] workers=8 | throughput=0.0 tiles/s | fail_rate=100.0% | ↓ back off (high fail rate)
  [8370/10000] (84%) ok=3955 fail=4415 workers=8
  [8380/10000] (84%) ok=3955 fail=4425 workers=8
  [concurrency] workers=8 | throughput=0.0 tiles/s | fail_rate=100.0% | ↓ back off (high fail rate)
  [8390/10000] (84%) ok=3955 fail=4435 workers=8
  [8400/10000] (84%) ok=3955 fail=4445 workers=8
  [concurrency] workers=8 | throughput=0.0 tiles/s | fail_rate=100.0% | ↓ back off (high fail rate)
  [8410/10000] (84%) ok=3955 fail=4455 workers=8
  [8420/10000] (84%) ok=3955 fail=4465 workers=8
  [concurrency] workers=8 | throughput=0.0 tiles/s | fail_rate=100.0% | ↓ back off (high fail rate)
  [8430/10000] (84%) ok=3955 fail=4475 workers=8
  [8440/10000] (84%) ok=3955 fail=4485 workers=8
  [concurrency] workers=8 | throughput=0.0 tiles/s | fail_rate=100.0% | ↓ back off (high fail rate)
  [8450/10000] (84%) ok=3955 fail=4495 workers=8
  [8460/10000] (85%) ok=3955 fail=4505 workers=8
  [concurrency] workers=8 | throughput=0.0 tiles/s | fail_rate=100.0% | ↓ back off (high fail rate)
  [8470/10000] (85%) ok=3955 fail=4515 workers=8
  [8480/10000] (85%) ok=3955 fail=4525 workers=8
  [concurrency] workers=8 | throughput=0.0 tiles/s | fail_rate=100.0% | ↓ back off (high fail rate)
  [8490/10000] (85%) ok=3955 fail=4535 workers=8
  [8500/10000] (85%) ok=3955 fail=4545 workers=8
  [concurrency] workers=8 | throughput=0.0 tiles/s | fail_rate=100.0% | ↓ back off (high fail rate)
  [8510/10000] (85%) ok=3955 fail=4555 workers=8
  [8520/10000] (85%) ok=3955 fail=4565 workers=8
  [concurrency] workers=8 | throughput=0.0 tiles/s | fail_rate=100.0% | ↓ back off (high fail rate)
  [8530/10000] (85%) ok=3955 fail=4575 workers=8
  [8540/10000] (85%) ok=3955 fail=4585 workers=8
  [concurrency] workers=8 | throughput=0.0 tiles/s | fail_rate=100.0% | ↓ back off (high fail rate)
  [8550/10000] (86%) ok=3955 fail=4595 workers=8
  [8560/10000] (86%) ok=3955 fail=4605 workers=8
  [concurrency] workers=8 | throughput=0.0 tiles/s | fail_rate=100.0% | ↓ back off (high fail rate)
  [8570/10000] (86%) ok=3955 fail=4615 workers=8
  [8580/10000] (86%) ok=3955 fail=4625 workers=8
  [concurrency] workers=8 | throughput=0.0 tiles/s | fail_rate=100.0% | ↓ back off (high fail rate)
  [8590/10000] (86%) ok=3955 fail=4635 workers=8
  [8600/10000] (86%) ok=3955 fail=4645 workers=8
  [concurrency] workers=8 | throughput=0.0 tiles/s | fail_rate=100.0% | ↓ back off (high fail rate)
  [8610/10000] (86%) ok=3955 fail=4655 workers=8
  [8620/10000] (86%) ok=3955 fail=4665 workers=8
  [concurrency] workers=8 | throughput=0.0 tiles/s | fail_rate=100.0% | ↓ back off (high fail rate)
  [8630/10000] (86%) ok=3955 fail=4675 workers=8
  [8640/10000] (86%) ok=3955 fail=4685 workers=8
  [concurrency] workers=8 | throughput=0.0 tiles/s | fail_rate=100.0% | ↓ back off (high fail rate)
  [8650/10000] (86%) ok=3955 fail=4695 workers=8
  [8660/10000] (87%) ok=3955 fail=4705 workers=8
  [concurrency] workers=8 | throughput=0.0 tiles/s | fail_rate=100.0% | ↓ back off (high fail rate)
  [8670/10000] (87%) ok=3955 fail=4715 workers=8
  [8680/10000] (87%) ok=3955 fail=4725 workers=8
  [concurrency] workers=8 | throughput=0.0 tiles/s | fail_rate=100.0% | ↓ back off (high fail rate)
  [8690/10000] (87%) ok=3955 fail=4735 workers=8
  [8700/10000] (87%) ok=3955 fail=4745 workers=8
  [concurrency] workers=8 | throughput=0.0 tiles/s | fail_rate=100.0% | ↓ back off (high fail rate)
  [8710/10000] (87%) ok=3955 fail=4755 workers=8
  [8720/10000] (87%) ok=3955 fail=4765 workers=8
  [concurrency] workers=8 | throughput=0.0 tiles/s | fail_rate=100.0% | ↓ back off (high fail rate)
  [8730/10000] (87%) ok=3955 fail=4775 workers=8
  [8740/10000] (87%) ok=3955 fail=4785 workers=8
  [concurrency] workers=8 | throughput=0.0 tiles/s | fail_rate=100.0% | ↓ back off (high fail rate)
  [8750/10000] (88%) ok=3955 fail=4795 workers=8
  [8760/10000] (88%) ok=3955 fail=4805 workers=8
  [concurrency] workers=8 | throughput=0.0 tiles/s | fail_rate=100.0% | ↓ back off (high fail rate)
  [8770/10000] (88%) ok=3955 fail=4815 workers=8
  [8780/10000] (88%) ok=3955 fail=4825 workers=8
  [concurrency] workers=8 | throughput=0.0 tiles/s | fail_rate=100.0% | ↓ back off (high fail rate)
  [8790/10000] (88%) ok=3955 fail=4835 workers=8
  [8800/10000] (88%) ok=3955 fail=4845 workers=8
  [concurrency] workers=8 | throughput=0.0 tiles/s | fail_rate=100.0% | ↓ back off (high fail rate)
  [8810/10000] (88%) ok=3955 fail=4855 workers=8
  [8820/10000] (88%) ok=3955 fail=4865 workers=8
  [concurrency] workers=8 | throughput=0.0 tiles/s | fail_rate=100.0% | ↓ back off (high fail rate)
  [8830/10000] (88%) ok=3955 fail=4875 workers=8
  [8840/10000] (88%) ok=3955 fail=4885 workers=8
  [concurrency] workers=8 | throughput=0.0 tiles/s | fail_rate=100.0% | ↓ back off (high fail rate)
  [8850/10000] (88%) ok=3955 fail=4895 workers=8
  [8860/10000] (89%) ok=3955 fail=4905 workers=8
  [concurrency] workers=8 | throughput=0.0 tiles/s | fail_rate=100.0% | ↓ back off (high fail rate)
  [8870/10000] (89%) ok=3955 fail=4915 workers=8
  [8880/10000] (89%) ok=3955 fail=4925 workers=8
  [concurrency] workers=8 | throughput=0.0 tiles/s | fail_rate=100.0% | ↓ back off (high fail rate)
  [8890/10000] (89%) ok=3955 fail=4935 workers=8
  [8900/10000] (89%) ok=3955 fail=4945 workers=8
  [concurrency] workers=8 | throughput=0.0 tiles/s | fail_rate=100.0% | ↓ back off (high fail rate)
  [8910/10000] (89%) ok=3955 fail=4955 workers=8
  [8920/10000] (89%) ok=3955 fail=4965 workers=8
  [concurrency] workers=8 | throughput=0.0 tiles/s | fail_rate=100.0% | ↓ back off (high fail rate)
  [8930/10000] (89%) ok=3955 fail=4975 workers=8
  [8940/10000] (89%) ok=3955 fail=4985 workers=8
  [concurrency] workers=8 | throughput=0.0 tiles/s | fail_rate=100.0% | ↓ back off (high fail rate)
  [8950/10000] (90%) ok=3955 fail=4995 workers=8
  [8960/10000] (90%) ok=3955 fail=5005 workers=8
  [concurrency] workers=8 | throughput=0.0 tiles/s | fail_rate=100.0% | ↓ back off (high fail rate)
  [8970/10000] (90%) ok=3955 fail=5015 workers=8
  [8980/10000] (90%) ok=3955 fail=5025 workers=8
  [concurrency] workers=8 | throughput=0.0 tiles/s | fail_rate=100.0% | ↓ back off (high fail rate)
  [8990/10000] (90%) ok=3955 fail=5035 workers=8
  [9000/10000] (90%) ok=3955 fail=5045 workers=8
  [concurrency] workers=8 | throughput=0.0 tiles/s | fail_rate=100.0% | ↓ back off (high fail rate)
  [9010/10000] (90%) ok=3955 fail=5055 workers=8
  [9020/10000] (90%) ok=3956 fail=5064 workers=8
  [concurrency] workers=8 | throughput=0.0 tiles/s | fail_rate=95.0% | ↓ back off (high fail rate)
  [9030/10000] (90%) ok=3956 fail=5074 workers=8
  [9040/10000] (90%) ok=3956 fail=5084 workers=8
  [concurrency] workers=8 | throughput=0.0 tiles/s | fail_rate=100.0% | ↓ back off (high fail rate)
  [9050/10000] (90%) ok=3956 fail=5094 workers=8
  [9060/10000] (91%) ok=3956 fail=5104 workers=8
  [concurrency] workers=8 | throughput=0.0 tiles/s | fail_rate=100.0% | ↓ back off (high fail rate)
  [9070/10000] (91%) ok=3956 fail=5114 workers=8
  [9080/10000] (91%) ok=3956 fail=5124 workers=8
  [concurrency] workers=8 | throughput=0.0 tiles/s | fail_rate=100.0% | ↓ back off (high fail rate)
  [9090/10000] (91%) ok=3956 fail=5134 workers=8
  [9100/10000] (91%) ok=3956 fail=5144 workers=8
  [concurrency] workers=8 | throughput=0.0 tiles/s | fail_rate=100.0% | ↓ back off (high fail rate)
  [9110/10000] (91%) ok=3956 fail=5154 workers=8
  [9120/10000] (91%) ok=3956 fail=5164 workers=8
  [concurrency] workers=8 | throughput=0.0 tiles/s | fail_rate=100.0% | ↓ back off (high fail rate)
  [9130/10000] (91%) ok=3956 fail=5174 workers=8
  [9140/10000] (91%) ok=3956 fail=5184 workers=8
  [concurrency] workers=8 | throughput=0.0 tiles/s | fail_rate=100.0% | ↓ back off (high fail rate)
  [9150/10000] (92%) ok=3957 fail=5193 workers=8
  [9160/10000] (92%) ok=3957 fail=5203 workers=8
  [concurrency] workers=8 | throughput=1.9 tiles/s | fail_rate=95.0% | ↓ back off (high fail rate)
  [9170/10000] (92%) ok=3957 fail=5213 workers=8
  [9180/10000] (92%) ok=3957 fail=5223 workers=8
  [concurrency] workers=8 | throughput=0.0 tiles/s | fail_rate=100.0% | ↓ back off (high fail rate)
  [9190/10000] (92%) ok=3957 fail=5233 workers=8
  [9200/10000] (92%) ok=3957 fail=5243 workers=8
  [concurrency] workers=8 | throughput=0.0 tiles/s | fail_rate=100.0% | ↓ back off (high fail rate)
  [9210/10000] (92%) ok=3957 fail=5253 workers=8
  [9220/10000] (92%) ok=3957 fail=5263 workers=8
  [concurrency] workers=8 | throughput=0.0 tiles/s | fail_rate=100.0% | ↓ back off (high fail rate)
  [9230/10000] (92%) ok=3957 fail=5273 workers=8
  [9240/10000] (92%) ok=3957 fail=5283 workers=8
  [concurrency] workers=8 | throughput=0.0 tiles/s | fail_rate=100.0% | ↓ back off (high fail rate)
  [9250/10000] (92%) ok=3957 fail=5293 workers=8
  [9260/10000] (93%) ok=3957 fail=5303 workers=8
  [concurrency] workers=8 | throughput=0.0 tiles/s | fail_rate=100.0% | ↓ back off (high fail rate)
  [9270/10000] (93%) ok=3957 fail=5313 workers=8
  [9280/10000] (93%) ok=3957 fail=5323 workers=8
  [concurrency] workers=8 | throughput=0.0 tiles/s | fail_rate=100.0% | ↓ back off (high fail rate)
  [9290/10000] (93%) ok=3957 fail=5333 workers=8
  [9300/10000] (93%) ok=3957 fail=5343 workers=8
  [concurrency] workers=8 | throughput=0.0 tiles/s | fail_rate=100.0% | ↓ back off (high fail rate)
  [9310/10000] (93%) ok=3957 fail=5353 workers=8
  [9320/10000] (93%) ok=3957 fail=5363 workers=8
  [concurrency] workers=8 | throughput=0.0 tiles/s | fail_rate=100.0% | ↓ back off (high fail rate)
  [9330/10000] (93%) ok=3957 fail=5373 workers=8
  [9340/10000] (93%) ok=3957 fail=5383 workers=8
  [concurrency] workers=8 | throughput=0.0 tiles/s | fail_rate=100.0% | ↓ back off (high fail rate)
  [9350/10000] (94%) ok=3957 fail=5393 workers=8
  [9360/10000] (94%) ok=3957 fail=5403 workers=8
  [concurrency] workers=8 | throughput=0.0 tiles/s | fail_rate=100.0% | ↓ back off (high fail rate)
  [9370/10000] (94%) ok=3957 fail=5413 workers=8
  [9380/10000] (94%) ok=3957 fail=5423 workers=8
  [concurrency] workers=8 | throughput=0.0 tiles/s | fail_rate=100.0% | ↓ back off (high fail rate)
  [9390/10000] (94%) ok=3957 fail=5433 workers=8
  [9400/10000] (94%) ok=3957 fail=5443 workers=8
  [concurrency] workers=8 | throughput=0.0 tiles/s | fail_rate=100.0% | ↓ back off (high fail rate)
  [9410/10000] (94%) ok=3957 fail=5453 workers=8
  [9420/10000] (94%) ok=3957 fail=5463 workers=8
  [concurrency] workers=8 | throughput=0.0 tiles/s | fail_rate=100.0% | ↓ back off (high fail rate)
  [9430/10000] (94%) ok=3957 fail=5473 workers=8
  [9440/10000] (94%) ok=3957 fail=5483 workers=8
  [concurrency] workers=8 | throughput=0.0 tiles/s | fail_rate=100.0% | ↓ back off (high fail rate)
  [9450/10000] (94%) ok=3957 fail=5493 workers=8
  [9460/10000] (95%) ok=3957 fail=5503 workers=8
  [concurrency] workers=8 | throughput=0.0 tiles/s | fail_rate=100.0% | ↓ back off (high fail rate)
  [9470/10000] (95%) ok=3957 fail=5513 workers=8
  [9480/10000] (95%) ok=3957 fail=5523 workers=8
  [concurrency] workers=8 | throughput=0.0 tiles/s | fail_rate=100.0% | ↓ back off (high fail rate)
  [9490/10000] (95%) ok=3957 fail=5533 workers=8
  [9500/10000] (95%) ok=3957 fail=5543 workers=8
  [concurrency] workers=8 | throughput=0.0 tiles/s | fail_rate=100.0% | ↓ back off (high fail rate)
  [9510/10000] (95%) ok=3957 fail=5553 workers=8
  [9520/10000] (95%) ok=3957 fail=5563 workers=8
  [concurrency] workers=8 | throughput=0.0 tiles/s | fail_rate=100.0% | ↓ back off (high fail rate)
  [9530/10000] (95%) ok=3957 fail=5573 workers=8
  [9540/10000] (95%) ok=3957 fail=5583 workers=8
  [concurrency] workers=8 | throughput=0.0 tiles/s | fail_rate=100.0% | ↓ back off (high fail rate)
  [9550/10000] (96%) ok=3957 fail=5593 workers=8
  [9560/10000] (96%) ok=3957 fail=5603 workers=8
  [concurrency] workers=8 | throughput=0.0 tiles/s | fail_rate=100.0% | ↓ back off (high fail rate)
  [9570/10000] (96%) ok=3957 fail=5613 workers=8
  [9580/10000] (96%) ok=3957 fail=5623 workers=8
  [concurrency] workers=8 | throughput=0.0 tiles/s | fail_rate=100.0% | ↓ back off (high fail rate)
  [9590/10000] (96%) ok=3957 fail=5633 workers=8
  [9600/10000] (96%) ok=3957 fail=5643 workers=8
  [concurrency] workers=8 | throughput=0.0 tiles/s | fail_rate=100.0% | ↓ back off (high fail rate)
  [9610/10000] (96%) ok=3957 fail=5653 workers=8
  [9620/10000] (96%) ok=3957 fail=5663 workers=8
  [concurrency] workers=8 | throughput=0.0 tiles/s | fail_rate=100.0% | ↓ back off (high fail rate)
  [9630/10000] (96%) ok=3957 fail=5673 workers=8
  [9640/10000] (96%) ok=3957 fail=5683 workers=8
  [concurrency] workers=8 | throughput=0.0 tiles/s | fail_rate=100.0% | ↓ back off (high fail rate)
  [9650/10000] (96%) ok=3957 fail=5693 workers=8
  [9660/10000] (97%) ok=3957 fail=5703 workers=8
  [concurrency] workers=8 | throughput=0.0 tiles/s | fail_rate=100.0% | ↓ back off (high fail rate)
  [9670/10000] (97%) ok=3957 fail=5713 workers=8
  [9680/10000] (97%) ok=3957 fail=5723 workers=8
  [concurrency] workers=8 | throughput=0.0 tiles/s | fail_rate=100.0% | ↓ back off (high fail rate)
  [9690/10000] (97%) ok=3957 fail=5733 workers=8
  [9700/10000] (97%) ok=3957 fail=5743 workers=8
  [concurrency] workers=8 | throughput=0.0 tiles/s | fail_rate=100.0% | ↓ back off (high fail rate)
  [9710/10000] (97%) ok=3957 fail=5753 workers=8
  [9720/10000] (97%) ok=3957 fail=5763 workers=8
  [concurrency] workers=8 | throughput=0.0 tiles/s | fail_rate=100.0% | ↓ back off (high fail rate)
  [9730/10000] (97%) ok=3957 fail=5773 workers=8
  [9740/10000] (97%) ok=3957 fail=5783 workers=8
  [concurrency] workers=8 | throughput=0.0 tiles/s | fail_rate=100.0% | ↓ back off (high fail rate)
  [9750/10000] (98%) ok=3957 fail=5793 workers=8
  [9760/10000] (98%) ok=3957 fail=5803 workers=8
  [concurrency] workers=8 | throughput=0.0 tiles/s | fail_rate=100.0% | ↓ back off (high fail rate)
  [9770/10000] (98%) ok=3957 fail=5813 workers=8
  [9780/10000] (98%) ok=3957 fail=5823 workers=8
  [concurrency] workers=8 | throughput=0.0 tiles/s | fail_rate=100.0% | ↓ back off (high fail rate)
  [9790/10000] (98%) ok=3957 fail=5833 workers=8
  [9800/10000] (98%) ok=3957 fail=5843 workers=8
  [concurrency] workers=8 | throughput=0.0 tiles/s | fail_rate=100.0% | ↓ back off (high fail rate)
  [9810/10000] (98%) ok=3957 fail=5853 workers=8
  [9820/10000] (98%) ok=3957 fail=5863 workers=8
  [concurrency] workers=8 | throughput=0.0 tiles/s | fail_rate=100.0% | ↓ back off (high fail rate)
  [9830/10000] (98%) ok=3957 fail=5873 workers=8
  [9840/10000] (98%) ok=3957 fail=5883 workers=8
  [concurrency] workers=8 | throughput=0.0 tiles/s | fail_rate=100.0% | ↓ back off (high fail rate)
  [9850/10000] (98%) ok=3957 fail=5893 workers=8
  [9860/10000] (99%) ok=3957 fail=5903 workers=8
  [concurrency] workers=8 | throughput=0.0 tiles/s | fail_rate=100.0% | ↓ back off (high fail rate)
  [9870/10000] (99%) ok=3957 fail=5913 workers=8
  [9880/10000] (99%) ok=3957 fail=5923 workers=8
  [concurrency] workers=8 | throughput=0.0 tiles/s | fail_rate=100.0% | ↓ back off (high fail rate)
  [9890/10000] (99%) ok=3957 fail=5933 workers=8
  [9900/10000] (99%) ok=3957 fail=5943 workers=8
  [concurrency] workers=8 | throughput=0.0 tiles/s | fail_rate=100.0% | ↓ back off (high fail rate)
  [9910/10000] (99%) ok=3957 fail=5953 workers=8
  [9920/10000] (99%) ok=3957 fail=5963 workers=8
  [concurrency] workers=8 | throughput=0.0 tiles/s | fail_rate=100.0% | ↓ back off (high fail rate)
  [9930/10000] (99%) ok=3957 fail=5973 workers=8
  [9940/10000] (99%) ok=3957 fail=5983 workers=8
  [concurrency] workers=8 | throughput=0.0 tiles/s | fail_rate=100.0% | ↓ back off (high fail rate)
  [9950/10000] (100%) ok=3957 fail=5993 workers=8
  [9960/10000] (100%) ok=3957 fail=6003 workers=8
  [concurrency] workers=8 | throughput=0.0 tiles/s | fail_rate=100.0% | ↓ back off (high fail rate)
  [9970/10000] (100%) ok=3957 fail=6013 workers=8
  [9980/10000] (100%) ok=3957 fail=6023 workers=8
  [concurrency] workers=8 | throughput=0.0 tiles/s | fail_rate=100.0% | ↓ back off (high fail rate)
